corpus,experiment,condition,class,fold,metric,value
sep28k,clean_baseline,clean,Block,0,f1,0.6333789329685362
sep28k,clean_mlp_baseline,clean,Block,0,f1,0.6253602305475504
sep28k,clean_majority_vote,clean,Block,0,f1,0.3294367693942614
sep28k,clean_baseline,clean,Block,0,precision,0.6165113182423435
sep28k,clean_mlp_baseline,clean,Block,0,precision,0.6410635155096012
sep28k,clean_majority_vote,clean,Block,0,precision,0.20639147802929428
sep28k,clean_baseline,clean,Block,0,recall,0.6511954992967651
sep28k,clean_mlp_baseline,clean,Block,0,recall,0.6104078762306611
sep28k,clean_majority_vote,clean,Block,0,recall,0.8157894736842105
sep28k,clean_baseline,clean,Block,0,auc,0.7219461491364212
sep28k,clean_mlp_baseline,clean,Block,0,auc,0.7366009628543269
sep28k,clean_majority_vote,clean,Block,0,auc,0.7612989921612541
sep28k,clean_baseline,clean,Block,0,pr_auc,0.6821854181778835
sep28k,clean_mlp_baseline,clean,Block,0,pr_auc,0.6907823309040937
sep28k,clean_majority_vote,clean,Block,0,pr_auc,0.29317471855472654
sep28k,clean_baseline,clean,Block,0,ece,0.04966962632052019
sep28k,clean_mlp_baseline,clean,Block,0,ece,0.03377443206962199
sep28k,clean_majority_vote,clean,Block,0,ece,0.36906791934592
sep28k,clean_baseline,clean,Block,0,brier,0.21235240967892927
sep28k,clean_mlp_baseline,clean,Block,0,brier,0.2055051028728485
sep28k,clean_majority_vote,clean,Block,0,brier,0.24649149950964933
sep28k,clean_baseline,clean,Prolongation,0,f1,0.5948275862068966
sep28k,clean_mlp_baseline,clean,Prolongation,0,f1,0.5652642934196332
sep28k,clean_majority_vote,clean,Prolongation,0,f1,0.3656998738965952
sep28k,clean_baseline,clean,Prolongation,0,precision,0.5573505654281099
sep28k,clean_mlp_baseline,clean,Prolongation,0,precision,0.6787564766839378
sep28k,clean_majority_vote,clean,Prolongation,0,precision,0.23424878836833601
sep28k,clean_baseline,clean,Prolongation,0,recall,0.6377079482439926
sep28k,clean_mlp_baseline,clean,Prolongation,0,recall,0.48428835489833644
sep28k,clean_majority_vote,clean,Prolongation,0,recall,0.8333333333333334
sep28k,clean_baseline,clean,Prolongation,0,auc,0.7696410836435866
sep28k,clean_mlp_baseline,clean,Prolongation,0,auc,0.7789670092979984
sep28k,clean_majority_vote,clean,Prolongation,0,auc,0.8316486917831407
sep28k,clean_baseline,clean,Prolongation,0,pr_auc,0.6607514915382717
sep28k,clean_mlp_baseline,clean,Prolongation,0,pr_auc,0.6681719267170108
sep28k,clean_majority_vote,clean,Prolongation,0,pr_auc,0.4295707203763258
sep28k,clean_baseline,clean,Prolongation,0,ece,0.11155461585871738
sep28k,clean_mlp_baseline,clean,Prolongation,0,ece,0.03110175110399724
sep28k,clean_majority_vote,clean,Prolongation,0,ece,0.3409296158587174
sep28k,clean_baseline,clean,Prolongation,0,brier,0.1903235685576897
sep28k,clean_mlp_baseline,clean,Prolongation,0,brier,0.17306667566299438
sep28k,clean_majority_vote,clean,Prolongation,0,brier,0.21384796405137102
sep28k,clean_baseline,clean,SoundRep,0,f1,0.6240837696335079
sep28k,clean_mlp_baseline,clean,SoundRep,0,f1,0.6063348416289592
sep28k,clean_majority_vote,clean,SoundRep,0,f1,0.4408284023668639
sep28k,clean_baseline,clean,SoundRep,0,precision,0.5877712031558185
sep28k,clean_mlp_baseline,clean,SoundRep,0,precision,0.6146788990825688
sep28k,clean_majority_vote,clean,SoundRep,0,precision,0.2938856015779093
sep28k,clean_baseline,clean,SoundRep,0,recall,0.6651785714285714
sep28k,clean_mlp_baseline,clean,SoundRep,0,recall,0.5982142857142857
sep28k,clean_majority_vote,clean,SoundRep,0,recall,0.8816568047337278
sep28k,clean_baseline,clean,SoundRep,0,auc,0.8212716238839286
sep28k,clean_mlp_baseline,clean,SoundRep,0,auc,0.821106925843254
sep28k,clean_majority_vote,clean,SoundRep,0,auc,0.8843528132352516
sep28k,clean_baseline,clean,SoundRep,0,pr_auc,0.6679067646860986
sep28k,clean_mlp_baseline,clean,SoundRep,0,pr_auc,0.6801940116793348
sep28k,clean_majority_vote,clean,SoundRep,0,pr_auc,0.5276941511984107
sep28k,clean_baseline,clean,SoundRep,0,ece,0.11199468659359726
sep28k,clean_mlp_baseline,clean,SoundRep,0,ece,0.07268827956635504
sep28k,clean_majority_vote,clean,SoundRep,0,ece,0.2863696865935973
sep28k,clean_baseline,clean,SoundRep,0,brier,0.15990703734998257
sep28k,clean_mlp_baseline,clean,SoundRep,0,brier,0.15202175080776215
sep28k,clean_majority_vote,clean,SoundRep,0,brier,0.17684615044796714
sep28k,clean_baseline,clean,WordRep,0,f1,0.6147859922178989
sep28k,clean_mlp_baseline,clean,WordRep,0,f1,0.6177474402730375
sep28k,clean_majority_vote,clean,WordRep,0,f1,0.534375
sep28k,clean_baseline,clean,WordRep,0,precision,0.5435779816513762
sep28k,clean_mlp_baseline,clean,WordRep,0,precision,0.7211155378486056
sep28k,clean_majority_vote,clean,WordRep,0,precision,0.3922018348623853
sep28k,clean_baseline,clean,WordRep,0,recall,0.7074626865671642
sep28k,clean_mlp_baseline,clean,WordRep,0,recall,0.5402985074626866
sep28k,clean_majority_vote,clean,WordRep,0,recall,0.8382352941176471
sep28k,clean_baseline,clean,WordRep,0,auc,0.8611621733231078
sep28k,clean_mlp_baseline,clean,WordRep,0,auc,0.8634393251135626
sep28k,clean_majority_vote,clean,WordRep,0,auc,0.9114100511264678
sep28k,clean_baseline,clean,WordRep,0,pr_auc,0.6590377269673714
sep28k,clean_mlp_baseline,clean,WordRep,0,pr_auc,0.6758321855102206
sep28k,clean_majority_vote,clean,WordRep,0,pr_auc,0.5850495935617425
sep28k,clean_baseline,clean,WordRep,0,ece,0.14829359692898061
sep28k,clean_mlp_baseline,clean,WordRep,0,ece,0.02114090912975371
sep28k,clean_majority_vote,clean,WordRep,0,ece,0.23016859692898062
sep28k,clean_baseline,clean,WordRep,0,brier,0.1341362959610197
sep28k,clean_mlp_baseline,clean,WordRep,0,brier,0.10657117515802383
sep28k,clean_majority_vote,clean,WordRep,0,brier,0.13639020524285103
sep28k,clean_baseline,clean,Interjection,0,f1,0.7247141600703606
sep28k,clean_mlp_baseline,clean,Interjection,0,f1,0.7045009784735812
sep28k,clean_majority_vote,clean,Interjection,0,f1,0.6974697469746974
sep28k,clean_baseline,clean,Interjection,0,precision,0.7463768115942029
sep28k,clean_mlp_baseline,clean,Interjection,0,precision,0.8237986270022883
sep28k,clean_majority_vote,clean,Interjection,0,precision,0.5742753623188406
sep28k,clean_baseline,clean,Interjection,0,recall,0.7042735042735043
sep28k,clean_mlp_baseline,clean,Interjection,0,recall,0.6153846153846154
sep28k,clean_majority_vote,clean,Interjection,0,recall,0.8879551820728291
sep28k,clean_baseline,clean,Interjection,0,auc,0.848328070397036
sep28k,clean_mlp_baseline,clean,Interjection,0,auc,0.846926866237211
sep28k,clean_majority_vote,clean,Interjection,0,auc,0.9305871986767354
sep28k,clean_baseline,clean,Interjection,0,pr_auc,0.8232686107675381
sep28k,clean_mlp_baseline,clean,Interjection,0,pr_auc,0.8272907541710679
sep28k,clean_majority_vote,clean,Interjection,0,pr_auc,0.8353243180106563
sep28k,clean_baseline,clean,Interjection,0,ece,0.07217925706864026
sep28k,clean_mlp_baseline,clean,Interjection,0,ece,0.045892864330671704
sep28k,clean_majority_vote,clean,Interjection,0,ece,0.20285982493272872
sep28k,clean_baseline,clean,Interjection,0,brier,0.1441490182261778
sep28k,clean_mlp_baseline,clean,Interjection,0,brier,0.13852794468402863
sep28k,clean_majority_vote,clean,Interjection,0,brier,0.1314504622929042
sep28k,deployment_fixed,clean,Block,0,f1,0.6333789329685362
sep28k,deployment_clean_val,clean,Block,0,f1,0.6512096774193549
sep28k,deployment_deg_val,clean,Block,0,f1,0.6512096774193549
sep28k,matched_retraining,clean,Block,0,f1,0.6333789329685362
sep28k,majority_vote_fixed,clean,Block,0,f1,0.3294367693942614
sep28k,deployment_fixed,clean,Block,0,precision,0.6165113182423435
sep28k,deployment_clean_val,clean,Block,0,precision,0.5074626865671642
sep28k,deployment_deg_val,clean,Block,0,precision,0.5074626865671642
sep28k,matched_retraining,clean,Block,0,precision,0.6165113182423435
sep28k,majority_vote_fixed,clean,Block,0,precision,0.20639147802929428
sep28k,deployment_fixed,clean,Block,0,recall,0.6511954992967651
sep28k,deployment_clean_val,clean,Block,0,recall,0.9085794655414908
sep28k,deployment_deg_val,clean,Block,0,recall,0.9085794655414908
sep28k,matched_retraining,clean,Block,0,recall,0.6511954992967651
sep28k,majority_vote_fixed,clean,Block,0,recall,0.8157894736842105
sep28k,deployment_fixed,clean,Block,0,auc,0.7219461491364212
sep28k,deployment_clean_val,clean,Block,0,auc,0.7219461491364212
sep28k,deployment_deg_val,clean,Block,0,auc,0.7219461491364212
sep28k,matched_retraining,clean,Block,0,auc,0.7219461491364212
sep28k,majority_vote_fixed,clean,Block,0,auc,0.7612989921612541
sep28k,deployment_fixed,clean,Block,0,pr_auc,0.6821854181778835
sep28k,deployment_clean_val,clean,Block,0,pr_auc,0.6821854181778835
sep28k,deployment_deg_val,clean,Block,0,pr_auc,0.6821854181778835
sep28k,matched_retraining,clean,Block,0,pr_auc,0.6821854181778835
sep28k,majority_vote_fixed,clean,Block,0,pr_auc,0.29317471855472654
sep28k,deployment_fixed,clean,Block,0,ece,0.04966962632052019
sep28k,deployment_clean_val,clean,Block,0,ece,0.04966962632052019
sep28k,deployment_deg_val,clean,Block,0,ece,0.04966962632052019
sep28k,matched_retraining,clean,Block,0,ece,0.04966962632052019
sep28k,majority_vote_fixed,clean,Block,0,ece,0.36906791934592
sep28k,deployment_fixed,clean,Block,0,brier,0.21235240967892927
sep28k,deployment_clean_val,clean,Block,0,brier,0.21235240967892927
sep28k,deployment_deg_val,clean,Block,0,brier,0.21235240967892927
sep28k,matched_retraining,clean,Block,0,brier,0.21235240967892927
sep28k,majority_vote_fixed,clean,Block,0,brier,0.24649149950964933
sep28k,deployment_fixed,clean,Prolongation,0,f1,0.5948275862068966
sep28k,deployment_clean_val,clean,Prolongation,0,f1,0.6139468008626887
sep28k,deployment_deg_val,clean,Prolongation,0,f1,0.6139468008626887
sep28k,matched_retraining,clean,Prolongation,0,f1,0.5948275862068966
sep28k,majority_vote_fixed,clean,Prolongation,0,f1,0.3656998738965952
sep28k,deployment_fixed,clean,Prolongation,0,precision,0.5573505654281099
sep28k,deployment_clean_val,clean,Prolongation,0,precision,0.5023529411764706
sep28k,deployment_deg_val,clean,Prolongation,0,precision,0.5023529411764706
sep28k,matched_retraining,clean,Prolongation,0,precision,0.5573505654281099
sep28k,majority_vote_fixed,clean,Prolongation,0,precision,0.23424878836833601
sep28k,deployment_fixed,clean,Prolongation,0,recall,0.6377079482439926
sep28k,deployment_clean_val,clean,Prolongation,0,recall,0.789279112754159
sep28k,deployment_deg_val,clean,Prolongation,0,recall,0.789279112754159
sep28k,matched_retraining,clean,Prolongation,0,recall,0.6377079482439926
sep28k,majority_vote_fixed,clean,Prolongation,0,recall,0.8333333333333334
sep28k,deployment_fixed,clean,Prolongation,0,auc,0.7696410836435866
sep28k,deployment_clean_val,clean,Prolongation,0,auc,0.7696410836435866
sep28k,deployment_deg_val,clean,Prolongation,0,auc,0.7696410836435866
sep28k,matched_retraining,clean,Prolongation,0,auc,0.7696410836435866
sep28k,majority_vote_fixed,clean,Prolongation,0,auc,0.8316486917831407
sep28k,deployment_fixed,clean,Prolongation,0,pr_auc,0.6607514915382717
sep28k,deployment_clean_val,clean,Prolongation,0,pr_auc,0.6607514915382717
sep28k,deployment_deg_val,clean,Prolongation,0,pr_auc,0.6607514915382717
sep28k,matched_retraining,clean,Prolongation,0,pr_auc,0.6607514915382717
sep28k,majority_vote_fixed,clean,Prolongation,0,pr_auc,0.4295707203763258
sep28k,deployment_fixed,clean,Prolongation,0,ece,0.11155461585871738
sep28k,deployment_clean_val,clean,Prolongation,0,ece,0.11155461585871738
sep28k,deployment_deg_val,clean,Prolongation,0,ece,0.11155461585871738
sep28k,matched_retraining,clean,Prolongation,0,ece,0.11155461585871738
sep28k,majority_vote_fixed,clean,Prolongation,0,ece,0.3409296158587174
sep28k,deployment_fixed,clean,Prolongation,0,brier,0.1903235685576897
sep28k,deployment_clean_val,clean,Prolongation,0,brier,0.1903235685576897
sep28k,deployment_deg_val,clean,Prolongation,0,brier,0.1903235685576897
sep28k,matched_retraining,clean,Prolongation,0,brier,0.1903235685576897
sep28k,majority_vote_fixed,clean,Prolongation,0,brier,0.21384796405137102
sep28k,deployment_fixed,clean,SoundRep,0,f1,0.6240837696335079
sep28k,deployment_clean_val,clean,SoundRep,0,f1,0.6240837696335079
sep28k,deployment_deg_val,clean,SoundRep,0,f1,0.6240837696335079
sep28k,matched_retraining,clean,SoundRep,0,f1,0.6240837696335079
sep28k,majority_vote_fixed,clean,SoundRep,0,f1,0.4408284023668639
sep28k,deployment_fixed,clean,SoundRep,0,precision,0.5877712031558185
sep28k,deployment_clean_val,clean,SoundRep,0,precision,0.5877712031558185
sep28k,deployment_deg_val,clean,SoundRep,0,precision,0.5877712031558185
sep28k,matched_retraining,clean,SoundRep,0,precision,0.5877712031558185
sep28k,majority_vote_fixed,clean,SoundRep,0,precision,0.2938856015779093
sep28k,deployment_fixed,clean,SoundRep,0,recall,0.6651785714285714
sep28k,deployment_clean_val,clean,SoundRep,0,recall,0.6651785714285714
sep28k,deployment_deg_val,clean,SoundRep,0,recall,0.6651785714285714
sep28k,matched_retraining,clean,SoundRep,0,recall,0.6651785714285714
sep28k,majority_vote_fixed,clean,SoundRep,0,recall,0.8816568047337278
sep28k,deployment_fixed,clean,SoundRep,0,auc,0.8212716238839286
sep28k,deployment_clean_val,clean,SoundRep,0,auc,0.8212716238839286
sep28k,deployment_deg_val,clean,SoundRep,0,auc,0.8212716238839286
sep28k,matched_retraining,clean,SoundRep,0,auc,0.8212716238839286
sep28k,majority_vote_fixed,clean,SoundRep,0,auc,0.8843528132352516
sep28k,deployment_fixed,clean,SoundRep,0,pr_auc,0.6679067646860986
sep28k,deployment_clean_val,clean,SoundRep,0,pr_auc,0.6679067646860986
sep28k,deployment_deg_val,clean,SoundRep,0,pr_auc,0.6679067646860986
sep28k,matched_retraining,clean,SoundRep,0,pr_auc,0.6679067646860986
sep28k,majority_vote_fixed,clean,SoundRep,0,pr_auc,0.5276941511984107
sep28k,deployment_fixed,clean,SoundRep,0,ece,0.11199468659359726
sep28k,deployment_clean_val,clean,SoundRep,0,ece,0.11199468659359726
sep28k,deployment_deg_val,clean,SoundRep,0,ece,0.11199468659359726
sep28k,matched_retraining,clean,SoundRep,0,ece,0.11199468659359726
sep28k,majority_vote_fixed,clean,SoundRep,0,ece,0.2863696865935973
sep28k,deployment_fixed,clean,SoundRep,0,brier,0.15990703734998257
sep28k,deployment_clean_val,clean,SoundRep,0,brier,0.15990703734998257
sep28k,deployment_deg_val,clean,SoundRep,0,brier,0.15990703734998257
sep28k,matched_retraining,clean,SoundRep,0,brier,0.15990703734998257
sep28k,majority_vote_fixed,clean,SoundRep,0,brier,0.17684615044796714
sep28k,deployment_fixed,clean,WordRep,0,f1,0.6147859922178989
sep28k,deployment_clean_val,clean,WordRep,0,f1,0.6291793313069909
sep28k,deployment_deg_val,clean,WordRep,0,f1,0.6291793313069909
sep28k,matched_retraining,clean,WordRep,0,f1,0.6147859922178989
sep28k,majority_vote_fixed,clean,WordRep,0,f1,0.534375
sep28k,deployment_fixed,clean,WordRep,0,precision,0.5435779816513762
sep28k,deployment_clean_val,clean,WordRep,0,precision,0.6408668730650154
sep28k,deployment_deg_val,clean,WordRep,0,precision,0.6408668730650154
sep28k,matched_retraining,clean,WordRep,0,precision,0.5435779816513762
sep28k,majority_vote_fixed,clean,WordRep,0,precision,0.3922018348623853
sep28k,deployment_fixed,clean,WordRep,0,recall,0.7074626865671642
sep28k,deployment_clean_val,clean,WordRep,0,recall,0.6179104477611941
sep28k,deployment_deg_val,clean,WordRep,0,recall,0.6179104477611941
sep28k,matched_retraining,clean,WordRep,0,recall,0.7074626865671642
sep28k,majority_vote_fixed,clean,WordRep,0,recall,0.8382352941176471
sep28k,deployment_fixed,clean,WordRep,0,auc,0.8611621733231078
sep28k,deployment_clean_val,clean,WordRep,0,auc,0.8611621733231078
sep28k,deployment_deg_val,clean,WordRep,0,auc,0.8611621733231078
sep28k,matched_retraining,clean,WordRep,0,auc,0.8611621733231078
sep28k,majority_vote_fixed,clean,WordRep,0,auc,0.9114100511264678
sep28k,deployment_fixed,clean,WordRep,0,pr_auc,0.6590377269673714
sep28k,deployment_clean_val,clean,WordRep,0,pr_auc,0.6590377269673714
sep28k,deployment_deg_val,clean,WordRep,0,pr_auc,0.6590377269673714
sep28k,matched_retraining,clean,WordRep,0,pr_auc,0.6590377269673714
sep28k,majority_vote_fixed,clean,WordRep,0,pr_auc,0.5850495935617425
sep28k,deployment_fixed,clean,WordRep,0,ece,0.14829359692898061
sep28k,deployment_clean_val,clean,WordRep,0,ece,0.14829359692898061
sep28k,deployment_deg_val,clean,WordRep,0,ece,0.14829359692898061
sep28k,matched_retraining,clean,WordRep,0,ece,0.14829359692898061
sep28k,majority_vote_fixed,clean,WordRep,0,ece,0.23016859692898062
sep28k,deployment_fixed,clean,WordRep,0,brier,0.1341362959610197
sep28k,deployment_clean_val,clean,WordRep,0,brier,0.1341362959610197
sep28k,deployment_deg_val,clean,WordRep,0,brier,0.1341362959610197
sep28k,matched_retraining,clean,WordRep,0,brier,0.1341362959610197
sep28k,majority_vote_fixed,clean,WordRep,0,brier,0.13639020524285103
sep28k,deployment_fixed,clean,Interjection,0,f1,0.7247141600703606
sep28k,deployment_clean_val,clean,Interjection,0,f1,0.7260034904013961
sep28k,deployment_deg_val,clean,Interjection,0,f1,0.7260034904013961
sep28k,matched_retraining,clean,Interjection,0,f1,0.7247141600703606
sep28k,majority_vote_fixed,clean,Interjection,0,f1,0.6974697469746974
sep28k,deployment_fixed,clean,Interjection,0,precision,0.7463768115942029
sep28k,deployment_clean_val,clean,Interjection,0,precision,0.7415329768270945
sep28k,deployment_deg_val,clean,Interjection,0,precision,0.7415329768270945
sep28k,matched_retraining,clean,Interjection,0,precision,0.7463768115942029
sep28k,majority_vote_fixed,clean,Interjection,0,precision,0.5742753623188406
sep28k,deployment_fixed,clean,Interjection,0,recall,0.7042735042735043
sep28k,deployment_clean_val,clean,Interjection,0,recall,0.7111111111111111
sep28k,deployment_deg_val,clean,Interjection,0,recall,0.7111111111111111
sep28k,matched_retraining,clean,Interjection,0,recall,0.7042735042735043
sep28k,majority_vote_fixed,clean,Interjection,0,recall,0.8879551820728291
sep28k,deployment_fixed,clean,Interjection,0,auc,0.848328070397036
sep28k,deployment_clean_val,clean,Interjection,0,auc,0.848328070397036
sep28k,deployment_deg_val,clean,Interjection,0,auc,0.848328070397036
sep28k,matched_retraining,clean,Interjection,0,auc,0.848328070397036
sep28k,majority_vote_fixed,clean,Interjection,0,auc,0.9305871986767354
sep28k,deployment_fixed,clean,Interjection,0,pr_auc,0.8232686107675381
sep28k,deployment_clean_val,clean,Interjection,0,pr_auc,0.8232686107675381
sep28k,deployment_deg_val,clean,Interjection,0,pr_auc,0.8232686107675381
sep28k,matched_retraining,clean,Interjection,0,pr_auc,0.8232686107675381
sep28k,majority_vote_fixed,clean,Interjection,0,pr_auc,0.8353243180106563
sep28k,deployment_fixed,clean,Interjection,0,ece,0.07217925706864026
sep28k,deployment_clean_val,clean,Interjection,0,ece,0.07217925706864026
sep28k,deployment_deg_val,clean,Interjection,0,ece,0.07217925706864026
sep28k,matched_retraining,clean,Interjection,0,ece,0.07217925706864026
sep28k,majority_vote_fixed,clean,Interjection,0,ece,0.20285982493272872
sep28k,deployment_fixed,clean,Interjection,0,brier,0.1441490182261778
sep28k,deployment_clean_val,clean,Interjection,0,brier,0.1441490182261778
sep28k,deployment_deg_val,clean,Interjection,0,brier,0.1441490182261778
sep28k,matched_retraining,clean,Interjection,0,brier,0.1441490182261778
sep28k,majority_vote_fixed,clean,Interjection,0,brier,0.1314504622929042
sep28k,deployment_fixed,opus_16k,Block,0,f1,0.6263736263736264
sep28k,deployment_clean_val,opus_16k,Block,0,f1,0.6490264603095357
sep28k,deployment_deg_val,opus_16k,Block,0,f1,0.6455488803932278
sep28k,matched_retraining,opus_16k,Block,0,f1,0.6244035446489434
sep28k,majority_vote_fixed,opus_16k,Block,0,f1,0.32727272727272727
sep28k,deployment_fixed,opus_16k,Block,0,precision,0.6120805369127517
sep28k,deployment_clean_val,opus_16k,Block,0,precision,0.5030959752321982
sep28k,deployment_deg_val,opus_16k,Block,0,precision,0.5276785714285714
sep28k,matched_retraining,opus_16k,Block,0,precision,0.6058201058201058
sep28k,majority_vote_fixed,opus_16k,Block,0,precision,0.20536912751677852
sep28k,deployment_fixed,opus_16k,Block,0,recall,0.6413502109704642
sep28k,deployment_clean_val,opus_16k,Block,0,recall,0.9142053445850914
sep28k,deployment_deg_val,opus_16k,Block,0,recall,0.8312236286919831
sep28k,matched_retraining,opus_16k,Block,0,recall,0.6441631504922645
sep28k,majority_vote_fixed,opus_16k,Block,0,recall,0.8052631578947368
sep28k,deployment_fixed,opus_16k,Block,0,auc,0.7194258945479917
sep28k,deployment_clean_val,opus_16k,Block,0,auc,0.7194258945479917
sep28k,deployment_deg_val,opus_16k,Block,0,auc,0.7194258945479917
sep28k,matched_retraining,opus_16k,Block,0,auc,0.7185288547792286
sep28k,majority_vote_fixed,opus_16k,Block,0,auc,0.7590257558790593
sep28k,deployment_fixed,opus_16k,Block,0,pr_auc,0.6780915463835062
sep28k,deployment_clean_val,opus_16k,Block,0,pr_auc,0.6780915463835062
sep28k,deployment_deg_val,opus_16k,Block,0,pr_auc,0.6780915463835062
sep28k,matched_retraining,opus_16k,Block,0,pr_auc,0.6746734755332235
sep28k,majority_vote_fixed,opus_16k,Block,0,pr_auc,0.28688426708244025
sep28k,deployment_fixed,opus_16k,Block,0,ece,0.045168458706211764
sep28k,deployment_clean_val,opus_16k,Block,0,ece,0.045168458706211764
sep28k,deployment_deg_val,opus_16k,Block,0,ece,0.045168458706211764
sep28k,matched_retraining,opus_16k,Block,0,ece,0.049388556307464186
sep28k,majority_vote_fixed,opus_16k,Block,0,ece,0.36755684176016745
sep28k,deployment_fixed,opus_16k,Block,0,brier,0.2130522432786387
sep28k,deployment_clean_val,opus_16k,Block,0,brier,0.2130522432786387
sep28k,deployment_deg_val,opus_16k,Block,0,brier,0.2130522432786387
sep28k,matched_retraining,opus_16k,Block,0,brier,0.2139383787420831
sep28k,majority_vote_fixed,opus_16k,Block,0,brier,0.24478551054532027
sep28k,deployment_fixed,opus_16k,Prolongation,0,f1,0.591304347826087
sep28k,deployment_clean_val,opus_16k,Prolongation,0,f1,0.6020558002936858
sep28k,deployment_deg_val,opus_16k,Prolongation,0,f1,0.6046511627906976
sep28k,matched_retraining,opus_16k,Prolongation,0,f1,0.590557939914163
sep28k,majority_vote_fixed,opus_16k,Prolongation,0,f1,0.36270753512132825
sep28k,deployment_fixed,opus_16k,Prolongation,0,precision,0.5582922824302134
sep28k,deployment_clean_val,opus_16k,Prolongation,0,precision,0.4993909866017052
sep28k,deployment_deg_val,opus_16k,Prolongation,0,precision,0.4886104783599089
sep28k,matched_retraining,opus_16k,Prolongation,0,precision,0.5512820512820513
sep28k,majority_vote_fixed,opus_16k,Prolongation,0,precision,0.23316912972085385
sep28k,deployment_fixed,opus_16k,Prolongation,0,recall,0.6284658040665434
sep28k,deployment_clean_val,opus_16k,Prolongation,0,recall,0.7578558225508318
sep28k,deployment_deg_val,opus_16k,Prolongation,0,recall,0.7929759704251387
sep28k,matched_retraining,opus_16k,Prolongation,0,recall,0.6358595194085028
sep28k,majority_vote_fixed,opus_16k,Prolongation,0,recall,0.8160919540229885
sep28k,deployment_fixed,opus_16k,Prolongation,0,auc,0.7623520951478306
sep28k,deployment_clean_val,opus_16k,Prolongation,0,auc,0.7623520951478306
sep28k,deployment_deg_val,opus_16k,Prolongation,0,auc,0.7623520951478306
sep28k,matched_retraining,opus_16k,Prolongation,0,auc,0.763547726641986
sep28k,majority_vote_fixed,opus_16k,Prolongation,0,auc,0.824265286711483
sep28k,deployment_fixed,opus_16k,Prolongation,0,pr_auc,0.6536434393739473
sep28k,deployment_clean_val,opus_16k,Prolongation,0,pr_auc,0.6536434393739473
sep28k,deployment_deg_val,opus_16k,Prolongation,0,pr_auc,0.6536434393739473
sep28k,matched_retraining,opus_16k,Prolongation,0,pr_auc,0.6556549708204465
sep28k,majority_vote_fixed,opus_16k,Prolongation,0,pr_auc,0.42858829637685725
sep28k,deployment_fixed,opus_16k,Prolongation,0,ece,0.10268008756894242
sep28k,deployment_clean_val,opus_16k,Prolongation,0,ece,0.10268008756894242
sep28k,deployment_deg_val,opus_16k,Prolongation,0,ece,0.10268008756894242
sep28k,matched_retraining,opus_16k,Prolongation,0,ece,0.11043394533926752
sep28k,majority_vote_fixed,opus_16k,Prolongation,0,ece,0.3320550875689424
sep28k,deployment_fixed,opus_16k,Prolongation,0,brier,0.1907202664752889
sep28k,deployment_clean_val,opus_16k,Prolongation,0,brier,0.1907202664752889
sep28k,deployment_deg_val,opus_16k,Prolongation,0,brier,0.1907202664752889
sep28k,matched_retraining,opus_16k,Prolongation,0,brier,0.19194665404872463
sep28k,majority_vote_fixed,opus_16k,Prolongation,0,brier,0.20838343177001378
sep28k,deployment_fixed,opus_16k,SoundRep,0,f1,0.6221294363256785
sep28k,deployment_clean_val,opus_16k,SoundRep,0,f1,0.6221294363256785
sep28k,deployment_deg_val,opus_16k,SoundRep,0,f1,0.6291706387035272
sep28k,matched_retraining,opus_16k,SoundRep,0,f1,0.6139438085327783
sep28k,majority_vote_fixed,opus_16k,SoundRep,0,f1,0.4329896907216495
sep28k,deployment_fixed,opus_16k,SoundRep,0,precision,0.5843137254901961
sep28k,deployment_clean_val,opus_16k,SoundRep,0,precision,0.5843137254901961
sep28k,deployment_deg_val,opus_16k,SoundRep,0,precision,0.5490848585690515
sep28k,matched_retraining,opus_16k,SoundRep,0,precision,0.5750487329434698
sep28k,majority_vote_fixed,opus_16k,SoundRep,0,precision,0.28823529411764703
sep28k,deployment_fixed,opus_16k,SoundRep,0,recall,0.6651785714285714
sep28k,deployment_clean_val,opus_16k,SoundRep,0,recall,0.6651785714285714
sep28k,deployment_deg_val,opus_16k,SoundRep,0,recall,0.7366071428571429
sep28k,matched_retraining,opus_16k,SoundRep,0,recall,0.6584821428571429
sep28k,majority_vote_fixed,opus_16k,SoundRep,0,recall,0.8698224852071006
sep28k,deployment_fixed,opus_16k,SoundRep,0,auc,0.8218548487103176
sep28k,deployment_clean_val,opus_16k,SoundRep,0,auc,0.8218548487103176
sep28k,deployment_deg_val,opus_16k,SoundRep,0,auc,0.8218548487103176
sep28k,matched_retraining,opus_16k,SoundRep,0,auc,0.8214595734126984
sep28k,majority_vote_fixed,opus_16k,SoundRep,0,auc,0.882789789901546
sep28k,deployment_fixed,opus_16k,SoundRep,0,pr_auc,0.6643406762173613
sep28k,deployment_clean_val,opus_16k,SoundRep,0,pr_auc,0.6643406762173613
sep28k,deployment_deg_val,opus_16k,SoundRep,0,pr_auc,0.6643406762173613
sep28k,matched_retraining,opus_16k,SoundRep,0,pr_auc,0.6643642428833588
sep28k,majority_vote_fixed,opus_16k,SoundRep,0,pr_auc,0.511635750681193
sep28k,deployment_fixed,opus_16k,SoundRep,0,ece,0.11376363017084101
sep28k,deployment_clean_val,opus_16k,SoundRep,0,ece,0.11376363017084101
sep28k,deployment_deg_val,opus_16k,SoundRep,0,ece,0.11376363017084101
sep28k,matched_retraining,opus_16k,SoundRep,0,ece,0.1146423186294262
sep28k,majority_vote_fixed,opus_16k,SoundRep,0,ece,0.288138630170841
sep28k,deployment_fixed,opus_16k,SoundRep,0,brier,0.16002704125085956
sep28k,deployment_clean_val,opus_16k,SoundRep,0,brier,0.16002704125085956
sep28k,deployment_deg_val,opus_16k,SoundRep,0,brier,0.16002704125085956
sep28k,matched_retraining,opus_16k,SoundRep,0,brier,0.16035373980095255
sep28k,majority_vote_fixed,opus_16k,SoundRep,0,brier,0.17793237521611246
sep28k,deployment_fixed,opus_16k,WordRep,0,f1,0.6169665809768637
sep28k,deployment_clean_val,opus_16k,WordRep,0,f1,0.6289120715350224
sep28k,deployment_deg_val,opus_16k,WordRep,0,f1,0.6226415094339622
sep28k,matched_retraining,opus_16k,WordRep,0,f1,0.616580310880829
sep28k,majority_vote_fixed,opus_16k,WordRep,0,f1,0.5316846986089645
sep28k,deployment_fixed,opus_16k,WordRep,0,precision,0.5417607223476298
sep28k,deployment_clean_val,opus_16k,WordRep,0,precision,0.6279761904761905
sep28k,deployment_deg_val,opus_16k,WordRep,0,precision,0.5675675675675675
sep28k,matched_retraining,opus_16k,WordRep,0,precision,0.5446224256292906
sep28k,majority_vote_fixed,opus_16k,WordRep,0,precision,0.38826185101580135
sep28k,deployment_fixed,opus_16k,WordRep,0,recall,0.7164179104477612
sep28k,deployment_clean_val,opus_16k,WordRep,0,recall,0.6298507462686567
sep28k,deployment_deg_val,opus_16k,WordRep,0,recall,0.6895522388059702
sep28k,matched_retraining,opus_16k,WordRep,0,recall,0.7104477611940299
sep28k,majority_vote_fixed,opus_16k,WordRep,0,recall,0.8431372549019608
sep28k,deployment_fixed,opus_16k,WordRep,0,auc,0.8629815350126836
sep28k,deployment_clean_val,opus_16k,WordRep,0,auc,0.8629815350126836
sep28k,deployment_deg_val,opus_16k,WordRep,0,auc,0.8629815350126836
sep28k,matched_retraining,opus_16k,WordRep,0,auc,0.8628069140463688
sep28k,majority_vote_fixed,opus_16k,WordRep,0,auc,0.9077792291701781
sep28k,deployment_fixed,opus_16k,WordRep,0,pr_auc,0.661629818356785
sep28k,deployment_clean_val,opus_16k,WordRep,0,pr_auc,0.661629818356785
sep28k,deployment_deg_val,opus_16k,WordRep,0,pr_auc,0.661629818356785
sep28k,matched_retraining,opus_16k,WordRep,0,pr_auc,0.6582016790307691
sep28k,majority_vote_fixed,opus_16k,WordRep,0,pr_auc,0.5824208068921278
sep28k,deployment_fixed,opus_16k,WordRep,0,ece,0.15162077088726683
sep28k,deployment_clean_val,opus_16k,WordRep,0,ece,0.15162077088726683
sep28k,deployment_deg_val,opus_16k,WordRep,0,ece,0.15162077088726683
sep28k,matched_retraining,opus_16k,WordRep,0,ece,0.14874379082609523
sep28k,majority_vote_fixed,opus_16k,WordRep,0,ece,0.23349577088726683
sep28k,deployment_fixed,opus_16k,WordRep,0,brier,0.1354131573672679
sep28k,deployment_clean_val,opus_16k,WordRep,0,brier,0.1354131573672679
sep28k,deployment_deg_val,opus_16k,WordRep,0,brier,0.1354131573672679
sep28k,matched_retraining,opus_16k,WordRep,0,brier,0.13475999691761772
sep28k,majority_vote_fixed,opus_16k,WordRep,0,brier,0.13959398505611412
sep28k,deployment_fixed,opus_16k,Interjection,0,f1,0.7267950963222417
sep28k,deployment_clean_val,opus_16k,Interjection,0,f1,0.7244367417677643
sep28k,deployment_deg_val,opus_16k,Interjection,0,f1,0.7244367417677643
sep28k,matched_retraining,opus_16k,Interjection,0,f1,0.7283950617283951
sep28k,majority_vote_fixed,opus_16k,Interjection,0,f1,0.7024070021881839
sep28k,deployment_fixed,opus_16k,Interjection,0,precision,0.7450628366247756
sep28k,deployment_clean_val,opus_16k,Interjection,0,precision,0.7346221441124781
sep28k,deployment_deg_val,opus_16k,Interjection,0,precision,0.7346221441124781
sep28k,matched_retraining,opus_16k,Interjection,0,precision,0.7522768670309654
sep28k,majority_vote_fixed,opus_16k,Interjection,0,precision,0.5763016157989228
sep28k,deployment_fixed,opus_16k,Interjection,0,recall,0.7094017094017094
sep28k,deployment_clean_val,opus_16k,Interjection,0,recall,0.7145299145299145
sep28k,deployment_deg_val,opus_16k,Interjection,0,recall,0.7145299145299145
sep28k,matched_retraining,opus_16k,Interjection,0,recall,0.705982905982906
sep28k,majority_vote_fixed,opus_16k,Interjection,0,recall,0.8991596638655462
sep28k,deployment_fixed,opus_16k,Interjection,0,auc,0.8468611847922193
sep28k,deployment_clean_val,opus_16k,Interjection,0,auc,0.8468611847922193
sep28k,deployment_deg_val,opus_16k,Interjection,0,auc,0.8468611847922193
sep28k,matched_retraining,opus_16k,Interjection,0,auc,0.8481293419224454
sep28k,majority_vote_fixed,opus_16k,Interjection,0,auc,0.9309545217926269
sep28k,deployment_fixed,opus_16k,Interjection,0,pr_auc,0.8224213448029618
sep28k,deployment_clean_val,opus_16k,Interjection,0,pr_auc,0.8224213448029618
sep28k,deployment_deg_val,opus_16k,Interjection,0,pr_auc,0.8224213448029618
sep28k,matched_retraining,opus_16k,Interjection,0,pr_auc,0.8237285743383076
sep28k,majority_vote_fixed,opus_16k,Interjection,0,pr_auc,0.836573649719171
sep28k,deployment_fixed,opus_16k,Interjection,0,ece,0.07600131530314658
sep28k,deployment_clean_val,opus_16k,Interjection,0,ece,0.07600131530314658
sep28k,deployment_deg_val,opus_16k,Interjection,0,ece,0.07600131530314658
sep28k,matched_retraining,opus_16k,Interjection,0,ece,0.07146334521182003
sep28k,majority_vote_fixed,opus_16k,Interjection,0,ece,0.20654184631688263
sep28k,deployment_fixed,opus_16k,Interjection,0,brier,0.14503564920528988
sep28k,deployment_clean_val,opus_16k,Interjection,0,brier,0.14503564920528988
sep28k,deployment_deg_val,opus_16k,Interjection,0,brier,0.14503564920528988
sep28k,matched_retraining,opus_16k,Interjection,0,brier,0.14350227098940205
sep28k,majority_vote_fixed,opus_16k,Interjection,0,brier,0.1332583268511619
sep28k,deployment_fixed,opus_8k,Block,0,f1,0.6194188518781006
sep28k,deployment_clean_val,opus_8k,Block,0,f1,0.64032016008004
sep28k,deployment_deg_val,opus_8k,Block,0,f1,0.643348623853211
sep28k,matched_retraining,opus_8k,Block,0,f1,0.6265389876880985
sep28k,majority_vote_fixed,opus_8k,Block,0,f1,0.32134831460674157
sep28k,deployment_fixed,opus_8k,Block,0,precision,0.6242857142857143
sep28k,deployment_clean_val,opus_8k,Block,0,precision,0.4968944099378882
sep28k,deployment_deg_val,opus_8k,Block,0,precision,0.5430784123910939
sep28k,matched_retraining,opus_8k,Block,0,precision,0.6098535286284953
sep28k,majority_vote_fixed,opus_8k,Block,0,precision,0.2042857142857143
sep28k,deployment_fixed,opus_8k,Block,0,recall,0.6146272855133614
sep28k,deployment_clean_val,opus_8k,Block,0,recall,0.90014064697609
sep28k,deployment_deg_val,opus_8k,Block,0,recall,0.7890295358649789
sep28k,matched_retraining,opus_8k,Block,0,recall,0.6441631504922645
sep28k,majority_vote_fixed,opus_8k,Block,0,recall,0.7526315789473684
sep28k,deployment_fixed,opus_8k,Block,0,auc,0.715315648835035
sep28k,deployment_clean_val,opus_8k,Block,0,auc,0.715315648835035
sep28k,deployment_deg_val,opus_8k,Block,0,auc,0.715315648835035
sep28k,matched_retraining,opus_8k,Block,0,auc,0.7173153988662809
sep28k,majority_vote_fixed,opus_8k,Block,0,auc,0.7461291526689063
sep28k,deployment_fixed,opus_8k,Block,0,pr_auc,0.6822828150809497
sep28k,deployment_clean_val,opus_8k,Block,0,pr_auc,0.6822828150809497
sep28k,deployment_deg_val,opus_8k,Block,0,pr_auc,0.6822828150809497
sep28k,matched_retraining,opus_8k,Block,0,pr_auc,0.6770822389348244
sep28k,majority_vote_fixed,opus_8k,Block,0,pr_auc,0.2817138945439063
sep28k,deployment_fixed,opus_8k,Block,0,ece,0.048181990173686774
sep28k,deployment_clean_val,opus_8k,Block,0,ece,0.048181990173686774
sep28k,deployment_deg_val,opus_8k,Block,0,ece,0.048181990173686774
sep28k,matched_retraining,opus_8k,Block,0,ece,0.05399521117886745
sep28k,majority_vote_fixed,opus_8k,Block,0,ece,0.35479749090271395
sep28k,deployment_fixed,opus_8k,Block,0,brier,0.21255632656937182
sep28k,deployment_clean_val,opus_8k,Block,0,brier,0.21255632656937182
sep28k,deployment_deg_val,opus_8k,Block,0,brier,0.21255632656937182
sep28k,matched_retraining,opus_8k,Block,0,brier,0.21370140685069658
sep28k,majority_vote_fixed,opus_8k,Block,0,brier,0.23335573846927363
sep28k,deployment_fixed,opus_8k,Prolongation,0,f1,0.553314121037464
sep28k,deployment_clean_val,opus_8k,Prolongation,0,f1,0.5864297253634895
sep28k,deployment_deg_val,opus_8k,Prolongation,0,f1,0.5733558178752108
sep28k,matched_retraining,opus_8k,Prolongation,0,f1,0.6001690617075233
sep28k,majority_vote_fixed,opus_8k,Prolongation,0,f1,0.34718100890207715
sep28k,deployment_fixed,opus_8k,Prolongation,0,precision,0.576
sep28k,deployment_clean_val,opus_8k,Prolongation,0,precision,0.5208034433285509
sep28k,deployment_deg_val,opus_8k,Prolongation,0,precision,0.5271317829457365
sep28k,matched_retraining,opus_8k,Prolongation,0,precision,0.5529595015576324
sep28k,majority_vote_fixed,opus_8k,Prolongation,0,precision,0.234
sep28k,deployment_fixed,opus_8k,Prolongation,0,recall,0.532347504621072
sep28k,deployment_clean_val,opus_8k,Prolongation,0,recall,0.6709796672828097
sep28k,deployment_deg_val,opus_8k,Prolongation,0,recall,0.6284658040665434
sep28k,matched_retraining,opus_8k,Prolongation,0,recall,0.6561922365988909
sep28k,majority_vote_fixed,opus_8k,Prolongation,0,recall,0.6724137931034483
sep28k,deployment_fixed,opus_8k,Prolongation,0,auc,0.7508251602757109
sep28k,deployment_clean_val,opus_8k,Prolongation,0,auc,0.7508251602757109
sep28k,deployment_deg_val,opus_8k,Prolongation,0,auc,0.7508251602757109
sep28k,matched_retraining,opus_8k,Prolongation,0,auc,0.7595768337234409
sep28k,majority_vote_fixed,opus_8k,Prolongation,0,auc,0.7995881091712207
sep28k,deployment_fixed,opus_8k,Prolongation,0,pr_auc,0.6311956463169803
sep28k,deployment_clean_val,opus_8k,Prolongation,0,pr_auc,0.6311956463169803
sep28k,deployment_deg_val,opus_8k,Prolongation,0,pr_auc,0.6311956463169803
sep28k,matched_retraining,opus_8k,Prolongation,0,pr_auc,0.6400903321010034
sep28k,majority_vote_fixed,opus_8k,Prolongation,0,pr_auc,0.3713736504520462
sep28k,deployment_fixed,opus_8k,Prolongation,0,ece,0.06341972625815302
sep28k,deployment_clean_val,opus_8k,Prolongation,0,ece,0.06341972625815302
sep28k,deployment_deg_val,opus_8k,Prolongation,0,ece,0.06341972625815302
sep28k,matched_retraining,opus_8k,Prolongation,0,ece,0.11842893137632385
sep28k,majority_vote_fixed,opus_8k,Prolongation,0,ece,0.29279472625815306
sep28k,deployment_fixed,opus_8k,Prolongation,0,brier,0.18778003256035278
sep28k,deployment_clean_val,opus_8k,Prolongation,0,brier,0.18778003256035278
sep28k,deployment_deg_val,opus_8k,Prolongation,0,brier,0.18778003256035278
sep28k,matched_retraining,opus_8k,Prolongation,0,brier,0.19600622308284735
sep28k,majority_vote_fixed,opus_8k,Prolongation,0,brier,0.1853219790522723
sep28k,deployment_fixed,opus_8k,SoundRep,0,f1,0.610337972166998
sep28k,deployment_clean_val,opus_8k,SoundRep,0,f1,0.610337972166998
sep28k,deployment_deg_val,opus_8k,SoundRep,0,f1,0.610337972166998
sep28k,matched_retraining,opus_8k,SoundRep,0,f1,0.6264073694984647
sep28k,majority_vote_fixed,opus_8k,SoundRep,0,f1,0.40990371389270974
sep28k,deployment_fixed,opus_8k,SoundRep,0,precision,0.5501792114695341
sep28k,deployment_clean_val,opus_8k,SoundRep,0,precision,0.5501792114695341
sep28k,deployment_deg_val,opus_8k,SoundRep,0,precision,0.5501792114695341
sep28k,matched_retraining,opus_8k,SoundRep,0,precision,0.5784499054820416
sep28k,majority_vote_fixed,opus_8k,SoundRep,0,precision,0.2670250896057348
sep28k,deployment_fixed,opus_8k,SoundRep,0,recall,0.6852678571428571
sep28k,deployment_clean_val,opus_8k,SoundRep,0,recall,0.6852678571428571
sep28k,deployment_deg_val,opus_8k,SoundRep,0,recall,0.6852678571428571
sep28k,matched_retraining,opus_8k,SoundRep,0,recall,0.6830357142857143
sep28k,majority_vote_fixed,opus_8k,SoundRep,0,recall,0.8816568047337278
sep28k,deployment_fixed,opus_8k,SoundRep,0,auc,0.8091692243303571
sep28k,deployment_clean_val,opus_8k,SoundRep,0,auc,0.8091692243303571
sep28k,deployment_deg_val,opus_8k,SoundRep,0,auc,0.8091692243303571
sep28k,matched_retraining,opus_8k,SoundRep,0,auc,0.8172646174355158
sep28k,majority_vote_fixed,opus_8k,SoundRep,0,auc,0.8694875516355922
sep28k,deployment_fixed,opus_8k,SoundRep,0,pr_auc,0.6423907064272674
sep28k,deployment_clean_val,opus_8k,SoundRep,0,pr_auc,0.6423907064272674
sep28k,deployment_deg_val,opus_8k,SoundRep,0,pr_auc,0.6423907064272674
sep28k,matched_retraining,opus_8k,SoundRep,0,pr_auc,0.6566910677251299
sep28k,majority_vote_fixed,opus_8k,SoundRep,0,pr_auc,0.48570979964724437
sep28k,deployment_fixed,opus_8k,SoundRep,0,ece,0.14119797058434097
sep28k,deployment_clean_val,opus_8k,SoundRep,0,ece,0.14119797058434097
sep28k,deployment_deg_val,opus_8k,SoundRep,0,ece,0.14119797058434097
sep28k,matched_retraining,opus_8k,SoundRep,0,ece,0.12029410292274209
sep28k,majority_vote_fixed,opus_8k,SoundRep,0,ece,0.31557297058434103
sep28k,deployment_fixed,opus_8k,SoundRep,0,brier,0.17177161428833615
sep28k,deployment_clean_val,opus_8k,SoundRep,0,brier,0.17177161428833615
sep28k,deployment_deg_val,opus_8k,SoundRep,0,brier,0.17177161428833615
sep28k,matched_retraining,opus_8k,SoundRep,0,brier,0.16274891762429633
sep28k,majority_vote_fixed,opus_8k,SoundRep,0,brier,0.1937114421030342
sep28k,deployment_fixed,opus_8k,WordRep,0,f1,0.6161616161616161
sep28k,deployment_clean_val,opus_8k,WordRep,0,f1,0.6333333333333333
sep28k,deployment_deg_val,opus_8k,WordRep,0,f1,0.6170798898071626
sep28k,matched_retraining,opus_8k,WordRep,0,f1,0.6191709844559585
sep28k,majority_vote_fixed,opus_8k,WordRep,0,f1,0.5204236006051437
sep28k,deployment_fixed,opus_8k,WordRep,0,precision,0.5339168490153173
sep28k,deployment_clean_val,opus_8k,WordRep,0,precision,0.6430769230769231
sep28k,deployment_deg_val,opus_8k,WordRep,0,precision,0.5728900255754475
sep28k,matched_retraining,opus_8k,WordRep,0,precision,0.5469107551487414
sep28k,majority_vote_fixed,opus_8k,WordRep,0,precision,0.37636761487964987
sep28k,deployment_fixed,opus_8k,WordRep,0,recall,0.7283582089552239
sep28k,deployment_clean_val,opus_8k,WordRep,0,recall,0.6238805970149254
sep28k,deployment_deg_val,opus_8k,WordRep,0,recall,0.6686567164179105
sep28k,matched_retraining,opus_8k,WordRep,0,recall,0.7134328358208956
sep28k,majority_vote_fixed,opus_8k,WordRep,0,recall,0.8431372549019608
sep28k,deployment_fixed,opus_8k,WordRep,0,auc,0.8602465931213498
sep28k,deployment_clean_val,opus_8k,WordRep,0,auc,0.8602465931213498
sep28k,deployment_deg_val,opus_8k,WordRep,0,auc,0.8602465931213498
sep28k,matched_retraining,opus_8k,WordRep,0,auc,0.862238216034452
sep28k,majority_vote_fixed,opus_8k,WordRep,0,auc,0.9056513006348671
sep28k,deployment_fixed,opus_8k,WordRep,0,pr_auc,0.6452974258029585
sep28k,deployment_clean_val,opus_8k,WordRep,0,pr_auc,0.6452974258029585
sep28k,deployment_deg_val,opus_8k,WordRep,0,pr_auc,0.6452974258029585
sep28k,matched_retraining,opus_8k,WordRep,0,pr_auc,0.6415916306285513
sep28k,majority_vote_fixed,opus_8k,WordRep,0,pr_auc,0.5641334651587947
sep28k,deployment_fixed,opus_8k,WordRep,0,ece,0.15647489291319916
sep28k,deployment_clean_val,opus_8k,WordRep,0,ece,0.15647489291319916
sep28k,deployment_deg_val,opus_8k,WordRep,0,ece,0.15647489291319916
sep28k,matched_retraining,opus_8k,WordRep,0,ece,0.1495609477228742
sep28k,majority_vote_fixed,opus_8k,WordRep,0,ece,0.23834989291319914
sep28k,deployment_fixed,opus_8k,WordRep,0,brier,0.1381654728074067
sep28k,deployment_clean_val,opus_8k,WordRep,0,brier,0.1381654728074067
sep28k,deployment_deg_val,opus_8k,WordRep,0,brier,0.1381654728074067
sep28k,matched_retraining,opus_8k,WordRep,0,brier,0.13555134859606352
sep28k,majority_vote_fixed,opus_8k,WordRep,0,brier,0.14234763226816421
sep28k,deployment_fixed,opus_8k,Interjection,0,f1,0.7046632124352331
sep28k,deployment_clean_val,opus_8k,Interjection,0,f1,0.7073791348600509
sep28k,deployment_deg_val,opus_8k,Interjection,0,f1,0.709731543624161
sep28k,matched_retraining,opus_8k,Interjection,0,f1,0.7229551451187335
sep28k,majority_vote_fixed,opus_8k,Interjection,0,f1,0.6731182795698925
sep28k,deployment_fixed,opus_8k,Interjection,0,precision,0.7120418848167539
sep28k,deployment_clean_val,opus_8k,Interjection,0,precision,0.702020202020202
sep28k,deployment_deg_val,opus_8k,Interjection,0,precision,0.6968698517298187
sep28k,matched_retraining,opus_8k,Interjection,0,precision,0.7445652173913043
sep28k,majority_vote_fixed,opus_8k,Interjection,0,precision,0.5462478184991274
sep28k,deployment_fixed,opus_8k,Interjection,0,recall,0.6974358974358974
sep28k,deployment_clean_val,opus_8k,Interjection,0,recall,0.7128205128205128
sep28k,deployment_deg_val,opus_8k,Interjection,0,recall,0.7230769230769231
sep28k,matched_retraining,opus_8k,Interjection,0,recall,0.7025641025641025
sep28k,majority_vote_fixed,opus_8k,Interjection,0,recall,0.876750700280112
sep28k,deployment_fixed,opus_8k,Interjection,0,auc,0.8461723716896131
sep28k,deployment_clean_val,opus_8k,Interjection,0,auc,0.8461723716896131
sep28k,deployment_deg_val,opus_8k,Interjection,0,auc,0.8461723716896131
sep28k,matched_retraining,opus_8k,Interjection,0,auc,0.8491920340196202
sep28k,majority_vote_fixed,opus_8k,Interjection,0,auc,0.9269072069696744
sep28k,deployment_fixed,opus_8k,Interjection,0,pr_auc,0.8213017196892136
sep28k,deployment_clean_val,opus_8k,Interjection,0,pr_auc,0.8213017196892136
sep28k,deployment_deg_val,opus_8k,Interjection,0,pr_auc,0.8213017196892136
sep28k,matched_retraining,opus_8k,Interjection,0,pr_auc,0.822692846968945
sep28k,majority_vote_fixed,opus_8k,Interjection,0,pr_auc,0.8292002309266959
sep28k,deployment_fixed,opus_8k,Interjection,0,ece,0.09117760135574512
sep28k,deployment_clean_val,opus_8k,Interjection,0,ece,0.09117760135574512
sep28k,deployment_deg_val,opus_8k,Interjection,0,ece,0.09117760135574512
sep28k,matched_retraining,opus_8k,Interjection,0,ece,0.07503450452767743
sep28k,majority_vote_fixed,opus_8k,Interjection,0,ece,0.22298903448892493
sep28k,deployment_fixed,opus_8k,Interjection,0,brier,0.14911858558116065
sep28k,deployment_clean_val,opus_8k,Interjection,0,brier,0.14911858558116065
sep28k,deployment_deg_val,opus_8k,Interjection,0,brier,0.14911858558116065
sep28k,matched_retraining,opus_8k,Interjection,0,brier,0.14480485841953591
sep28k,majority_vote_fixed,opus_8k,Interjection,0,brier,0.14237665060292298
sep28k,deployment_fixed,opus_16k_voip,Block,0,f1,0.6338124572210815
sep28k,deployment_clean_val,opus_16k_voip,Block,0,f1,0.649949849548646
sep28k,deployment_deg_val,opus_16k_voip,Block,0,f1,0.6483279395900755
sep28k,matched_retraining,opus_16k_voip,Block,0,f1,0.6317222600408441
sep28k,majority_vote_fixed,opus_16k_voip,Block,0,f1,0.32978723404255317
sep28k,deployment_fixed,opus_16k_voip,Block,0,precision,0.6173333333333333
sep28k,deployment_clean_val,opus_16k_voip,Block,0,precision,0.505066250974279
sep28k,deployment_deg_val,opus_16k_voip,Block,0,precision,0.5258092738407699
sep28k,matched_retraining,opus_16k_voip,Block,0,precision,0.6121372031662269
sep28k,majority_vote_fixed,opus_16k_voip,Block,0,precision,0.20666666666666667
sep28k,deployment_fixed,opus_16k_voip,Block,0,recall,0.6511954992967651
sep28k,deployment_clean_val,opus_16k_voip,Block,0,recall,0.9113924050632911
sep28k,deployment_deg_val,opus_16k_voip,Block,0,recall,0.8452883263009845
sep28k,matched_retraining,opus_16k_voip,Block,0,recall,0.6526019690576652
sep28k,majority_vote_fixed,opus_16k_voip,Block,0,recall,0.8157894736842105
sep28k,deployment_fixed,opus_16k_voip,Block,0,auc,0.722196117890327
sep28k,deployment_clean_val,opus_16k_voip,Block,0,auc,0.722196117890327
sep28k,deployment_deg_val,opus_16k_voip,Block,0,auc,0.722196117890327
sep28k,matched_retraining,opus_16k_voip,Block,0,auc,0.7222878785721405
sep28k,majority_vote_fixed,opus_16k_voip,Block,0,auc,0.7616834639790967
sep28k,deployment_fixed,opus_16k_voip,Block,0,pr_auc,0.6788738589857085
sep28k,deployment_clean_val,opus_16k_voip,Block,0,pr_auc,0.6788738589857085
sep28k,deployment_deg_val,opus_16k_voip,Block,0,pr_auc,0.6788738589857085
sep28k,matched_retraining,opus_16k_voip,Block,0,pr_auc,0.6761963473574345
sep28k,majority_vote_fixed,opus_16k_voip,Block,0,pr_auc,0.2907571906263205
sep28k,deployment_fixed,opus_16k_voip,Block,0,ece,0.05020044647128565
sep28k,deployment_clean_val,opus_16k_voip,Block,0,ece,0.05020044647128565
sep28k,deployment_deg_val,opus_16k_voip,Block,0,ece,0.05020044647128565
sep28k,matched_retraining,opus_16k_voip,Block,0,ece,0.05468490200827664
sep28k,majority_vote_fixed,opus_16k_voip,Block,0,ece,0.3689437498028858
sep28k,deployment_fixed,opus_16k_voip,Block,0,brier,0.2123013040341749
sep28k,deployment_clean_val,opus_16k_voip,Block,0,brier,0.2123013040341749
sep28k,deployment_deg_val,opus_16k_voip,Block,0,brier,0.2123013040341749
sep28k,matched_retraining,opus_16k_voip,Block,0,brier,0.2126065058634079
sep28k,majority_vote_fixed,opus_16k_voip,Block,0,brier,0.24537407950798296
sep28k,deployment_fixed,opus_16k_voip,Prolongation,0,f1,0.5916230366492147
sep28k,deployment_clean_val,opus_16k_voip,Prolongation,0,f1,0.6008836524300442
sep28k,deployment_deg_val,opus_16k_voip,Prolongation,0,f1,0.5995423340961098
sep28k,matched_retraining,opus_16k_voip,Prolongation,0,f1,0.593939393939394
sep28k,majority_vote_fixed,opus_16k_voip,Prolongation,0,f1,0.36970474967907574
sep28k,deployment_fixed,opus_16k_voip,Prolongation,0,precision,0.5603305785123966
sep28k,deployment_clean_val,opus_16k_voip,Prolongation,0,precision,0.49938800489596086
sep28k,deployment_deg_val,opus_16k_voip,Prolongation,0,precision,0.5103896103896104
sep28k,matched_retraining,opus_16k_voip,Prolongation,0,precision,0.5586319218241043
sep28k,majority_vote_fixed,opus_16k_voip,Prolongation,0,precision,0.23801652892561984
sep28k,deployment_fixed,opus_16k_voip,Prolongation,0,recall,0.6266173752310537
sep28k,deployment_clean_val,opus_16k_voip,Prolongation,0,recall,0.7541589648798521
sep28k,deployment_deg_val,opus_16k_voip,Prolongation,0,recall,0.7264325323475046
sep28k,matched_retraining,opus_16k_voip,Prolongation,0,recall,0.634011090573013
sep28k,majority_vote_fixed,opus_16k_voip,Prolongation,0,recall,0.8275862068965517
sep28k,deployment_fixed,opus_16k_voip,Prolongation,0,auc,0.7650086661465233
sep28k,deployment_clean_val,opus_16k_voip,Prolongation,0,auc,0.7650086661465233
sep28k,deployment_deg_val,opus_16k_voip,Prolongation,0,auc,0.7650086661465233
sep28k,matched_retraining,opus_16k_voip,Prolongation,0,auc,0.7659896076059618
sep28k,majority_vote_fixed,opus_16k_voip,Prolongation,0,auc,0.8269252470538925
sep28k,deployment_fixed,opus_16k_voip,Prolongation,0,pr_auc,0.6564225932005014
sep28k,deployment_clean_val,opus_16k_voip,Prolongation,0,pr_auc,0.6564225932005014
sep28k,deployment_deg_val,opus_16k_voip,Prolongation,0,pr_auc,0.6564225932005014
sep28k,matched_retraining,opus_16k_voip,Prolongation,0,pr_auc,0.6587954525155553
sep28k,majority_vote_fixed,opus_16k_voip,Prolongation,0,pr_auc,0.42039433017520267
sep28k,deployment_fixed,opus_16k_voip,Prolongation,0,ece,0.10307463056902595
sep28k,deployment_clean_val,opus_16k_voip,Prolongation,0,ece,0.10307463056902595
sep28k,deployment_deg_val,opus_16k_voip,Prolongation,0,ece,0.10307463056902595
sep28k,matched_retraining,opus_16k_voip,Prolongation,0,ece,0.11145241051967981
sep28k,majority_vote_fixed,opus_16k_voip,Prolongation,0,ece,0.33244963056902593
sep28k,deployment_fixed,opus_16k_voip,Prolongation,0,brier,0.18975909085642384
sep28k,deployment_clean_val,opus_16k_voip,Prolongation,0,brier,0.18975909085642384
sep28k,deployment_deg_val,opus_16k_voip,Prolongation,0,brier,0.18975909085642384
sep28k,matched_retraining,opus_16k_voip,Prolongation,0,brier,0.19128172265518573
sep28k,majority_vote_fixed,opus_16k_voip,Prolongation,0,brier,0.20815588203519161
sep28k,deployment_fixed,opus_16k_voip,SoundRep,0,f1,0.6195426195426196
sep28k,deployment_clean_val,opus_16k_voip,SoundRep,0,f1,0.6195426195426196
sep28k,deployment_deg_val,opus_16k_voip,SoundRep,0,f1,0.6168768186226964
sep28k,matched_retraining,opus_16k_voip,SoundRep,0,f1,0.6215644820295984
sep28k,majority_vote_fixed,opus_16k_voip,SoundRep,0,f1,0.43045387994143486
sep28k,deployment_fixed,opus_16k_voip,SoundRep,0,precision,0.5797665369649806
sep28k,deployment_clean_val,opus_16k_voip,SoundRep,0,precision,0.5797665369649806
sep28k,deployment_deg_val,opus_16k_voip,SoundRep,0,precision,0.5454545454545454
sep28k,matched_retraining,opus_16k_voip,SoundRep,0,precision,0.5903614457831325
sep28k,majority_vote_fixed,opus_16k_voip,SoundRep,0,precision,0.28599221789883267
sep28k,deployment_fixed,opus_16k_voip,SoundRep,0,recall,0.6651785714285714
sep28k,deployment_clean_val,opus_16k_voip,SoundRep,0,recall,0.6651785714285714
sep28k,deployment_deg_val,opus_16k_voip,SoundRep,0,recall,0.7098214285714286
sep28k,matched_retraining,opus_16k_voip,SoundRep,0,recall,0.65625
sep28k,majority_vote_fixed,opus_16k_voip,SoundRep,0,recall,0.8698224852071006
sep28k,deployment_fixed,opus_16k_voip,SoundRep,0,auc,0.8213123139880952
sep28k,deployment_clean_val,opus_16k_voip,SoundRep,0,auc,0.8213123139880952
sep28k,deployment_deg_val,opus_16k_voip,SoundRep,0,auc,0.8213123139880952
sep28k,matched_retraining,opus_16k_voip,SoundRep,0,auc,0.8224748883928572
sep28k,majority_vote_fixed,opus_16k_voip,SoundRep,0,auc,0.8838648853162642
sep28k,deployment_fixed,opus_16k_voip,SoundRep,0,pr_auc,0.6661860620550856
sep28k,deployment_clean_val,opus_16k_voip,SoundRep,0,pr_auc,0.6661860620550856
sep28k,deployment_deg_val,opus_16k_voip,SoundRep,0,pr_auc,0.6661860620550856
sep28k,matched_retraining,opus_16k_voip,SoundRep,0,pr_auc,0.667655170613592
sep28k,majority_vote_fixed,opus_16k_voip,SoundRep,0,pr_auc,0.522348834517843
sep28k,deployment_fixed,opus_16k_voip,SoundRep,0,ece,0.11400298812080593
sep28k,deployment_clean_val,opus_16k_voip,SoundRep,0,ece,0.11400298812080593
sep28k,deployment_deg_val,opus_16k_voip,SoundRep,0,ece,0.11400298812080593
sep28k,matched_retraining,opus_16k_voip,SoundRep,0,ece,0.11367375679629105
sep28k,majority_vote_fixed,opus_16k_voip,SoundRep,0,ece,0.28837798812080595
sep28k,deployment_fixed,opus_16k_voip,SoundRep,0,brier,0.15995332713654975
sep28k,deployment_clean_val,opus_16k_voip,SoundRep,0,brier,0.15995332713654975
sep28k,deployment_deg_val,opus_16k_voip,SoundRep,0,brier,0.15995332713654975
sep28k,matched_retraining,opus_16k_voip,SoundRep,0,brier,0.15897670287028437
sep28k,majority_vote_fixed,opus_16k_voip,SoundRep,0,brier,0.17745422310138126
sep28k,deployment_fixed,opus_16k_voip,WordRep,0,f1,0.6191709844559585
sep28k,deployment_clean_val,opus_16k_voip,WordRep,0,f1,0.6114457831325302
sep28k,deployment_deg_val,opus_16k_voip,WordRep,0,f1,0.6218487394957983
sep28k,matched_retraining,opus_16k_voip,WordRep,0,f1,0.6139896373056994
sep28k,majority_vote_fixed,opus_16k_voip,WordRep,0,f1,0.5304212168486739
sep28k,deployment_fixed,opus_16k_voip,WordRep,0,precision,0.5469107551487414
sep28k,deployment_clean_val,opus_16k_voip,WordRep,0,precision,0.6170212765957447
sep28k,deployment_deg_val,opus_16k_voip,WordRep,0,precision,0.5857519788918206
sep28k,matched_retraining,opus_16k_voip,WordRep,0,precision,0.5423340961098398
sep28k,majority_vote_fixed,opus_16k_voip,WordRep,0,precision,0.3890160183066362
sep28k,deployment_fixed,opus_16k_voip,WordRep,0,recall,0.7134328358208956
sep28k,deployment_clean_val,opus_16k_voip,WordRep,0,recall,0.6059701492537314
sep28k,deployment_deg_val,opus_16k_voip,WordRep,0,recall,0.6626865671641791
sep28k,matched_retraining,opus_16k_voip,WordRep,0,recall,0.7074626865671642
sep28k,majority_vote_fixed,opus_16k_voip,WordRep,0,recall,0.8333333333333334
sep28k,deployment_fixed,opus_16k_voip,WordRep,0,auc,0.8633638133443455
sep28k,deployment_clean_val,opus_16k_voip,WordRep,0,auc,0.8633638133443455
sep28k,deployment_deg_val,opus_16k_voip,WordRep,0,auc,0.8633638133443455
sep28k,matched_retraining,opus_16k_voip,WordRep,0,auc,0.8621155094094743
sep28k,majority_vote_fixed,opus_16k_voip,WordRep,0,auc,0.9084042642845104
sep28k,deployment_fixed,opus_16k_voip,WordRep,0,pr_auc,0.6582812681374813
sep28k,deployment_clean_val,opus_16k_voip,WordRep,0,pr_auc,0.6582812681374813
sep28k,deployment_deg_val,opus_16k_voip,WordRep,0,pr_auc,0.6582812681374813
sep28k,matched_retraining,opus_16k_voip,WordRep,0,pr_auc,0.656142443513991
sep28k,majority_vote_fixed,opus_16k_voip,WordRep,0,pr_auc,0.5769958557043992
sep28k,deployment_fixed,opus_16k_voip,WordRep,0,ece,0.15359325961621734
sep28k,deployment_clean_val,opus_16k_voip,WordRep,0,ece,0.15359325961621734
sep28k,deployment_deg_val,opus_16k_voip,WordRep,0,ece,0.15359325961621734
sep28k,matched_retraining,opus_16k_voip,WordRep,0,ece,0.15066371530270833
sep28k,majority_vote_fixed,opus_16k_voip,WordRep,0,ece,0.23546825961621734
sep28k,deployment_fixed,opus_16k_voip,WordRep,0,brier,0.13606352234501884
sep28k,deployment_clean_val,opus_16k_voip,WordRep,0,brier,0.13606352234501884
sep28k,deployment_deg_val,opus_16k_voip,WordRep,0,brier,0.13606352234501884
sep28k,matched_retraining,opus_16k_voip,WordRep,0,brier,0.13571156009395038
sep28k,majority_vote_fixed,opus_16k_voip,WordRep,0,brier,0.14058386514886978
sep28k,deployment_fixed,opus_16k_voip,Interjection,0,f1,0.7266375545851529
sep28k,deployment_clean_val,opus_16k_voip,Interjection,0,f1,0.7261802575107296
sep28k,deployment_deg_val,opus_16k_voip,Interjection,0,f1,0.7228260869565217
sep28k,matched_retraining,opus_16k_voip,Interjection,0,f1,0.7253521126760564
sep28k,majority_vote_fixed,opus_16k_voip,Interjection,0,f1,0.7022900763358778
sep28k,deployment_fixed,opus_16k_voip,Interjection,0,precision,0.7428571428571429
sep28k,deployment_clean_val,opus_16k_voip,Interjection,0,precision,0.7293103448275862
sep28k,deployment_deg_val,opus_16k_voip,Interjection,0,precision,0.7687861271676301
sep28k,matched_retraining,opus_16k_voip,Interjection,0,precision,0.7477313974591652
sep28k,majority_vote_fixed,opus_16k_voip,Interjection,0,precision,0.575
sep28k,deployment_fixed,opus_16k_voip,Interjection,0,recall,0.7111111111111111
sep28k,deployment_clean_val,opus_16k_voip,Interjection,0,recall,0.7230769230769231
sep28k,deployment_deg_val,opus_16k_voip,Interjection,0,recall,0.6820512820512821
sep28k,matched_retraining,opus_16k_voip,Interjection,0,recall,0.7042735042735043
sep28k,majority_vote_fixed,opus_16k_voip,Interjection,0,recall,0.9019607843137255
sep28k,deployment_fixed,opus_16k_voip,Interjection,0,auc,0.8488804681908131
sep28k,deployment_clean_val,opus_16k_voip,Interjection,0,auc,0.8488804681908131
sep28k,deployment_deg_val,opus_16k_voip,Interjection,0,auc,0.8488804681908131
sep28k,matched_retraining,opus_16k_voip,Interjection,0,auc,0.851201212580523
sep28k,majority_vote_fixed,opus_16k_voip,Interjection,0,auc,0.9321398712340929
sep28k,deployment_fixed,opus_16k_voip,Interjection,0,pr_auc,0.822651115607644
sep28k,deployment_clean_val,opus_16k_voip,Interjection,0,pr_auc,0.822651115607644
sep28k,deployment_deg_val,opus_16k_voip,Interjection,0,pr_auc,0.822651115607644
sep28k,matched_retraining,opus_16k_voip,Interjection,0,pr_auc,0.8251827019839434
sep28k,majority_vote_fixed,opus_16k_voip,Interjection,0,pr_auc,0.8360038742724532
sep28k,deployment_fixed,opus_16k_voip,Interjection,0,ece,0.07476770814259191
sep28k,deployment_clean_val,opus_16k_voip,Interjection,0,ece,0.07476770814259191
sep28k,deployment_deg_val,opus_16k_voip,Interjection,0,ece,0.07476770814259191
sep28k,matched_retraining,opus_16k_voip,Interjection,0,ece,0.06902118815908379
sep28k,majority_vote_fixed,opus_16k_voip,Interjection,0,ece,0.20840001956879436
sep28k,deployment_fixed,opus_16k_voip,Interjection,0,brier,0.14515202956398934
sep28k,deployment_clean_val,opus_16k_voip,Interjection,0,brier,0.14515202956398934
sep28k,deployment_deg_val,opus_16k_voip,Interjection,0,brier,0.14515202956398934
sep28k,matched_retraining,opus_16k_voip,Interjection,0,brier,0.14268131919825602
sep28k,majority_vote_fixed,opus_16k_voip,Interjection,0,brier,0.1338624045192784
sep28k,deployment_fixed,vad_agg3,Block,0,f1,0.4607329842931937
sep28k,deployment_clean_val,vad_agg3,Block,0,f1,0.6033857315598549
sep28k,deployment_deg_val,vad_agg3,Block,0,f1,0.6154628687690743
sep28k,matched_retraining,vad_agg3,Block,0,f1,0.5910290237467019
sep28k,majority_vote_fixed,vad_agg3,Block,0,f1,0.2688
sep28k,deployment_fixed,vad_agg3,Block,0,precision,0.6068965517241379
sep28k,deployment_clean_val,vad_agg3,Block,0,precision,0.5291622481442205
sep28k,deployment_deg_val,vad_agg3,Block,0,precision,0.4820717131474104
sep28k,matched_retraining,vad_agg3,Block,0,precision,0.5565217391304348
sep28k,majority_vote_fixed,vad_agg3,Block,0,precision,0.19310344827586207
sep28k,deployment_fixed,vad_agg3,Block,0,recall,0.37130801687763715
sep28k,deployment_clean_val,vad_agg3,Block,0,recall,0.7018284106891702
sep28k,deployment_deg_val,vad_agg3,Block,0,recall,0.8509142053445851
sep28k,matched_retraining,vad_agg3,Block,0,recall,0.630098452883263
sep28k,majority_vote_fixed,vad_agg3,Block,0,recall,0.4421052631578947
sep28k,deployment_fixed,vad_agg3,Block,0,auc,0.638246168596014
sep28k,deployment_clean_val,vad_agg3,Block,0,auc,0.638246168596014
sep28k,deployment_deg_val,vad_agg3,Block,0,auc,0.638246168596014
sep28k,matched_retraining,vad_agg3,Block,0,auc,0.6563309333168796
sep28k,majority_vote_fixed,vad_agg3,Block,0,auc,0.6481410974244121
sep28k,deployment_fixed,vad_agg3,Block,0,pr_auc,0.5977427561869659
sep28k,deployment_clean_val,vad_agg3,Block,0,pr_auc,0.5977427561869659
sep28k,deployment_deg_val,vad_agg3,Block,0,pr_auc,0.5977427561869659
sep28k,matched_retraining,vad_agg3,Block,0,pr_auc,0.5996830963048734
sep28k,majority_vote_fixed,vad_agg3,Block,0,pr_auc,0.21230094080688292
sep28k,deployment_fixed,vad_agg3,Block,0,ece,0.10434422248582038
sep28k,deployment_clean_val,vad_agg3,Block,0,ece,0.10434422248582038
sep28k,deployment_deg_val,vad_agg3,Block,0,ece,0.10434422248582038
sep28k,matched_retraining,vad_agg3,Block,0,ece,0.07547105677678541
sep28k,majority_vote_fixed,vad_agg3,Block,0,ece,0.2522943731702171
sep28k,deployment_fixed,vad_agg3,Block,0,brier,0.24516339915859503
sep28k,deployment_clean_val,vad_agg3,Block,0,brier,0.24516339915859503
sep28k,deployment_deg_val,vad_agg3,Block,0,brier,0.24516339915859503
sep28k,matched_retraining,vad_agg3,Block,0,brier,0.23713669659320138
sep28k,majority_vote_fixed,vad_agg3,Block,0,brier,0.1900139277781896
sep28k,deployment_fixed,vad_agg3,Prolongation,0,f1,0.5816593886462882
sep28k,deployment_clean_val,vad_agg3,Prolongation,0,f1,0.60015467904099
sep28k,deployment_deg_val,vad_agg3,Prolongation,0,f1,0.60015467904099
sep28k,matched_retraining,vad_agg3,Prolongation,0,f1,0.5759599332220368
sep28k,majority_vote_fixed,vad_agg3,Prolongation,0,f1,0.3341902313624679
sep28k,deployment_fixed,vad_agg3,Prolongation,0,precision,0.5513245033112583
sep28k,deployment_clean_val,vad_agg3,Prolongation,0,precision,0.5159574468085106
sep28k,deployment_deg_val,vad_agg3,Prolongation,0,precision,0.5159574468085106
sep28k,matched_retraining,vad_agg3,Prolongation,0,precision,0.5251141552511416
sep28k,majority_vote_fixed,vad_agg3,Prolongation,0,precision,0.2152317880794702
sep28k,deployment_fixed,vad_agg3,Prolongation,0,recall,0.6155268022181146
sep28k,deployment_clean_val,vad_agg3,Prolongation,0,recall,0.7171903881700554
sep28k,deployment_deg_val,vad_agg3,Prolongation,0,recall,0.7171903881700554
sep28k,matched_retraining,vad_agg3,Prolongation,0,recall,0.6377079482439926
sep28k,majority_vote_fixed,vad_agg3,Prolongation,0,recall,0.7471264367816092
sep28k,deployment_fixed,vad_agg3,Prolongation,0,auc,0.7550962701533724
sep28k,deployment_clean_val,vad_agg3,Prolongation,0,auc,0.7550962701533724
sep28k,deployment_deg_val,vad_agg3,Prolongation,0,auc,0.7550962701533724
sep28k,matched_retraining,vad_agg3,Prolongation,0,auc,0.7543579458876385
sep28k,majority_vote_fixed,vad_agg3,Prolongation,0,auc,0.7926722122809563
sep28k,deployment_fixed,vad_agg3,Prolongation,0,pr_auc,0.641975411822764
sep28k,deployment_clean_val,vad_agg3,Prolongation,0,pr_auc,0.641975411822764
sep28k,deployment_deg_val,vad_agg3,Prolongation,0,pr_auc,0.641975411822764
sep28k,matched_retraining,vad_agg3,Prolongation,0,pr_auc,0.633799124567538
sep28k,majority_vote_fixed,vad_agg3,Prolongation,0,pr_auc,0.3691002526536846
sep28k,deployment_fixed,vad_agg3,Prolongation,0,ece,0.09924236816789468
sep28k,deployment_clean_val,vad_agg3,Prolongation,0,ece,0.09924236816789468
sep28k,deployment_deg_val,vad_agg3,Prolongation,0,ece,0.09924236816789468
sep28k,matched_retraining,vad_agg3,Prolongation,0,ece,0.11496087765489645
sep28k,majority_vote_fixed,vad_agg3,Prolongation,0,ece,0.31703812654286856
sep28k,deployment_fixed,vad_agg3,Prolongation,0,brier,0.1986375307865941
sep28k,deployment_clean_val,vad_agg3,Prolongation,0,brier,0.1986375307865941
sep28k,deployment_deg_val,vad_agg3,Prolongation,0,brier,0.1986375307865941
sep28k,matched_retraining,vad_agg3,Prolongation,0,brier,0.19759765656023334
sep28k,majority_vote_fixed,vad_agg3,Prolongation,0,brier,0.22400583955022504
sep28k,deployment_fixed,vad_agg3,SoundRep,0,f1,0.5839572192513369
sep28k,deployment_clean_val,vad_agg3,SoundRep,0,f1,0.5839572192513369
sep28k,deployment_deg_val,vad_agg3,SoundRep,0,f1,0.6
sep28k,matched_retraining,vad_agg3,SoundRep,0,f1,0.5916069600818833
sep28k,majority_vote_fixed,vad_agg3,SoundRep,0,f1,0.4054878048780488
sep28k,deployment_fixed,vad_agg3,SoundRep,0,precision,0.5605749486652978
sep28k,deployment_clean_val,vad_agg3,SoundRep,0,precision,0.5605749486652978
sep28k,deployment_deg_val,vad_agg3,SoundRep,0,precision,0.5309278350515464
sep28k,matched_retraining,vad_agg3,SoundRep,0,precision,0.5463137996219282
sep28k,majority_vote_fixed,vad_agg3,SoundRep,0,precision,0.2731006160164271
sep28k,deployment_fixed,vad_agg3,SoundRep,0,recall,0.609375
sep28k,deployment_clean_val,vad_agg3,SoundRep,0,recall,0.609375
sep28k,deployment_deg_val,vad_agg3,SoundRep,0,recall,0.6897321428571429
sep28k,matched_retraining,vad_agg3,SoundRep,0,recall,0.6450892857142857
sep28k,majority_vote_fixed,vad_agg3,SoundRep,0,recall,0.7869822485207101
sep28k,deployment_fixed,vad_agg3,SoundRep,0,auc,0.7808760385664681
sep28k,deployment_clean_val,vad_agg3,SoundRep,0,auc,0.7808760385664681
sep28k,deployment_deg_val,vad_agg3,SoundRep,0,auc,0.7808760385664681
sep28k,matched_retraining,vad_agg3,SoundRep,0,auc,0.779050796750992
sep28k,majority_vote_fixed,vad_agg3,SoundRep,0,auc,0.8425936263381837
sep28k,deployment_fixed,vad_agg3,SoundRep,0,pr_auc,0.6020248449345948
sep28k,deployment_clean_val,vad_agg3,SoundRep,0,pr_auc,0.6020248449345948
sep28k,deployment_deg_val,vad_agg3,SoundRep,0,pr_auc,0.6020248449345948
sep28k,matched_retraining,vad_agg3,SoundRep,0,pr_auc,0.6172405368035615
sep28k,majority_vote_fixed,vad_agg3,SoundRep,0,pr_auc,0.4381087414776379
sep28k,deployment_fixed,vad_agg3,SoundRep,0,ece,0.10502480528439374
sep28k,deployment_clean_val,vad_agg3,SoundRep,0,ece,0.10502480528439374
sep28k,deployment_deg_val,vad_agg3,SoundRep,0,ece,0.10502480528439374
sep28k,matched_retraining,vad_agg3,SoundRep,0,ece,0.1378674229383306
sep28k,majority_vote_fixed,vad_agg3,SoundRep,0,ece,0.26493058714614093
sep28k,deployment_fixed,vad_agg3,SoundRep,0,brier,0.17542050584840452
sep28k,deployment_clean_val,vad_agg3,SoundRep,0,brier,0.17542050584840452
sep28k,deployment_deg_val,vad_agg3,SoundRep,0,brier,0.17542050584840452
sep28k,matched_retraining,vad_agg3,SoundRep,0,brier,0.17791180471030324
sep28k,majority_vote_fixed,vad_agg3,SoundRep,0,brier,0.18096877155396895
sep28k,deployment_fixed,vad_agg3,WordRep,0,f1,0.5511651469098278
sep28k,deployment_clean_val,vad_agg3,WordRep,0,f1,0.5822784810126582
sep28k,deployment_deg_val,vad_agg3,WordRep,0,f1,0.6231292517006802
sep28k,matched_retraining,vad_agg3,WordRep,0,f1,0.6328125
sep28k,majority_vote_fixed,vad_agg3,WordRep,0,f1,0.4439252336448598
sep28k,deployment_fixed,vad_agg3,WordRep,0,precision,0.4171779141104294
sep28k,deployment_clean_val,vad_agg3,WordRep,0,precision,0.4737827715355805
sep28k,deployment_deg_val,vad_agg3,WordRep,0,precision,0.5725
sep28k,matched_retraining,vad_agg3,WordRep,0,precision,0.5612009237875288
sep28k,majority_vote_fixed,vad_agg3,WordRep,0,precision,0.29141104294478526
sep28k,deployment_fixed,vad_agg3,WordRep,0,recall,0.8119402985074626
sep28k,deployment_clean_val,vad_agg3,WordRep,0,recall,0.755223880597015
sep28k,deployment_deg_val,vad_agg3,WordRep,0,recall,0.6835820895522388
sep28k,matched_retraining,vad_agg3,WordRep,0,recall,0.7253731343283583
sep28k,majority_vote_fixed,vad_agg3,WordRep,0,recall,0.9313725490196079
sep28k,deployment_fixed,vad_agg3,WordRep,0,auc,0.8412058285646865
sep28k,deployment_clean_val,vad_agg3,WordRep,0,auc,0.8412058285646865
sep28k,deployment_deg_val,vad_agg3,WordRep,0,auc,0.8412058285646865
sep28k,matched_retraining,vad_agg3,WordRep,0,auc,0.8529479086779541
sep28k,majority_vote_fixed,vad_agg3,WordRep,0,auc,0.8926484633968201
sep28k,deployment_fixed,vad_agg3,WordRep,0,pr_auc,0.6526377123977235
sep28k,deployment_clean_val,vad_agg3,WordRep,0,pr_auc,0.6526377123977235
sep28k,deployment_deg_val,vad_agg3,WordRep,0,pr_auc,0.6526377123977235
sep28k,matched_retraining,vad_agg3,WordRep,0,pr_auc,0.6829237284201225
sep28k,majority_vote_fixed,vad_agg3,WordRep,0,pr_auc,0.5451330367385914
sep28k,deployment_fixed,vad_agg3,WordRep,0,ece,0.23660615403861227
sep28k,deployment_clean_val,vad_agg3,WordRep,0,ece,0.23660615403861227
sep28k,deployment_deg_val,vad_agg3,WordRep,0,ece,0.23660615403861227
sep28k,matched_retraining,vad_agg3,WordRep,0,ece,0.1398693645784893
sep28k,majority_vote_fixed,vad_agg3,WordRep,0,ece,0.31848115403861227
sep28k,deployment_fixed,vad_agg3,WordRep,0,brier,0.19025893320398027
sep28k,deployment_clean_val,vad_agg3,WordRep,0,brier,0.19025893320398027
sep28k,deployment_deg_val,vad_agg3,WordRep,0,brier,0.19025893320398027
sep28k,matched_retraining,vad_agg3,WordRep,0,brier,0.13227161089113923
sep28k,majority_vote_fixed,vad_agg3,WordRep,0,brier,0.21104414433388477
sep28k,deployment_fixed,vad_agg3,Interjection,0,f1,0.7301310043668122
sep28k,deployment_clean_val,vad_agg3,Interjection,0,f1,0.7306015693112468
sep28k,deployment_deg_val,vad_agg3,Interjection,0,f1,0.7235555555555555
sep28k,matched_retraining,vad_agg3,Interjection,0,f1,0.7272727272727273
sep28k,majority_vote_fixed,vad_agg3,Interjection,0,f1,0.7022900763358778
sep28k,deployment_fixed,vad_agg3,Interjection,0,precision,0.7464285714285714
sep28k,deployment_clean_val,vad_agg3,Interjection,0,precision,0.7455516014234875
sep28k,deployment_deg_val,vad_agg3,Interjection,0,precision,0.7537037037037037
sep28k,matched_retraining,vad_agg3,Interjection,0,precision,0.7441860465116279
sep28k,majority_vote_fixed,vad_agg3,Interjection,0,precision,0.575
sep28k,deployment_fixed,vad_agg3,Interjection,0,recall,0.7145299145299145
sep28k,deployment_clean_val,vad_agg3,Interjection,0,recall,0.7162393162393162
sep28k,deployment_deg_val,vad_agg3,Interjection,0,recall,0.6957264957264957
sep28k,matched_retraining,vad_agg3,Interjection,0,recall,0.7111111111111111
sep28k,majority_vote_fixed,vad_agg3,Interjection,0,recall,0.9019607843137255
sep28k,deployment_fixed,vad_agg3,Interjection,0,auc,0.8457479685065893
sep28k,deployment_clean_val,vad_agg3,Interjection,0,auc,0.8457479685065893
sep28k,deployment_deg_val,vad_agg3,Interjection,0,auc,0.8457479685065893
sep28k,matched_retraining,vad_agg3,Interjection,0,auc,0.8464990947749567
sep28k,majority_vote_fixed,vad_agg3,Interjection,0,auc,0.9293770605587368
sep28k,deployment_fixed,vad_agg3,Interjection,0,pr_auc,0.822349197655248
sep28k,deployment_clean_val,vad_agg3,Interjection,0,pr_auc,0.822349197655248
sep28k,deployment_deg_val,vad_agg3,Interjection,0,pr_auc,0.822349197655248
sep28k,matched_retraining,vad_agg3,Interjection,0,pr_auc,0.8273798994578881
sep28k,majority_vote_fixed,vad_agg3,Interjection,0,pr_auc,0.8373998821768275
sep28k,deployment_fixed,vad_agg3,Interjection,0,ece,0.07603015601184847
sep28k,deployment_clean_val,vad_agg3,Interjection,0,ece,0.07603015601184847
sep28k,deployment_deg_val,vad_agg3,Interjection,0,ece,0.07603015601184847
sep28k,matched_retraining,vad_agg3,Interjection,0,ece,0.07341240844714544
sep28k,majority_vote_fixed,vad_agg3,Interjection,0,ece,0.1887777333929009
sep28k,deployment_fixed,vad_agg3,Interjection,0,brier,0.14716919791286862
sep28k,deployment_clean_val,vad_agg3,Interjection,0,brier,0.14716919791286862
sep28k,deployment_deg_val,vad_agg3,Interjection,0,brier,0.14716919791286862
sep28k,matched_retraining,vad_agg3,Interjection,0,brier,0.14480930838108275
sep28k,majority_vote_fixed,vad_agg3,Interjection,0,brier,0.13333428540444692
sep28k,deployment_fixed,vad_zero,Block,0,f1,0.4595300261096606
sep28k,deployment_clean_val,vad_zero,Block,0,f1,0.6027548209366391
sep28k,deployment_deg_val,vad_zero,Block,0,f1,0.6142728093947606
sep28k,matched_retraining,vad_zero,Block,0,f1,0.6024096385542169
sep28k,majority_vote_fixed,vad_zero,Block,0,f1,0.2515923566878981
sep28k,deployment_fixed,vad_zero,Block,0,precision,0.6027397260273972
sep28k,deployment_clean_val,vad_zero,Block,0,precision,0.4954710144927536
sep28k,deployment_deg_val,vad_zero,Block,0,precision,0.4524284763805722
sep28k,matched_retraining,vad_zero,Block,0,precision,0.5747126436781609
sep28k,majority_vote_fixed,vad_zero,Block,0,precision,0.18036529680365296
sep28k,deployment_fixed,vad_zero,Block,0,recall,0.37130801687763715
sep28k,deployment_clean_val,vad_zero,Block,0,recall,0.7693389592123769
sep28k,deployment_deg_val,vad_zero,Block,0,recall,0.9563994374120957
sep28k,matched_retraining,vad_zero,Block,0,recall,0.6329113924050633
sep28k,majority_vote_fixed,vad_zero,Block,0,recall,0.41578947368421054
sep28k,deployment_fixed,vad_zero,Block,0,auc,0.6238808756500375
sep28k,deployment_clean_val,vad_zero,Block,0,auc,0.6238808756500375
sep28k,deployment_deg_val,vad_zero,Block,0,auc,0.6238808756500375
sep28k,matched_retraining,vad_zero,Block,0,auc,0.6689306241783068
sep28k,majority_vote_fixed,vad_zero,Block,0,auc,0.6143971631205674
sep28k,deployment_fixed,vad_zero,Block,0,pr_auc,0.5846138877738289
sep28k,deployment_clean_val,vad_zero,Block,0,pr_auc,0.5846138877738289
sep28k,deployment_deg_val,vad_zero,Block,0,pr_auc,0.5846138877738289
sep28k,matched_retraining,vad_zero,Block,0,pr_auc,0.6263397832105354
sep28k,majority_vote_fixed,vad_zero,Block,0,pr_auc,0.1992266554920596
sep28k,deployment_fixed,vad_zero,Block,0,ece,0.07273718649471272
sep28k,deployment_clean_val,vad_zero,Block,0,ece,0.07273718649471272
sep28k,deployment_deg_val,vad_zero,Block,0,ece,0.07273718649471272
sep28k,matched_retraining,vad_zero,Block,0,ece,0.06896505695842278
sep28k,majority_vote_fixed,vad_zero,Block,0,ece,0.2759522289882552
sep28k,deployment_fixed,vad_zero,Block,0,brier,0.24290451011768488
sep28k,deployment_clean_val,vad_zero,Block,0,brier,0.24290451011768488
sep28k,deployment_deg_val,vad_zero,Block,0,brier,0.24290451011768488
sep28k,matched_retraining,vad_zero,Block,0,brier,0.22928708737903356
sep28k,majority_vote_fixed,vad_zero,Block,0,brier,0.19685065104878732
sep28k,deployment_fixed,vad_zero,Prolongation,0,f1,0.5444444444444444
sep28k,deployment_clean_val,vad_zero,Prolongation,0,f1,0.5639445300462249
sep28k,deployment_deg_val,vad_zero,Prolongation,0,f1,0.5691527878349022
sep28k,matched_retraining,vad_zero,Prolongation,0,f1,0.588716271463614
sep28k,majority_vote_fixed,vad_zero,Prolongation,0,f1,0.31977559607293127
sep28k,deployment_fixed,vad_zero,Prolongation,0,precision,0.5454545454545454
sep28k,deployment_clean_val,vad_zero,Prolongation,0,precision,0.48348745046235136
sep28k,deployment_deg_val,vad_zero,Prolongation,0,precision,0.46785714285714286
sep28k,matched_retraining,vad_zero,Prolongation,0,precision,0.5278592375366569
sep28k,majority_vote_fixed,vad_zero,Prolongation,0,precision,0.21150278293135436
sep28k,deployment_fixed,vad_zero,Prolongation,0,recall,0.5434380776340111
sep28k,deployment_clean_val,vad_zero,Prolongation,0,recall,0.6765249537892791
sep28k,deployment_deg_val,vad_zero,Prolongation,0,recall,0.7264325323475046
sep28k,matched_retraining,vad_zero,Prolongation,0,recall,0.6654343807763401
sep28k,majority_vote_fixed,vad_zero,Prolongation,0,recall,0.6551724137931034
sep28k,deployment_fixed,vad_zero,Prolongation,0,auc,0.7128058242090067
sep28k,deployment_clean_val,vad_zero,Prolongation,0,auc,0.7128058242090067
sep28k,deployment_deg_val,vad_zero,Prolongation,0,auc,0.7128058242090067
sep28k,matched_retraining,vad_zero,Prolongation,0,auc,0.7567788814823737
sep28k,majority_vote_fixed,vad_zero,Prolongation,0,auc,0.7394971868904258
sep28k,deployment_fixed,vad_zero,Prolongation,0,pr_auc,0.595860444429071
sep28k,deployment_clean_val,vad_zero,Prolongation,0,pr_auc,0.595860444429071
sep28k,deployment_deg_val,vad_zero,Prolongation,0,pr_auc,0.595860444429071
sep28k,matched_retraining,vad_zero,Prolongation,0,pr_auc,0.6373137154143433
sep28k,majority_vote_fixed,vad_zero,Prolongation,0,pr_auc,0.35936454469140805
sep28k,deployment_fixed,vad_zero,Prolongation,0,ece,0.08941526393833406
sep28k,deployment_clean_val,vad_zero,Prolongation,0,ece,0.08941526393833406
sep28k,deployment_deg_val,vad_zero,Prolongation,0,ece,0.08941526393833406
sep28k,matched_retraining,vad_zero,Prolongation,0,ece,0.12554061217474377
sep28k,majority_vote_fixed,vad_zero,Prolongation,0,ece,0.3076019713742167
sep28k,deployment_fixed,vad_zero,Prolongation,0,brier,0.20210617234635536
sep28k,deployment_clean_val,vad_zero,Prolongation,0,brier,0.20210617234635536
sep28k,deployment_deg_val,vad_zero,Prolongation,0,brier,0.20210617234635536
sep28k,matched_retraining,vad_zero,Prolongation,0,brier,0.1983973894876447
sep28k,majority_vote_fixed,vad_zero,Prolongation,0,brier,0.20099810313639282
sep28k,deployment_fixed,vad_zero,SoundRep,0,f1,0.5101522842639594
sep28k,deployment_clean_val,vad_zero,SoundRep,0,f1,0.5101522842639594
sep28k,deployment_deg_val,vad_zero,SoundRep,0,f1,0.5719661335841957
sep28k,matched_retraining,vad_zero,SoundRep,0,f1,0.6030150753768844
sep28k,majority_vote_fixed,vad_zero,SoundRep,0,f1,0.412573673870334
sep28k,deployment_fixed,vad_zero,SoundRep,0,precision,0.5911764705882353
sep28k,deployment_clean_val,vad_zero,SoundRep,0,precision,0.5911764705882353
sep28k,deployment_deg_val,vad_zero,SoundRep,0,precision,0.4943089430894309
sep28k,matched_retraining,vad_zero,SoundRep,0,precision,0.5484460694698354
sep28k,majority_vote_fixed,vad_zero,SoundRep,0,precision,0.3088235294117647
sep28k,deployment_fixed,vad_zero,SoundRep,0,recall,0.4486607142857143
sep28k,deployment_clean_val,vad_zero,SoundRep,0,recall,0.4486607142857143
sep28k,deployment_deg_val,vad_zero,SoundRep,0,recall,0.6785714285714286
sep28k,matched_retraining,vad_zero,SoundRep,0,recall,0.6696428571428571
sep28k,majority_vote_fixed,vad_zero,SoundRep,0,recall,0.621301775147929
sep28k,deployment_fixed,vad_zero,SoundRep,0,auc,0.760529048859127
sep28k,deployment_clean_val,vad_zero,SoundRep,0,auc,0.760529048859127
sep28k,deployment_deg_val,vad_zero,SoundRep,0,auc,0.760529048859127
sep28k,matched_retraining,vad_zero,SoundRep,0,auc,0.7929009331597221
sep28k,majority_vote_fixed,vad_zero,SoundRep,0,auc,0.8201117272234835
sep28k,deployment_fixed,vad_zero,SoundRep,0,pr_auc,0.5817646218007853
sep28k,deployment_clean_val,vad_zero,SoundRep,0,pr_auc,0.5817646218007853
sep28k,deployment_deg_val,vad_zero,SoundRep,0,pr_auc,0.5817646218007853
sep28k,matched_retraining,vad_zero,SoundRep,0,pr_auc,0.6201166609388706
sep28k,majority_vote_fixed,vad_zero,SoundRep,0,pr_auc,0.4220318114352317
sep28k,deployment_fixed,vad_zero,SoundRep,0,ece,0.0468022625060991
sep28k,deployment_clean_val,vad_zero,SoundRep,0,ece,0.0468022625060991
sep28k,deployment_deg_val,vad_zero,SoundRep,0,ece,0.0468022625060991
sep28k,matched_retraining,vad_zero,SoundRep,0,ece,0.12869354207852704
sep28k,majority_vote_fixed,vad_zero,SoundRep,0,ece,0.20221022968340138
sep28k,deployment_fixed,vad_zero,SoundRep,0,brier,0.16612717620143705
sep28k,deployment_clean_val,vad_zero,SoundRep,0,brier,0.16612717620143705
sep28k,deployment_deg_val,vad_zero,SoundRep,0,brier,0.16612717620143705
sep28k,matched_retraining,vad_zero,SoundRep,0,brier,0.17362399317117624
sep28k,majority_vote_fixed,vad_zero,SoundRep,0,brier,0.1353420193524605
sep28k,deployment_fixed,vad_zero,WordRep,0,f1,0.5616224648985959
sep28k,deployment_clean_val,vad_zero,WordRep,0,f1,0.5307557117750439
sep28k,deployment_deg_val,vad_zero,WordRep,0,f1,0.5615141955835962
sep28k,matched_retraining,vad_zero,WordRep,0,f1,0.602287166454892
sep28k,majority_vote_fixed,vad_zero,WordRep,0,f1,0.5294117647058824
sep28k,deployment_fixed,vad_zero,WordRep,0,precision,0.5882352941176471
sep28k,deployment_clean_val,vad_zero,WordRep,0,precision,0.6452991452991453
sep28k,deployment_deg_val,vad_zero,WordRep,0,precision,0.5953177257525084
sep28k,matched_retraining,vad_zero,WordRep,0,precision,0.5243362831858407
sep28k,majority_vote_fixed,vad_zero,WordRep,0,precision,0.4411764705882353
sep28k,deployment_fixed,vad_zero,WordRep,0,recall,0.5373134328358209
sep28k,deployment_clean_val,vad_zero,WordRep,0,recall,0.4507462686567164
sep28k,deployment_deg_val,vad_zero,WordRep,0,recall,0.5313432835820896
sep28k,matched_retraining,vad_zero,WordRep,0,recall,0.7074626865671642
sep28k,majority_vote_fixed,vad_zero,WordRep,0,recall,0.6617647058823529
sep28k,deployment_fixed,vad_zero,WordRep,0,auc,0.80575541266002
sep28k,deployment_clean_val,vad_zero,WordRep,0,auc,0.80575541266002
sep28k,deployment_deg_val,vad_zero,WordRep,0,auc,0.80575541266002
sep28k,matched_retraining,vad_zero,WordRep,0,auc,0.8413497728747565
sep28k,majority_vote_fixed,vad_zero,WordRep,0,auc,0.8592336648126299
sep28k,deployment_fixed,vad_zero,WordRep,0,pr_auc,0.5856117032813652
sep28k,deployment_clean_val,vad_zero,WordRep,0,pr_auc,0.5856117032813652
sep28k,deployment_deg_val,vad_zero,WordRep,0,pr_auc,0.5856117032813652
sep28k,matched_retraining,vad_zero,WordRep,0,pr_auc,0.6196227191005097
sep28k,majority_vote_fixed,vad_zero,WordRep,0,pr_auc,0.5161555706142876
sep28k,deployment_fixed,vad_zero,WordRep,0,ece,0.08128643529815756
sep28k,deployment_clean_val,vad_zero,WordRep,0,ece,0.08128643529815756
sep28k,deployment_deg_val,vad_zero,WordRep,0,ece,0.08128643529815756
sep28k,matched_retraining,vad_zero,WordRep,0,ece,0.16047038181294718
sep28k,majority_vote_fixed,vad_zero,WordRep,0,ece,0.16316143529815755
sep28k,deployment_fixed,vad_zero,WordRep,0,brier,0.13264070980820347
sep28k,deployment_clean_val,vad_zero,WordRep,0,brier,0.13264070980820347
sep28k,deployment_deg_val,vad_zero,WordRep,0,brier,0.13264070980820347
sep28k,matched_retraining,vad_zero,WordRep,0,brier,0.1450611047755742
sep28k,majority_vote_fixed,vad_zero,WordRep,0,brier,0.11694031957307292
sep28k,deployment_fixed,vad_zero,Interjection,0,f1,0.6577319587628866
sep28k,deployment_clean_val,vad_zero,Interjection,0,f1,0.661207778915046
sep28k,deployment_deg_val,vad_zero,Interjection,0,f1,0.6863406408094435
sep28k,matched_retraining,vad_zero,Interjection,0,f1,0.7272727272727273
sep28k,majority_vote_fixed,vad_zero,Interjection,0,f1,0.6981132075471698
sep28k,deployment_fixed,vad_zero,Interjection,0,precision,0.8285714285714286
sep28k,deployment_clean_val,vad_zero,Interjection,0,precision,0.8239795918367347
sep28k,deployment_deg_val,vad_zero,Interjection,0,precision,0.6772046589018302
sep28k,matched_retraining,vad_zero,Interjection,0,precision,0.7441860465116279
sep28k,majority_vote_fixed,vad_zero,Interjection,0,precision,0.6727272727272727
sep28k,deployment_fixed,vad_zero,Interjection,0,recall,0.5452991452991452
sep28k,deployment_clean_val,vad_zero,Interjection,0,recall,0.5521367521367522
sep28k,deployment_deg_val,vad_zero,Interjection,0,recall,0.6957264957264957
sep28k,matched_retraining,vad_zero,Interjection,0,recall,0.7111111111111111
sep28k,majority_vote_fixed,vad_zero,Interjection,0,recall,0.7254901960784313
sep28k,deployment_fixed,vad_zero,Interjection,0,auc,0.812612521578039
sep28k,deployment_clean_val,vad_zero,Interjection,0,auc,0.812612521578039
sep28k,deployment_deg_val,vad_zero,Interjection,0,auc,0.812612521578039
sep28k,matched_retraining,vad_zero,Interjection,0,auc,0.8429438760473243
sep28k,majority_vote_fixed,vad_zero,Interjection,0,auc,0.8947562935069443
sep28k,deployment_fixed,vad_zero,Interjection,0,pr_auc,0.7881797887556419
sep28k,deployment_clean_val,vad_zero,Interjection,0,pr_auc,0.7881797887556419
sep28k,deployment_deg_val,vad_zero,Interjection,0,pr_auc,0.7881797887556419
sep28k,matched_retraining,vad_zero,Interjection,0,pr_auc,0.8150372538053086
sep28k,majority_vote_fixed,vad_zero,Interjection,0,pr_auc,0.7844028102937588
sep28k,deployment_fixed,vad_zero,Interjection,0,ece,0.03581269716640009
sep28k,deployment_clean_val,vad_zero,Interjection,0,ece,0.03581269716640009
sep28k,deployment_deg_val,vad_zero,Interjection,0,ece,0.03581269716640009
sep28k,matched_retraining,vad_zero,Interjection,0,ece,0.0718200516808489
sep28k,majority_vote_fixed,vad_zero,Interjection,0,ece,0.11864352618731443
sep28k,deployment_fixed,vad_zero,Interjection,0,brier,0.15240826363638577
sep28k,deployment_clean_val,vad_zero,Interjection,0,brier,0.15240826363638577
sep28k,deployment_deg_val,vad_zero,Interjection,0,brier,0.15240826363638577
sep28k,matched_retraining,vad_zero,Interjection,0,brier,0.14751687621187645
sep28k,majority_vote_fixed,vad_zero,Interjection,0,brier,0.10964482188425866
sep28k,deployment_fixed,denoise,Block,0,f1,0.5456053067993366
sep28k,deployment_clean_val,denoise,Block,0,f1,0.6289791437980241
sep28k,deployment_deg_val,denoise,Block,0,f1,0.6290231507622812
sep28k,matched_retraining,denoise,Block,0,f1,0.6167706167706167
sep28k,majority_vote_fixed,denoise,Block,0,f1,0.3094890510948905
sep28k,deployment_fixed,denoise,Block,0,precision,0.6646464646464646
sep28k,deployment_clean_val,denoise,Block,0,precision,0.5157515751575158
sep28k,deployment_deg_val,denoise,Block,0,precision,0.5254716981132076
sep28k,matched_retraining,denoise,Block,0,precision,0.6079234972677595
sep28k,majority_vote_fixed,denoise,Block,0,precision,0.21414141414141413
sep28k,deployment_fixed,denoise,Block,0,recall,0.46272855133614627
sep28k,deployment_clean_val,denoise,Block,0,recall,0.8059071729957806
sep28k,deployment_deg_val,denoise,Block,0,recall,0.7834036568213784
sep28k,matched_retraining,denoise,Block,0,recall,0.6258790436005626
sep28k,majority_vote_fixed,denoise,Block,0,recall,0.5578947368421052
sep28k,deployment_fixed,denoise,Block,0,auc,0.6881386662110274
sep28k,deployment_clean_val,denoise,Block,0,auc,0.6881386662110274
sep28k,deployment_deg_val,denoise,Block,0,auc,0.6881386662110274
sep28k,matched_retraining,denoise,Block,0,auc,0.7132399589291845
sep28k,majority_vote_fixed,denoise,Block,0,auc,0.7101343784994402
sep28k,deployment_fixed,denoise,Block,0,pr_auc,0.6505143752077329
sep28k,deployment_clean_val,denoise,Block,0,pr_auc,0.6505143752077329
sep28k,deployment_deg_val,denoise,Block,0,pr_auc,0.6505143752077329
sep28k,matched_retraining,denoise,Block,0,pr_auc,0.6614709790316629
sep28k,majority_vote_fixed,denoise,Block,0,pr_auc,0.2618939303587734
sep28k,deployment_fixed,denoise,Block,0,ece,0.044187263668713846
sep28k,deployment_clean_val,denoise,Block,0,ece,0.044187263668713846
sep28k,deployment_deg_val,denoise,Block,0,ece,0.044187263668713846
sep28k,matched_retraining,denoise,Block,0,ece,0.05376916180840442
sep28k,majority_vote_fixed,denoise,Block,0,ece,0.28887220333370683
sep28k,deployment_fixed,denoise,Block,0,brier,0.22146518477639998
sep28k,deployment_clean_val,denoise,Block,0,brier,0.22146518477639998
sep28k,deployment_deg_val,denoise,Block,0,brier,0.22146518477639998
sep28k,matched_retraining,denoise,Block,0,brier,0.21586852287600813
sep28k,majority_vote_fixed,denoise,Block,0,brier,0.1950448323177319
sep28k,deployment_fixed,denoise,Prolongation,0,f1,0.55
sep28k,deployment_clean_val,denoise,Prolongation,0,f1,0.5771929824561404
sep28k,deployment_deg_val,denoise,Prolongation,0,f1,0.573170731707317
sep28k,matched_retraining,denoise,Prolongation,0,f1,0.6104901117798797
sep28k,majority_vote_fixed,denoise,Prolongation,0,f1,0.37436762225969644
sep28k,deployment_fixed,denoise,Prolongation,0,precision,0.630071599045346
sep28k,deployment_clean_val,denoise,Prolongation,0,precision,0.5492487479131887
sep28k,deployment_deg_val,denoise,Prolongation,0,precision,0.42766151046405826
sep28k,matched_retraining,denoise,Prolongation,0,precision,0.5707395498392283
sep28k,majority_vote_fixed,denoise,Prolongation,0,precision,0.2649164677804296
sep28k,deployment_fixed,denoise,Prolongation,0,recall,0.4879852125693161
sep28k,deployment_clean_val,denoise,Prolongation,0,recall,0.6081330868761553
sep28k,deployment_deg_val,denoise,Prolongation,0,recall,0.8687615526802218
sep28k,matched_retraining,denoise,Prolongation,0,recall,0.6561922365988909
sep28k,majority_vote_fixed,denoise,Prolongation,0,recall,0.6379310344827587
sep28k,deployment_fixed,denoise,Prolongation,0,auc,0.7525304624213893
sep28k,deployment_clean_val,denoise,Prolongation,0,auc,0.7525304624213893
sep28k,deployment_deg_val,denoise,Prolongation,0,auc,0.7525304624213893
sep28k,matched_retraining,denoise,Prolongation,0,auc,0.7736381582736827
sep28k,majority_vote_fixed,denoise,Prolongation,0,auc,0.8084062807306024
sep28k,deployment_fixed,denoise,Prolongation,0,pr_auc,0.6486853994110058
sep28k,deployment_clean_val,denoise,Prolongation,0,pr_auc,0.6486853994110058
sep28k,deployment_deg_val,denoise,Prolongation,0,pr_auc,0.6486853994110058
sep28k,matched_retraining,denoise,Prolongation,0,pr_auc,0.6651300457314661
sep28k,majority_vote_fixed,denoise,Prolongation,0,pr_auc,0.3883857850186357
sep28k,deployment_fixed,denoise,Prolongation,0,ece,0.04401310006998074
sep28k,deployment_clean_val,denoise,Prolongation,0,ece,0.04401310006998074
sep28k,deployment_deg_val,denoise,Prolongation,0,ece,0.04401310006998074
sep28k,matched_retraining,denoise,Prolongation,0,ece,0.11146910182407664
sep28k,majority_vote_fixed,denoise,Prolongation,0,ece,0.25726859364046395
sep28k,deployment_fixed,denoise,Prolongation,0,brier,0.18155285046976513
sep28k,deployment_clean_val,denoise,Prolongation,0,brier,0.18155285046976513
sep28k,deployment_deg_val,denoise,Prolongation,0,brier,0.18155285046976513
sep28k,matched_retraining,denoise,Prolongation,0,brier,0.1887037249313436
sep28k,majority_vote_fixed,denoise,Prolongation,0,brier,0.1618592242217702
sep28k,deployment_fixed,denoise,SoundRep,0,f1,0.5984766050054406
sep28k,deployment_clean_val,denoise,SoundRep,0,f1,0.5984766050054406
sep28k,deployment_deg_val,denoise,SoundRep,0,f1,0.6
sep28k,matched_retraining,denoise,SoundRep,0,f1,0.6053719008264463
sep28k,majority_vote_fixed,denoise,SoundRep,0,f1,0.409375
sep28k,deployment_fixed,denoise,SoundRep,0,precision,0.583864118895966
sep28k,deployment_clean_val,denoise,SoundRep,0,precision,0.583864118895966
sep28k,deployment_deg_val,denoise,SoundRep,0,precision,0.5061349693251533
sep28k,matched_retraining,denoise,SoundRep,0,precision,0.5634615384615385
sep28k,majority_vote_fixed,denoise,SoundRep,0,precision,0.2781316348195329
sep28k,deployment_fixed,denoise,SoundRep,0,recall,0.6138392857142857
sep28k,deployment_clean_val,denoise,SoundRep,0,recall,0.6138392857142857
sep28k,deployment_deg_val,denoise,SoundRep,0,recall,0.7366071428571429
sep28k,matched_retraining,denoise,SoundRep,0,recall,0.6540178571428571
sep28k,majority_vote_fixed,denoise,SoundRep,0,recall,0.7751479289940828
sep28k,deployment_fixed,denoise,SoundRep,0,auc,0.7963111514136906
sep28k,deployment_clean_val,denoise,SoundRep,0,auc,0.7963111514136906
sep28k,deployment_deg_val,denoise,SoundRep,0,auc,0.7963111514136906
sep28k,matched_retraining,denoise,SoundRep,0,auc,0.8113819909474207
sep28k,majority_vote_fixed,denoise,SoundRep,0,auc,0.8463523253073326
sep28k,deployment_fixed,denoise,SoundRep,0,pr_auc,0.6221339421989739
sep28k,deployment_clean_val,denoise,SoundRep,0,pr_auc,0.6221339421989739
sep28k,deployment_deg_val,denoise,SoundRep,0,pr_auc,0.6221339421989739
sep28k,matched_retraining,denoise,SoundRep,0,pr_auc,0.6499877944691533
sep28k,majority_vote_fixed,denoise,SoundRep,0,pr_auc,0.47037542243482877
sep28k,deployment_fixed,denoise,SoundRep,0,ece,0.1033694907426919
sep28k,deployment_clean_val,denoise,SoundRep,0,ece,0.1033694907426919
sep28k,deployment_deg_val,denoise,SoundRep,0,ece,0.1033694907426919
sep28k,matched_retraining,denoise,SoundRep,0,ece,0.1229185923664607
sep28k,majority_vote_fixed,denoise,SoundRep,0,ece,0.2777444907426919
sep28k,deployment_fixed,denoise,SoundRep,0,brier,0.16550454129462114
sep28k,deployment_clean_val,denoise,SoundRep,0,brier,0.16550454129462114
sep28k,deployment_deg_val,denoise,SoundRep,0,brier,0.16550454129462114
sep28k,matched_retraining,denoise,SoundRep,0,brier,0.16536106119764407
sep28k,majority_vote_fixed,denoise,SoundRep,0,brier,0.1697823969480657
sep28k,deployment_fixed,denoise,WordRep,0,f1,0.610126582278481
sep28k,deployment_clean_val,denoise,WordRep,0,f1,0.6231003039513677
sep28k,deployment_deg_val,denoise,WordRep,0,f1,0.6361031518624641
sep28k,matched_retraining,denoise,WordRep,0,f1,0.6185044359949303
sep28k,majority_vote_fixed,denoise,WordRep,0,f1,0.5098634294385432
sep28k,deployment_fixed,denoise,WordRep,0,precision,0.5296703296703297
sep28k,deployment_clean_val,denoise,WordRep,0,precision,0.6346749226006192
sep28k,deployment_deg_val,denoise,WordRep,0,precision,0.6115702479338843
sep28k,matched_retraining,denoise,WordRep,0,precision,0.5374449339207048
sep28k,majority_vote_fixed,denoise,WordRep,0,precision,0.36923076923076925
sep28k,deployment_fixed,denoise,WordRep,0,recall,0.7194029850746269
sep28k,deployment_clean_val,denoise,WordRep,0,recall,0.6119402985074627
sep28k,deployment_deg_val,denoise,WordRep,0,recall,0.6626865671641791
sep28k,matched_retraining,denoise,WordRep,0,recall,0.7283582089552239
sep28k,majority_vote_fixed,denoise,WordRep,0,recall,0.8235294117647058
sep28k,deployment_fixed,denoise,WordRep,0,auc,0.8586702849389416
sep28k,deployment_clean_val,denoise,WordRep,0,auc,0.8586702849389416
sep28k,deployment_deg_val,denoise,WordRep,0,auc,0.8586702849389416
sep28k,matched_retraining,denoise,WordRep,0,auc,0.8636752993923662
sep28k,majority_vote_fixed,denoise,WordRep,0,auc,0.9032354345749762
sep28k,deployment_fixed,denoise,WordRep,0,pr_auc,0.6699220255984848
sep28k,deployment_clean_val,denoise,WordRep,0,pr_auc,0.6699220255984848
sep28k,deployment_deg_val,denoise,WordRep,0,pr_auc,0.6699220255984848
sep28k,matched_retraining,denoise,WordRep,0,pr_auc,0.6619327523358642
sep28k,majority_vote_fixed,denoise,WordRep,0,pr_auc,0.5969289708864911
sep28k,deployment_fixed,denoise,WordRep,0,ece,0.17456178687466745
sep28k,deployment_clean_val,denoise,WordRep,0,ece,0.17456178687466745
sep28k,deployment_deg_val,denoise,WordRep,0,ece,0.17456178687466745
sep28k,matched_retraining,denoise,WordRep,0,ece,0.16088847379108726
sep28k,majority_vote_fixed,denoise,WordRep,0,ece,0.2564367868746675
sep28k,deployment_fixed,denoise,WordRep,0,brier,0.14275178036430558
sep28k,deployment_clean_val,denoise,WordRep,0,brier,0.14275178036430558
sep28k,deployment_deg_val,denoise,WordRep,0,brier,0.14275178036430558
sep28k,matched_retraining,denoise,WordRep,0,brier,0.13767609642319173
sep28k,majority_vote_fixed,denoise,WordRep,0,brier,0.1482415710415563
sep28k,deployment_fixed,denoise,Interjection,0,f1,0.7200736648250461
sep28k,deployment_clean_val,denoise,Interjection,0,f1,0.7224749772520473
sep28k,deployment_deg_val,denoise,Interjection,0,f1,0.723441615452151
sep28k,matched_retraining,denoise,Interjection,0,f1,0.7353711790393013
sep28k,majority_vote_fixed,denoise,Interjection,0,f1,0.7272727272727273
sep28k,deployment_fixed,denoise,Interjection,0,precision,0.780439121756487
sep28k,deployment_clean_val,denoise,Interjection,0,precision,0.7723735408560312
sep28k,deployment_deg_val,denoise,Interjection,0,precision,0.7436823104693141
sep28k,matched_retraining,denoise,Interjection,0,precision,0.7517857142857143
sep28k,majority_vote_fixed,denoise,Interjection,0,precision,0.6227544910179641
sep28k,deployment_fixed,denoise,Interjection,0,recall,0.6683760683760683
sep28k,deployment_clean_val,denoise,Interjection,0,recall,0.6786324786324787
sep28k,deployment_deg_val,denoise,Interjection,0,recall,0.7042735042735043
sep28k,matched_retraining,denoise,Interjection,0,recall,0.7196581196581197
sep28k,majority_vote_fixed,denoise,Interjection,0,recall,0.8739495798319328
sep28k,deployment_fixed,denoise,Interjection,0,auc,0.8513948886362679
sep28k,deployment_clean_val,denoise,Interjection,0,auc,0.8513948886362679
sep28k,deployment_deg_val,denoise,Interjection,0,auc,0.8513948886362679
sep28k,matched_retraining,denoise,Interjection,0,auc,0.8576363100501032
sep28k,majority_vote_fixed,denoise,Interjection,0,auc,0.933575360956933
sep28k,deployment_fixed,denoise,Interjection,0,pr_auc,0.827938785612437
sep28k,deployment_clean_val,denoise,Interjection,0,pr_auc,0.827938785612437
sep28k,deployment_deg_val,denoise,Interjection,0,pr_auc,0.827938785612437
sep28k,matched_retraining,denoise,Interjection,0,pr_auc,0.8310015435661436
sep28k,majority_vote_fixed,denoise,Interjection,0,pr_auc,0.8437698463746311
sep28k,deployment_fixed,denoise,Interjection,0,ece,0.06162840002559154
sep28k,deployment_clean_val,denoise,Interjection,0,ece,0.06162840002559154
sep28k,deployment_deg_val,denoise,Interjection,0,ece,0.06162840002559154
sep28k,matched_retraining,denoise,Interjection,0,ece,0.06285105437891787
sep28k,majority_vote_fixed,denoise,Interjection,0,ece,0.1871970644410003
sep28k,deployment_fixed,denoise,Interjection,0,brier,0.139922674867332
sep28k,deployment_clean_val,denoise,Interjection,0,brier,0.139922674867332
sep28k,deployment_deg_val,denoise,Interjection,0,brier,0.139922674867332
sep28k,matched_retraining,denoise,Interjection,0,brier,0.1394931105615099
sep28k,majority_vote_fixed,denoise,Interjection,0,brier,0.12032580182913481
sep28k,deployment_fixed,full_chain_novad,Block,0,f1,0.5453061224489796
sep28k,deployment_clean_val,full_chain_novad,Block,0,f1,0.6383207750269106
sep28k,deployment_deg_val,full_chain_novad,Block,0,f1,0.6289017341040463
sep28k,matched_retraining,full_chain_novad,Block,0,f1,0.6065688329839273
sep28k,majority_vote_fixed,full_chain_novad,Block,0,f1,0.3181818181818182
sep28k,deployment_fixed,full_chain_novad,Block,0,precision,0.6498054474708171
sep28k,deployment_clean_val,full_chain_novad,Block,0,precision,0.5170008718395815
sep28k,deployment_deg_val,full_chain_novad,Block,0,precision,0.5338567222767419
sep28k,matched_retraining,full_chain_novad,Block,0,precision,0.6027777777777777
sep28k,majority_vote_fixed,full_chain_novad,Block,0,precision,0.2178988326848249
sep28k,deployment_fixed,full_chain_novad,Block,0,recall,0.469760900140647
sep28k,deployment_clean_val,full_chain_novad,Block,0,recall,0.8340365682137834
sep28k,deployment_deg_val,full_chain_novad,Block,0,recall,0.7651195499296765
sep28k,matched_retraining,full_chain_novad,Block,0,recall,0.6104078762306611
sep28k,majority_vote_fixed,full_chain_novad,Block,0,recall,0.5894736842105263
sep28k,deployment_fixed,full_chain_novad,Block,0,auc,0.692294792264891
sep28k,deployment_clean_val,full_chain_novad,Block,0,auc,0.692294792264891
sep28k,deployment_deg_val,full_chain_novad,Block,0,auc,0.692294792264891
sep28k,matched_retraining,full_chain_novad,Block,0,auc,0.6964461720765917
sep28k,majority_vote_fixed,full_chain_novad,Block,0,auc,0.7205599104143338
sep28k,deployment_fixed,full_chain_novad,Block,0,pr_auc,0.6525107433295386
sep28k,deployment_clean_val,full_chain_novad,Block,0,pr_auc,0.6525107433295386
sep28k,deployment_deg_val,full_chain_novad,Block,0,pr_auc,0.6525107433295386
sep28k,matched_retraining,full_chain_novad,Block,0,pr_auc,0.6486046280198463
sep28k,majority_vote_fixed,full_chain_novad,Block,0,pr_auc,0.266965777706042
sep28k,deployment_fixed,full_chain_novad,Block,0,ece,0.04117236166741979
sep28k,deployment_clean_val,full_chain_novad,Block,0,ece,0.04117236166741979
sep28k,deployment_deg_val,full_chain_novad,Block,0,ece,0.04117236166741979
sep28k,matched_retraining,full_chain_novad,Block,0,ece,0.053664370271206484
sep28k,majority_vote_fixed,full_chain_novad,Block,0,ece,0.29814636656584365
sep28k,deployment_fixed,full_chain_novad,Block,0,brier,0.2197140247150208
sep28k,deployment_clean_val,full_chain_novad,Block,0,brier,0.2197140247150208
sep28k,deployment_deg_val,full_chain_novad,Block,0,brier,0.2197140247150208
sep28k,matched_retraining,full_chain_novad,Block,0,brier,0.22073959351472877
sep28k,majority_vote_fixed,full_chain_novad,Block,0,brier,0.19887200888281495
sep28k,deployment_fixed,full_chain_novad,Prolongation,0,f1,0.5542916235780765
sep28k,deployment_clean_val,full_chain_novad,Prolongation,0,f1,0.5726950354609929
sep28k,deployment_deg_val,full_chain_novad,Prolongation,0,f1,0.5848787446504993
sep28k,matched_retraining,full_chain_novad,Prolongation,0,f1,0.5897658282740676
sep28k,majority_vote_fixed,full_chain_novad,Prolongation,0,f1,0.38333333333333336
sep28k,deployment_fixed,full_chain_novad,Prolongation,0,precision,0.6291079812206573
sep28k,deployment_clean_val,full_chain_novad,Prolongation,0,precision,0.5502555366269165
sep28k,deployment_deg_val,full_chain_novad,Prolongation,0,precision,0.47619047619047616
sep28k,matched_retraining,full_chain_novad,Prolongation,0,precision,0.5555555555555556
sep28k,majority_vote_fixed,full_chain_novad,Prolongation,0,precision,0.2699530516431925
sep28k,deployment_fixed,full_chain_novad,Prolongation,0,recall,0.4953789279112754
sep28k,deployment_clean_val,full_chain_novad,Prolongation,0,recall,0.5970425138632163
sep28k,deployment_deg_val,full_chain_novad,Prolongation,0,recall,0.7578558225508318
sep28k,matched_retraining,full_chain_novad,Prolongation,0,recall,0.6284658040665434
sep28k,majority_vote_fixed,full_chain_novad,Prolongation,0,recall,0.6609195402298851
sep28k,deployment_fixed,full_chain_novad,Prolongation,0,auc,0.7506715609012793
sep28k,deployment_clean_val,full_chain_novad,Prolongation,0,auc,0.7506715609012793
sep28k,deployment_deg_val,full_chain_novad,Prolongation,0,auc,0.7506715609012793
sep28k,matched_retraining,full_chain_novad,Prolongation,0,auc,0.7610395186754149
sep28k,majority_vote_fixed,full_chain_novad,Prolongation,0,auc,0.80890603085554
sep28k,deployment_fixed,full_chain_novad,Prolongation,0,pr_auc,0.6444307469271552
sep28k,deployment_clean_val,full_chain_novad,Prolongation,0,pr_auc,0.6444307469271552
sep28k,deployment_deg_val,full_chain_novad,Prolongation,0,pr_auc,0.6444307469271552
sep28k,matched_retraining,full_chain_novad,Prolongation,0,pr_auc,0.6530838840288311
sep28k,majority_vote_fixed,full_chain_novad,Prolongation,0,pr_auc,0.4003077782710154
sep28k,deployment_fixed,full_chain_novad,Prolongation,0,ece,0.03601174765002098
sep28k,deployment_clean_val,full_chain_novad,Prolongation,0,ece,0.03601174765002098
sep28k,deployment_deg_val,full_chain_novad,Prolongation,0,ece,0.03601174765002098
sep28k,matched_retraining,full_chain_novad,Prolongation,0,ece,0.11137807413791849
sep28k,majority_vote_fixed,full_chain_novad,Prolongation,0,ece,0.256221101357268
sep28k,deployment_fixed,full_chain_novad,Prolongation,0,brier,0.18220168147426474
sep28k,deployment_clean_val,full_chain_novad,Prolongation,0,brier,0.18220168147426474
sep28k,deployment_deg_val,full_chain_novad,Prolongation,0,brier,0.18220168147426474
sep28k,matched_retraining,full_chain_novad,Prolongation,0,brier,0.19254493664879335
sep28k,majority_vote_fixed,full_chain_novad,Prolongation,0,brier,0.16086047106104254
sep28k,deployment_fixed,full_chain_novad,SoundRep,0,f1,0.5901639344262295
sep28k,deployment_clean_val,full_chain_novad,SoundRep,0,f1,0.5901639344262295
sep28k,deployment_deg_val,full_chain_novad,SoundRep,0,f1,0.6059405940594059
sep28k,matched_retraining,full_chain_novad,SoundRep,0,f1,0.6034658511722731
sep28k,majority_vote_fixed,full_chain_novad,SoundRep,0,f1,0.42138364779874216
sep28k,deployment_fixed,full_chain_novad,SoundRep,0,precision,0.5781584582441114
sep28k,deployment_clean_val,full_chain_novad,SoundRep,0,precision,0.5781584582441114
sep28k,deployment_deg_val,full_chain_novad,SoundRep,0,precision,0.5444839857651246
sep28k,matched_retraining,full_chain_novad,SoundRep,0,precision,0.5553470919324578
sep28k,majority_vote_fixed,full_chain_novad,SoundRep,0,precision,0.28693790149892934
sep28k,deployment_fixed,full_chain_novad,SoundRep,0,recall,0.6026785714285714
sep28k,deployment_clean_val,full_chain_novad,SoundRep,0,recall,0.6026785714285714
sep28k,deployment_deg_val,full_chain_novad,SoundRep,0,recall,0.6830357142857143
sep28k,matched_retraining,full_chain_novad,SoundRep,0,recall,0.6607142857142857
sep28k,majority_vote_fixed,full_chain_novad,SoundRep,0,recall,0.7928994082840237
sep28k,deployment_fixed,full_chain_novad,SoundRep,0,auc,0.8003472222222223
sep28k,deployment_clean_val,full_chain_novad,SoundRep,0,auc,0.8003472222222223
sep28k,deployment_deg_val,full_chain_novad,SoundRep,0,auc,0.8003472222222223
sep28k,matched_retraining,full_chain_novad,SoundRep,0,auc,0.8104713076636904
sep28k,majority_vote_fixed,full_chain_novad,SoundRep,0,auc,0.8540516624696596
sep28k,deployment_fixed,full_chain_novad,SoundRep,0,pr_auc,0.6178161398930073
sep28k,deployment_clean_val,full_chain_novad,SoundRep,0,pr_auc,0.6178161398930073
sep28k,deployment_deg_val,full_chain_novad,SoundRep,0,pr_auc,0.6178161398930073
sep28k,matched_retraining,full_chain_novad,SoundRep,0,pr_auc,0.6436304327996362
sep28k,majority_vote_fixed,full_chain_novad,SoundRep,0,pr_auc,0.4651745136854268
sep28k,deployment_fixed,full_chain_novad,SoundRep,0,ece,0.10027398292806215
sep28k,deployment_clean_val,full_chain_novad,SoundRep,0,ece,0.10027398292806215
sep28k,deployment_deg_val,full_chain_novad,SoundRep,0,ece,0.10027398292806215
sep28k,matched_retraining,full_chain_novad,SoundRep,0,ece,0.1250811880759009
sep28k,majority_vote_fixed,full_chain_novad,SoundRep,0,ece,0.27464898292806217
sep28k,deployment_fixed,full_chain_novad,SoundRep,0,brier,0.16435916975048204
sep28k,deployment_clean_val,full_chain_novad,SoundRep,0,brier,0.16435916975048204
sep28k,deployment_deg_val,full_chain_novad,SoundRep,0,brier,0.16435916975048204
sep28k,matched_retraining,full_chain_novad,SoundRep,0,brier,0.16670234487900956
sep28k,majority_vote_fixed,full_chain_novad,SoundRep,0,brier,0.16689628648804544
sep28k,deployment_fixed,full_chain_novad,WordRep,0,f1,0.619108280254777
sep28k,deployment_clean_val,full_chain_novad,WordRep,0,f1,0.6462480857580398
sep28k,deployment_deg_val,full_chain_novad,WordRep,0,f1,0.6455505279034691
sep28k,matched_retraining,full_chain_novad,WordRep,0,f1,0.6211340206185567
sep28k,majority_vote_fixed,full_chain_novad,WordRep,0,f1,0.5137614678899083
sep28k,deployment_fixed,full_chain_novad,WordRep,0,precision,0.54
sep28k,deployment_clean_val,full_chain_novad,WordRep,0,precision,0.6635220125786163
sep28k,deployment_deg_val,full_chain_novad,WordRep,0,precision,0.6524390243902439
sep28k,matched_retraining,full_chain_novad,WordRep,0,precision,0.546485260770975
sep28k,majority_vote_fixed,full_chain_novad,WordRep,0,precision,0.37333333333333335
sep28k,deployment_fixed,full_chain_novad,WordRep,0,recall,0.7253731343283583
sep28k,deployment_clean_val,full_chain_novad,WordRep,0,recall,0.6298507462686567
sep28k,deployment_deg_val,full_chain_novad,WordRep,0,recall,0.6388059701492538
sep28k,matched_retraining,full_chain_novad,WordRep,0,recall,0.7194029850746269
sep28k,majority_vote_fixed,full_chain_novad,WordRep,0,recall,0.8235294117647058
sep28k,deployment_fixed,full_chain_novad,WordRep,0,auc,0.8583918352899534
sep28k,deployment_clean_val,full_chain_novad,WordRep,0,auc,0.8583918352899534
sep28k,deployment_deg_val,full_chain_novad,WordRep,0,auc,0.8583918352899534
sep28k,matched_retraining,full_chain_novad,WordRep,0,auc,0.8608176508760543
sep28k,majority_vote_fixed,full_chain_novad,WordRep,0,auc,0.902533147929659
sep28k,deployment_fixed,full_chain_novad,WordRep,0,pr_auc,0.6702248791531961
sep28k,deployment_clean_val,full_chain_novad,WordRep,0,pr_auc,0.6702248791531961
sep28k,deployment_deg_val,full_chain_novad,WordRep,0,pr_auc,0.6702248791531961
sep28k,matched_retraining,full_chain_novad,WordRep,0,pr_auc,0.6590570444145741
sep28k,majority_vote_fixed,full_chain_novad,WordRep,0,pr_auc,0.5899759330233798
sep28k,deployment_fixed,full_chain_novad,WordRep,0,ece,0.17183115076017388
sep28k,deployment_clean_val,full_chain_novad,WordRep,0,ece,0.17183115076017388
sep28k,deployment_deg_val,full_chain_novad,WordRep,0,ece,0.17183115076017388
sep28k,matched_retraining,full_chain_novad,WordRep,0,ece,0.16316835999205928
sep28k,majority_vote_fixed,full_chain_novad,WordRep,0,ece,0.2537061507601739
sep28k,deployment_fixed,full_chain_novad,WordRep,0,brier,0.1415457583969697
sep28k,deployment_clean_val,full_chain_novad,WordRep,0,brier,0.1415457583969697
sep28k,deployment_deg_val,full_chain_novad,WordRep,0,brier,0.1415457583969697
sep28k,matched_retraining,full_chain_novad,WordRep,0,brier,0.13892546677391673
sep28k,majority_vote_fixed,full_chain_novad,WordRep,0,brier,0.14703240918260946
sep28k,deployment_fixed,full_chain_novad,Interjection,0,f1,0.7290909090909091
sep28k,deployment_clean_val,full_chain_novad,Interjection,0,f1,0.7316636851520573
sep28k,deployment_deg_val,full_chain_novad,Interjection,0,f1,0.7330396475770925
sep28k,matched_retraining,full_chain_novad,Interjection,0,f1,0.7213403880070547
sep28k,majority_vote_fixed,full_chain_novad,Interjection,0,f1,0.7247706422018348
sep28k,deployment_fixed,full_chain_novad,Interjection,0,precision,0.7786407766990291
sep28k,deployment_clean_val,full_chain_novad,Interjection,0,precision,0.7673545966228893
sep28k,deployment_deg_val,full_chain_novad,Interjection,0,precision,0.7563636363636363
sep28k,matched_retraining,full_chain_novad,Interjection,0,precision,0.7449908925318761
sep28k,majority_vote_fixed,full_chain_novad,Interjection,0,precision,0.6135922330097088
sep28k,deployment_fixed,full_chain_novad,Interjection,0,recall,0.6854700854700855
sep28k,deployment_clean_val,full_chain_novad,Interjection,0,recall,0.6991452991452991
sep28k,deployment_deg_val,full_chain_novad,Interjection,0,recall,0.7111111111111111
sep28k,matched_retraining,full_chain_novad,Interjection,0,recall,0.6991452991452991
sep28k,majority_vote_fixed,full_chain_novad,Interjection,0,recall,0.8851540616246498
sep28k,deployment_fixed,full_chain_novad,Interjection,0,auc,0.8490589869900216
sep28k,deployment_clean_val,full_chain_novad,Interjection,0,auc,0.8490589869900216
sep28k,deployment_deg_val,full_chain_novad,Interjection,0,auc,0.8490589869900216
sep28k,matched_retraining,full_chain_novad,Interjection,0,auc,0.8573264283609112
sep28k,majority_vote_fixed,full_chain_novad,Interjection,0,auc,0.931062690562951
sep28k,deployment_fixed,full_chain_novad,Interjection,0,pr_auc,0.8272988905036736
sep28k,deployment_clean_val,full_chain_novad,Interjection,0,pr_auc,0.8272988905036736
sep28k,deployment_deg_val,full_chain_novad,Interjection,0,pr_auc,0.8272988905036736
sep28k,matched_retraining,full_chain_novad,Interjection,0,pr_auc,0.8310681904485935
sep28k,majority_vote_fixed,full_chain_novad,Interjection,0,pr_auc,0.8416759962807463
sep28k,deployment_fixed,full_chain_novad,Interjection,0,ece,0.06399670246807661
sep28k,deployment_clean_val,full_chain_novad,Interjection,0,ece,0.06399670246807661
sep28k,deployment_deg_val,full_chain_novad,Interjection,0,ece,0.06399670246807661
sep28k,matched_retraining,full_chain_novad,Interjection,0,ece,0.06351506520836189
sep28k,majority_vote_fixed,full_chain_novad,Interjection,0,ece,0.19674551525230569
sep28k,deployment_fixed,full_chain_novad,Interjection,0,brier,0.14166636091132503
sep28k,deployment_clean_val,full_chain_novad,Interjection,0,brier,0.14166636091132503
sep28k,deployment_deg_val,full_chain_novad,Interjection,0,brier,0.14166636091132503
sep28k,matched_retraining,full_chain_novad,Interjection,0,brier,0.13951608964027673
sep28k,majority_vote_fixed,full_chain_novad,Interjection,0,brier,0.12566616742376652
sep28k,deployment_fixed,full_chain,Block,0,f1,0.3781190019193858
sep28k,deployment_clean_val,full_chain,Block,0,f1,0.5594577942082564
sep28k,deployment_deg_val,full_chain,Block,0,f1,0.6018264840182649
sep28k,matched_retraining,full_chain,Block,0,f1,0.5622435020519836
sep28k,majority_vote_fixed,full_chain,Block,0,f1,0.23032629558541268
sep28k,deployment_fixed,full_chain,Block,0,precision,0.595166163141994
sep28k,deployment_clean_val,full_chain,Block,0,precision,0.49780701754385964
sep28k,deployment_deg_val,full_chain,Block,0,precision,0.4455713319810683
sep28k,matched_retraining,full_chain,Block,0,precision,0.5472703062583223
sep28k,majority_vote_fixed,full_chain,Block,0,precision,0.18126888217522658
sep28k,deployment_fixed,full_chain,Block,0,recall,0.2770745428973277
sep28k,deployment_clean_val,full_chain,Block,0,recall,0.6385372714486639
sep28k,deployment_deg_val,full_chain,Block,0,recall,0.9268635724331927
sep28k,matched_retraining,full_chain,Block,0,recall,0.5780590717299579
sep28k,majority_vote_fixed,full_chain,Block,0,recall,0.3157894736842105
sep28k,deployment_fixed,full_chain,Block,0,auc,0.601627328229541
sep28k,deployment_clean_val,full_chain,Block,0,auc,0.601627328229541
sep28k,deployment_deg_val,full_chain,Block,0,auc,0.601627328229541
sep28k,matched_retraining,full_chain,Block,0,auc,0.6320744717036952
sep28k,majority_vote_fixed,full_chain,Block,0,auc,0.6023628219484882
sep28k,deployment_fixed,full_chain,Block,0,pr_auc,0.5678795352521921
sep28k,deployment_clean_val,full_chain,Block,0,pr_auc,0.5678795352521921
sep28k,deployment_deg_val,full_chain,Block,0,pr_auc,0.5678795352521921
sep28k,matched_retraining,full_chain,Block,0,pr_auc,0.5866602598586292
sep28k,majority_vote_fixed,full_chain,Block,0,pr_auc,0.19472093487444653
sep28k,deployment_fixed,full_chain,Block,0,ece,0.123540172827455
sep28k,deployment_clean_val,full_chain,Block,0,ece,0.123540172827455
sep28k,deployment_deg_val,full_chain,Block,0,ece,0.123540172827455
sep28k,matched_retraining,full_chain,Block,0,ece,0.07704102624999447
sep28k,majority_vote_fixed,full_chain,Block,0,ece,0.231966010994059
sep28k,deployment_fixed,full_chain,Block,0,brier,0.257474483385381
sep28k,deployment_clean_val,full_chain,Block,0,brier,0.257474483385381
sep28k,deployment_deg_val,full_chain,Block,0,brier,0.257474483385381
sep28k,matched_retraining,full_chain,Block,0,brier,0.24106718334595448
sep28k,majority_vote_fixed,full_chain,Block,0,brier,0.1820989392921821
sep28k,deployment_fixed,full_chain,Prolongation,0,f1,0.5360443622920518
sep28k,deployment_clean_val,full_chain,Prolongation,0,f1,0.5572139303482587
sep28k,deployment_deg_val,full_chain,Prolongation,0,f1,0.5790554414784395
sep28k,matched_retraining,full_chain,Prolongation,0,f1,0.556403731976251
sep28k,majority_vote_fixed,full_chain,Prolongation,0,f1,0.3076923076923077
sep28k,deployment_fixed,full_chain,Prolongation,0,precision,0.5360443622920518
sep28k,deployment_clean_val,full_chain,Prolongation,0,precision,0.5052631578947369
sep28k,deployment_deg_val,full_chain,Prolongation,0,precision,0.4597826086956522
sep28k,matched_retraining,full_chain,Prolongation,0,precision,0.5141065830721003
sep28k,majority_vote_fixed,full_chain,Prolongation,0,precision,0.2033271719038817
sep28k,deployment_fixed,full_chain,Prolongation,0,recall,0.5360443622920518
sep28k,deployment_clean_val,full_chain,Prolongation,0,recall,0.6210720887245841
sep28k,deployment_deg_val,full_chain,Prolongation,0,recall,0.7818853974121996
sep28k,matched_retraining,full_chain,Prolongation,0,recall,0.6062846580406654
sep28k,majority_vote_fixed,full_chain,Prolongation,0,recall,0.632183908045977
sep28k,deployment_fixed,full_chain,Prolongation,0,auc,0.7283298337112227
sep28k,deployment_clean_val,full_chain,Prolongation,0,auc,0.7283298337112227
sep28k,deployment_deg_val,full_chain,Prolongation,0,auc,0.7283298337112227
sep28k,matched_retraining,full_chain,Prolongation,0,auc,0.7331228323724646
sep28k,majority_vote_fixed,full_chain,Prolongation,0,auc,0.7540866663442473
sep28k,deployment_fixed,full_chain,Prolongation,0,pr_auc,0.6133089520952196
sep28k,deployment_clean_val,full_chain,Prolongation,0,pr_auc,0.6133089520952196
sep28k,deployment_deg_val,full_chain,Prolongation,0,pr_auc,0.6133089520952196
sep28k,matched_retraining,full_chain,Prolongation,0,pr_auc,0.613138477961305
sep28k,majority_vote_fixed,full_chain,Prolongation,0,pr_auc,0.32483914488468674
sep28k,deployment_fixed,full_chain,Prolongation,0,ece,0.10781000712910813
sep28k,deployment_clean_val,full_chain,Prolongation,0,ece,0.10781000712910813
sep28k,deployment_deg_val,full_chain,Prolongation,0,ece,0.10781000712910813
sep28k,matched_retraining,full_chain,Prolongation,0,ece,0.11954232844766279
sep28k,majority_vote_fixed,full_chain,Prolongation,0,ece,0.2876476458867717
sep28k,deployment_fixed,full_chain,Prolongation,0,brier,0.20674958212925745
sep28k,deployment_clean_val,full_chain,Prolongation,0,brier,0.20674958212925745
sep28k,deployment_deg_val,full_chain,Prolongation,0,brier,0.20674958212925745
sep28k,matched_retraining,full_chain,Prolongation,0,brier,0.20633999519413243
sep28k,majority_vote_fixed,full_chain,Prolongation,0,brier,0.2133306184223124
sep28k,deployment_fixed,full_chain,SoundRep,0,f1,0.557013118062563
sep28k,deployment_clean_val,full_chain,SoundRep,0,f1,0.557013118062563
sep28k,deployment_deg_val,full_chain,SoundRep,0,f1,0.5619834710743802
sep28k,matched_retraining,full_chain,SoundRep,0,f1,0.5517948717948717
sep28k,majority_vote_fixed,full_chain,SoundRep,0,f1,0.34831460674157305
sep28k,deployment_fixed,full_chain,SoundRep,0,precision,0.5082872928176796
sep28k,deployment_clean_val,full_chain,SoundRep,0,precision,0.5082872928176796
sep28k,deployment_deg_val,full_chain,SoundRep,0,precision,0.5230769230769231
sep28k,matched_retraining,full_chain,SoundRep,0,precision,0.5104364326375711
sep28k,majority_vote_fixed,full_chain,SoundRep,0,precision,0.2283609576427256
sep28k,deployment_fixed,full_chain,SoundRep,0,recall,0.6160714285714286
sep28k,deployment_clean_val,full_chain,SoundRep,0,recall,0.6160714285714286
sep28k,deployment_deg_val,full_chain,SoundRep,0,recall,0.6071428571428571
sep28k,matched_retraining,full_chain,SoundRep,0,recall,0.6004464285714286
sep28k,majority_vote_fixed,full_chain,SoundRep,0,recall,0.7337278106508875
sep28k,deployment_fixed,full_chain,SoundRep,0,auc,0.7489304315476192
sep28k,deployment_clean_val,full_chain,SoundRep,0,auc,0.7489304315476192
sep28k,deployment_deg_val,full_chain,SoundRep,0,auc,0.7489304315476192
sep28k,matched_retraining,full_chain,SoundRep,0,auc,0.7506781684027777
sep28k,majority_vote_fixed,full_chain,SoundRep,0,auc,0.7925065849594151
sep28k,deployment_fixed,full_chain,SoundRep,0,pr_auc,0.5590536922532531
sep28k,deployment_clean_val,full_chain,SoundRep,0,pr_auc,0.5590536922532531
sep28k,deployment_deg_val,full_chain,SoundRep,0,pr_auc,0.5590536922532531
sep28k,matched_retraining,full_chain,SoundRep,0,pr_auc,0.5947938921182778
sep28k,majority_vote_fixed,full_chain,SoundRep,0,pr_auc,0.3667096705009246
sep28k,deployment_fixed,full_chain,SoundRep,0,ece,0.13509410397503754
sep28k,deployment_clean_val,full_chain,SoundRep,0,ece,0.13509410397503754
sep28k,deployment_deg_val,full_chain,SoundRep,0,ece,0.13509410397503754
sep28k,matched_retraining,full_chain,SoundRep,0,ece,0.13488703531431723
sep28k,majority_vote_fixed,full_chain,SoundRep,0,ece,0.290404813277052
sep28k,deployment_fixed,full_chain,SoundRep,0,brier,0.19337142762057788
sep28k,deployment_clean_val,full_chain,SoundRep,0,brier,0.19337142762057788
sep28k,deployment_deg_val,full_chain,SoundRep,0,brier,0.19337142762057788
sep28k,matched_retraining,full_chain,SoundRep,0,brier,0.1867539964840362
sep28k,majority_vote_fixed,full_chain,SoundRep,0,brier,0.20451244346975167
sep28k,deployment_fixed,full_chain,WordRep,0,f1,0.5370548604427334
sep28k,deployment_clean_val,full_chain,WordRep,0,f1,0.5502762430939226
sep28k,deployment_deg_val,full_chain,WordRep,0,f1,0.5971830985915493
sep28k,matched_retraining,full_chain,WordRep,0,f1,0.6204188481675392
sep28k,majority_vote_fixed,full_chain,WordRep,0,f1,0.42070484581497797
sep28k,deployment_fixed,full_chain,WordRep,0,precision,0.3963068181818182
sep28k,deployment_clean_val,full_chain,WordRep,0,precision,0.4368421052631579
sep28k,deployment_deg_val,full_chain,WordRep,0,precision,0.5653333333333334
sep28k,matched_retraining,full_chain,WordRep,0,precision,0.5524475524475524
sep28k,majority_vote_fixed,full_chain,WordRep,0,precision,0.2713068181818182
sep28k,deployment_fixed,full_chain,WordRep,0,recall,0.8328358208955224
sep28k,deployment_clean_val,full_chain,WordRep,0,recall,0.7432835820895523
sep28k,deployment_deg_val,full_chain,WordRep,0,recall,0.6328358208955224
sep28k,matched_retraining,full_chain,WordRep,0,recall,0.7074626865671642
sep28k,majority_vote_fixed,full_chain,WordRep,0,recall,0.9362745098039216
sep28k,deployment_fixed,full_chain,WordRep,0,auc,0.8223868798300985
sep28k,deployment_clean_val,full_chain,WordRep,0,auc,0.8223868798300985
sep28k,deployment_deg_val,full_chain,WordRep,0,auc,0.8223868798300985
sep28k,matched_retraining,full_chain,WordRep,0,auc,0.8456775411480149
sep28k,majority_vote_fixed,full_chain,WordRep,0,auc,0.8831149221866397
sep28k,deployment_fixed,full_chain,WordRep,0,pr_auc,0.6254627453322548
sep28k,deployment_clean_val,full_chain,WordRep,0,pr_auc,0.6254627453322548
sep28k,deployment_deg_val,full_chain,WordRep,0,pr_auc,0.6254627453322548
sep28k,matched_retraining,full_chain,WordRep,0,pr_auc,0.6562622987652826
sep28k,majority_vote_fixed,full_chain,WordRep,0,pr_auc,0.5441193284849466
sep28k,deployment_fixed,full_chain,WordRep,0,ece,0.259810477902351
sep28k,deployment_clean_val,full_chain,WordRep,0,ece,0.259810477902351
sep28k,deployment_deg_val,full_chain,WordRep,0,ece,0.259810477902351
sep28k,matched_retraining,full_chain,WordRep,0,ece,0.1481209954837262
sep28k,majority_vote_fixed,full_chain,WordRep,0,ece,0.341685477902351
sep28k,deployment_fixed,full_chain,WordRep,0,brier,0.2112531679793153
sep28k,deployment_clean_val,full_chain,WordRep,0,brier,0.2112531679793153
sep28k,deployment_deg_val,full_chain,WordRep,0,brier,0.2112531679793153
sep28k,matched_retraining,full_chain,WordRep,0,brier,0.13836117689842098
sep28k,majority_vote_fixed,full_chain,WordRep,0,brier,0.23054360600760326
sep28k,deployment_fixed,full_chain,Interjection,0,f1,0.7109170305676856
sep28k,deployment_clean_val,full_chain,Interjection,0,f1,0.7135416666666666
sep28k,deployment_deg_val,full_chain,Interjection,0,f1,0.7135416666666666
sep28k,matched_retraining,full_chain,Interjection,0,f1,0.7271157167530224
sep28k,majority_vote_fixed,full_chain,Interjection,0,f1,0.6673936750272628
sep28k,deployment_fixed,full_chain,Interjection,0,precision,0.7267857142857143
sep28k,deployment_clean_val,full_chain,Interjection,0,precision,0.7248677248677249
sep28k,deployment_deg_val,full_chain,Interjection,0,precision,0.7248677248677249
sep28k,matched_retraining,full_chain,Interjection,0,precision,0.7347294938917975
sep28k,majority_vote_fixed,full_chain,Interjection,0,precision,0.5464285714285714
sep28k,deployment_fixed,full_chain,Interjection,0,recall,0.6957264957264957
sep28k,deployment_clean_val,full_chain,Interjection,0,recall,0.7025641025641025
sep28k,deployment_deg_val,full_chain,Interjection,0,recall,0.7025641025641025
sep28k,matched_retraining,full_chain,Interjection,0,recall,0.7196581196581197
sep28k,majority_vote_fixed,full_chain,Interjection,0,recall,0.8571428571428571
sep28k,deployment_fixed,full_chain,Interjection,0,auc,0.8366586670034946
sep28k,deployment_clean_val,full_chain,Interjection,0,auc,0.8366586670034946
sep28k,deployment_deg_val,full_chain,Interjection,0,auc,0.8366586670034946
sep28k,matched_retraining,full_chain,Interjection,0,auc,0.8404867163487852
sep28k,majority_vote_fixed,full_chain,Interjection,0,auc,0.9165252585346287
sep28k,deployment_fixed,full_chain,Interjection,0,pr_auc,0.8128736783352704
sep28k,deployment_clean_val,full_chain,Interjection,0,pr_auc,0.8128736783352704
sep28k,deployment_deg_val,full_chain,Interjection,0,pr_auc,0.8128736783352704
sep28k,matched_retraining,full_chain,Interjection,0,pr_auc,0.8224606392936568
sep28k,majority_vote_fixed,full_chain,Interjection,0,pr_auc,0.8201149783097657
sep28k,deployment_fixed,full_chain,Interjection,0,ece,0.07695702348582818
sep28k,deployment_clean_val,full_chain,Interjection,0,ece,0.07695702348582818
sep28k,deployment_deg_val,full_chain,Interjection,0,ece,0.07695702348582818
sep28k,matched_retraining,full_chain,Interjection,0,ece,0.08052605606330451
sep28k,majority_vote_fixed,full_chain,Interjection,0,ece,0.18976234284559734
sep28k,deployment_fixed,full_chain,Interjection,0,brier,0.15204063128059386
sep28k,deployment_clean_val,full_chain,Interjection,0,brier,0.15204063128059386
sep28k,deployment_deg_val,full_chain,Interjection,0,brier,0.15204063128059386
sep28k,matched_retraining,full_chain,Interjection,0,brier,0.1472877002408923
sep28k,majority_vote_fixed,full_chain,Interjection,0,brier,0.1413594837851876
sep28k,deployment_fixed,random_del_30pct,Block,0,f1,0.6177049180327869
sep28k,deployment_clean_val,random_del_30pct,Block,0,f1,0.6416015625
sep28k,deployment_deg_val,random_del_30pct,Block,0,f1,0.6368366285119667
sep28k,matched_retraining,random_del_30pct,Block,0,f1,0.6170798898071626
sep28k,majority_vote_fixed,random_del_30pct,Block,0,f1,0.3047808764940239
sep28k,deployment_fixed,random_del_30pct,Block,0,precision,0.5786240786240786
sep28k,deployment_clean_val,random_del_30pct,Block,0,precision,0.4913986537023186
sep28k,deployment_deg_val,random_del_30pct,Block,0,precision,0.5053674649050371
sep28k,matched_retraining,random_del_30pct,Block,0,precision,0.6045883940620783
sep28k,majority_vote_fixed,random_del_30pct,Block,0,precision,0.18796068796068796
sep28k,deployment_fixed,random_del_30pct,Block,0,recall,0.6624472573839663
sep28k,deployment_clean_val,random_del_30pct,Block,0,recall,0.9240506329113924
sep28k,deployment_deg_val,random_del_30pct,Block,0,recall,0.8607594936708861
sep28k,matched_retraining,random_del_30pct,Block,0,recall,0.630098452883263
sep28k,majority_vote_fixed,random_del_30pct,Block,0,recall,0.8052631578947368
sep28k,deployment_fixed,random_del_30pct,Block,0,auc,0.6982592365827689
sep28k,deployment_clean_val,random_del_30pct,Block,0,auc,0.6982592365827689
sep28k,deployment_deg_val,random_del_30pct,Block,0,auc,0.6982592365827689
sep28k,matched_retraining,random_del_30pct,Block,0,auc,0.7154042453554065
sep28k,majority_vote_fixed,random_del_30pct,Block,0,auc,0.7240910787607316
sep28k,deployment_fixed,random_del_30pct,Block,0,pr_auc,0.6549065380414715
sep28k,deployment_clean_val,random_del_30pct,Block,0,pr_auc,0.6549065380414715
sep28k,deployment_deg_val,random_del_30pct,Block,0,pr_auc,0.6549065380414715
sep28k,matched_retraining,random_del_30pct,Block,0,pr_auc,0.6698588472525405
sep28k,majority_vote_fixed,random_del_30pct,Block,0,pr_auc,0.2600587068388894
sep28k,deployment_fixed,random_del_30pct,Block,0,ece,0.08014587324547966
sep28k,deployment_clean_val,random_del_30pct,Block,0,ece,0.08014587324547966
sep28k,deployment_deg_val,random_del_30pct,Block,0,ece,0.08014587324547966
sep28k,matched_retraining,random_del_30pct,Block,0,ece,0.05491889944257505
sep28k,majority_vote_fixed,random_del_30pct,Block,0,ece,0.39711706964795757
sep28k,deployment_fixed,random_del_30pct,Block,0,brier,0.22486002466014635
sep28k,deployment_clean_val,random_del_30pct,Block,0,brier,0.22486002466014635
sep28k,deployment_deg_val,random_del_30pct,Block,0,brier,0.22486002466014635
sep28k,matched_retraining,random_del_30pct,Block,0,brier,0.2145641488389869
sep28k,majority_vote_fixed,random_del_30pct,Block,0,brier,0.2739629580745767
sep28k,deployment_fixed,random_del_30pct,Prolongation,0,f1,0.525879917184265
sep28k,deployment_clean_val,random_del_30pct,Prolongation,0,f1,0.5714285714285714
sep28k,deployment_deg_val,random_del_30pct,Prolongation,0,f1,0.5908419497784343
sep28k,matched_retraining,random_del_30pct,Prolongation,0,f1,0.5978351373855121
sep28k,majority_vote_fixed,random_del_30pct,Prolongation,0,f1,0.3639398998330551
sep28k,deployment_fixed,random_del_30pct,Prolongation,0,precision,0.5976470588235294
sep28k,deployment_clean_val,random_del_30pct,Prolongation,0,precision,0.5374592833876222
sep28k,deployment_deg_val,random_del_30pct,Prolongation,0,precision,0.4920049200492005
sep28k,matched_retraining,random_del_30pct,Prolongation,0,precision,0.543939393939394
sep28k,majority_vote_fixed,random_del_30pct,Prolongation,0,precision,0.2564705882352941
sep28k,deployment_fixed,random_del_30pct,Prolongation,0,recall,0.46950092421441775
sep28k,deployment_clean_val,random_del_30pct,Prolongation,0,recall,0.609981515711645
sep28k,deployment_deg_val,random_del_30pct,Prolongation,0,recall,0.7393715341959335
sep28k,matched_retraining,random_del_30pct,Prolongation,0,recall,0.6635859519408502
sep28k,majority_vote_fixed,random_del_30pct,Prolongation,0,recall,0.6264367816091954
sep28k,deployment_fixed,random_del_30pct,Prolongation,0,auc,0.7395268790178018
sep28k,deployment_clean_val,random_del_30pct,Prolongation,0,auc,0.7395268790178018
sep28k,deployment_deg_val,random_del_30pct,Prolongation,0,auc,0.7395268790178018
sep28k,matched_retraining,random_del_30pct,Prolongation,0,auc,0.7506663245589692
sep28k,majority_vote_fixed,random_del_30pct,Prolongation,0,auc,0.8099861359642758
sep28k,deployment_fixed,random_del_30pct,Prolongation,0,pr_auc,0.6294719886802936
sep28k,deployment_clean_val,random_del_30pct,Prolongation,0,pr_auc,0.6294719886802936
sep28k,deployment_deg_val,random_del_30pct,Prolongation,0,pr_auc,0.6294719886802936
sep28k,matched_retraining,random_del_30pct,Prolongation,0,pr_auc,0.6311432048476749
sep28k,majority_vote_fixed,random_del_30pct,Prolongation,0,pr_auc,0.43231278092681474
sep28k,deployment_fixed,random_del_30pct,Prolongation,0,ece,0.044844587435971105
sep28k,deployment_clean_val,random_del_30pct,Prolongation,0,ece,0.044844587435971105
sep28k,deployment_deg_val,random_del_30pct,Prolongation,0,ece,0.044844587435971105
sep28k,matched_retraining,random_del_30pct,Prolongation,0,ece,0.11772646185029143
sep28k,majority_vote_fixed,random_del_30pct,Prolongation,0,ece,0.2639266006399715
sep28k,deployment_fixed,random_del_30pct,Prolongation,0,brier,0.18716216607596983
sep28k,deployment_clean_val,random_del_30pct,Prolongation,0,brier,0.18716216607596983
sep28k,deployment_deg_val,random_del_30pct,Prolongation,0,brier,0.18716216607596983
sep28k,matched_retraining,random_del_30pct,Prolongation,0,brier,0.1990732775344404
sep28k,majority_vote_fixed,random_del_30pct,Prolongation,0,brier,0.16427558797160452
sep28k,deployment_fixed,random_del_30pct,SoundRep,0,f1,0.6101364522417154
sep28k,deployment_clean_val,random_del_30pct,SoundRep,0,f1,0.6101364522417154
sep28k,deployment_deg_val,random_del_30pct,SoundRep,0,f1,0.6031088082901555
sep28k,matched_retraining,random_del_30pct,SoundRep,0,f1,0.5947089947089947
sep28k,majority_vote_fixed,random_del_30pct,SoundRep,0,f1,0.3828647925033467
sep28k,deployment_fixed,random_del_30pct,SoundRep,0,precision,0.5415224913494809
sep28k,deployment_clean_val,random_del_30pct,SoundRep,0,precision,0.5415224913494809
sep28k,deployment_deg_val,random_del_30pct,SoundRep,0,precision,0.562862669245648
sep28k,matched_retraining,random_del_30pct,SoundRep,0,precision,0.5653923541247485
sep28k,majority_vote_fixed,random_del_30pct,SoundRep,0,precision,0.24740484429065743
sep28k,deployment_fixed,random_del_30pct,SoundRep,0,recall,0.6986607142857143
sep28k,deployment_clean_val,random_del_30pct,SoundRep,0,recall,0.6986607142857143
sep28k,deployment_deg_val,random_del_30pct,SoundRep,0,recall,0.6495535714285714
sep28k,matched_retraining,random_del_30pct,SoundRep,0,recall,0.6272321428571429
sep28k,majority_vote_fixed,random_del_30pct,SoundRep,0,recall,0.8461538461538461
sep28k,deployment_fixed,random_del_30pct,SoundRep,0,auc,0.8016144283234127
sep28k,deployment_clean_val,random_del_30pct,SoundRep,0,auc,0.8016144283234127
sep28k,deployment_deg_val,random_del_30pct,SoundRep,0,auc,0.8016144283234127
sep28k,matched_retraining,random_del_30pct,SoundRep,0,auc,0.7975299169146826
sep28k,majority_vote_fixed,random_del_30pct,SoundRep,0,auc,0.857913735997916
sep28k,deployment_fixed,random_del_30pct,SoundRep,0,pr_auc,0.6336236332516213
sep28k,deployment_clean_val,random_del_30pct,SoundRep,0,pr_auc,0.6336236332516213
sep28k,deployment_deg_val,random_del_30pct,SoundRep,0,pr_auc,0.6336236332516213
sep28k,matched_retraining,random_del_30pct,SoundRep,0,pr_auc,0.629666242027188
sep28k,majority_vote_fixed,random_del_30pct,SoundRep,0,pr_auc,0.45291241736965565
sep28k,deployment_fixed,random_del_30pct,SoundRep,0,ece,0.14044448884492566
sep28k,deployment_clean_val,random_del_30pct,SoundRep,0,ece,0.14044448884492566
sep28k,deployment_deg_val,random_del_30pct,SoundRep,0,ece,0.14044448884492566
sep28k,matched_retraining,random_del_30pct,SoundRep,0,ece,0.1151004910076294
sep28k,majority_vote_fixed,random_del_30pct,SoundRep,0,ece,0.3148194888449256
sep28k,deployment_fixed,random_del_30pct,SoundRep,0,brier,0.17724098651899087
sep28k,deployment_clean_val,random_del_30pct,SoundRep,0,brier,0.17724098651899087
sep28k,deployment_deg_val,random_del_30pct,SoundRep,0,brier,0.17724098651899087
sep28k,matched_retraining,random_del_30pct,SoundRep,0,brier,0.16900770272985743
sep28k,majority_vote_fixed,random_del_30pct,SoundRep,0,brier,0.20566515985128786
sep28k,deployment_fixed,random_del_30pct,WordRep,0,f1,0.607095926412615
sep28k,deployment_clean_val,random_del_30pct,WordRep,0,f1,0.6147058823529412
sep28k,deployment_deg_val,random_del_30pct,WordRep,0,f1,0.614765100671141
sep28k,matched_retraining,random_del_30pct,WordRep,0,f1,0.6256544502617801
sep28k,majority_vote_fixed,random_del_30pct,WordRep,0,f1,0.5365079365079365
sep28k,deployment_fixed,random_del_30pct,WordRep,0,precision,0.5422535211267606
sep28k,deployment_clean_val,random_del_30pct,WordRep,0,precision,0.6057971014492753
sep28k,deployment_deg_val,random_del_30pct,WordRep,0,precision,0.5585365853658537
sep28k,matched_retraining,random_del_30pct,WordRep,0,precision,0.5571095571095571
sep28k,majority_vote_fixed,random_del_30pct,WordRep,0,precision,0.3967136150234742
sep28k,deployment_fixed,random_del_30pct,WordRep,0,recall,0.6895522388059702
sep28k,deployment_clean_val,random_del_30pct,WordRep,0,recall,0.6238805970149254
sep28k,deployment_deg_val,random_del_30pct,WordRep,0,recall,0.6835820895522388
sep28k,matched_retraining,random_del_30pct,WordRep,0,recall,0.7134328358208956
sep28k,majority_vote_fixed,random_del_30pct,WordRep,0,recall,0.8284313725490197
sep28k,deployment_fixed,random_del_30pct,WordRep,0,auc,0.8367813108371188
sep28k,deployment_clean_val,random_del_30pct,WordRep,0,auc,0.8367813108371188
sep28k,deployment_deg_val,random_del_30pct,WordRep,0,auc,0.8367813108371188
sep28k,matched_retraining,random_del_30pct,WordRep,0,auc,0.8479523331956818
sep28k,majority_vote_fixed,random_del_30pct,WordRep,0,auc,0.8899727512781618
sep28k,deployment_fixed,random_del_30pct,WordRep,0,pr_auc,0.625673430882408
sep28k,deployment_clean_val,random_del_30pct,WordRep,0,pr_auc,0.625673430882408
sep28k,deployment_deg_val,random_del_30pct,WordRep,0,pr_auc,0.625673430882408
sep28k,matched_retraining,random_del_30pct,WordRep,0,pr_auc,0.6465779216564491
sep28k,majority_vote_fixed,random_del_30pct,WordRep,0,pr_auc,0.5397991384155696
sep28k,deployment_fixed,random_del_30pct,WordRep,0,ece,0.13058912237094816
sep28k,deployment_clean_val,random_del_30pct,WordRep,0,ece,0.13058912237094816
sep28k,deployment_deg_val,random_del_30pct,WordRep,0,ece,0.13058912237094816
sep28k,matched_retraining,random_del_30pct,WordRep,0,ece,0.15127841334525394
sep28k,majority_vote_fixed,random_del_30pct,WordRep,0,ece,0.2124641223709482
sep28k,deployment_fixed,random_del_30pct,WordRep,0,brier,0.13947310646728206
sep28k,deployment_clean_val,random_del_30pct,WordRep,0,brier,0.13947310646728206
sep28k,deployment_deg_val,random_del_30pct,WordRep,0,brier,0.13947310646728206
sep28k,matched_retraining,random_del_30pct,WordRep,0,brier,0.13829669479674891
sep28k,majority_vote_fixed,random_del_30pct,WordRep,0,brier,0.1392345097013712
sep28k,deployment_fixed,random_del_30pct,Interjection,0,f1,0.7199297629499561
sep28k,deployment_clean_val,random_del_30pct,Interjection,0,f1,0.7172413793103448
sep28k,deployment_deg_val,random_del_30pct,Interjection,0,f1,0.6983105390185036
sep28k,matched_retraining,random_del_30pct,Interjection,0,f1,0.7102473498233216
sep28k,majority_vote_fixed,random_del_30pct,Interjection,0,f1,0.6849615806805708
sep28k,deployment_fixed,random_del_30pct,Interjection,0,precision,0.740072202166065
sep28k,deployment_clean_val,random_del_30pct,Interjection,0,precision,0.7234782608695652
sep28k,deployment_deg_val,random_del_30pct,Interjection,0,precision,0.6595744680851063
sep28k,matched_retraining,random_del_30pct,Interjection,0,precision,0.7349177330895795
sep28k,majority_vote_fixed,random_del_30pct,Interjection,0,precision,0.5631768953068592
sep28k,deployment_fixed,random_del_30pct,Interjection,0,recall,0.7008547008547008
sep28k,deployment_clean_val,random_del_30pct,Interjection,0,recall,0.7111111111111111
sep28k,deployment_deg_val,random_del_30pct,Interjection,0,recall,0.7418803418803419
sep28k,matched_retraining,random_del_30pct,Interjection,0,recall,0.6871794871794872
sep28k,majority_vote_fixed,random_del_30pct,Interjection,0,recall,0.8739495798319328
sep28k,deployment_fixed,random_del_30pct,Interjection,0,auc,0.832008757525999
sep28k,deployment_clean_val,random_del_30pct,Interjection,0,auc,0.832008757525999
sep28k,deployment_deg_val,random_del_30pct,Interjection,0,auc,0.832008757525999
sep28k,matched_retraining,random_del_30pct,Interjection,0,auc,0.8326318891836133
sep28k,majority_vote_fixed,random_del_30pct,Interjection,0,auc,0.9153556837055015
sep28k,deployment_fixed,random_del_30pct,Interjection,0,pr_auc,0.8104925603900308
sep28k,deployment_clean_val,random_del_30pct,Interjection,0,pr_auc,0.8104925603900308
sep28k,deployment_deg_val,random_del_30pct,Interjection,0,pr_auc,0.8104925603900308
sep28k,matched_retraining,random_del_30pct,Interjection,0,pr_auc,0.8110995697925735
sep28k,majority_vote_fixed,random_del_30pct,Interjection,0,pr_auc,0.8255974855616595
sep28k,deployment_fixed,random_del_30pct,Interjection,0,ece,0.07761940923167042
sep28k,deployment_clean_val,random_del_30pct,Interjection,0,ece,0.07761940923167042
sep28k,deployment_deg_val,random_del_30pct,Interjection,0,ece,0.07761940923167042
sep28k,matched_retraining,random_del_30pct,Interjection,0,ece,0.08081958909932944
sep28k,majority_vote_fixed,random_del_30pct,Interjection,0,ece,0.21298582168025054
sep28k,deployment_fixed,random_del_30pct,Interjection,0,brier,0.15155703345914032
sep28k,deployment_clean_val,random_del_30pct,Interjection,0,brier,0.15155703345914032
sep28k,deployment_deg_val,random_del_30pct,Interjection,0,brier,0.15155703345914032
sep28k,matched_retraining,random_del_30pct,Interjection,0,brier,0.15035667368137445
sep28k,majority_vote_fixed,random_del_30pct,Interjection,0,brier,0.14099971435604608
sep28k,clean_baseline,clean,Block,1,f1,0.6330731014904187
sep28k,clean_mlp_baseline,clean,Block,1,f1,0.635846372688478
sep28k,clean_majority_vote,clean,Block,1,f1,0.3701226309921962
sep28k,clean_baseline,clean,Block,1,precision,0.6539589442815249
sep28k,clean_mlp_baseline,clean,Block,1,precision,0.658321060382916
sep28k,clean_majority_vote,clean,Block,1,precision,0.2434017595307918
sep28k,clean_baseline,clean,Block,1,recall,0.6134800550206327
sep28k,clean_mlp_baseline,clean,Block,1,recall,0.6148555708390646
sep28k,clean_majority_vote,clean,Block,1,recall,0.772093023255814
sep28k,clean_baseline,clean,Block,1,auc,0.7379287851501013
sep28k,clean_mlp_baseline,clean,Block,1,auc,0.7380217467002589
sep28k,clean_majority_vote,clean,Block,1,auc,0.7689765762740325
sep28k,clean_baseline,clean,Block,1,pr_auc,0.6908760464733192
sep28k,clean_mlp_baseline,clean,Block,1,pr_auc,0.6901129724560385
sep28k,clean_majority_vote,clean,Block,1,pr_auc,0.34675439148126186
sep28k,clean_baseline,clean,Block,1,ece,0.026718183275729532
sep28k,clean_mlp_baseline,clean,Block,1,ece,0.03339880164712667
sep28k,clean_majority_vote,clean,Block,1,ece,0.3336085790461393
sep28k,clean_baseline,clean,Block,1,brier,0.20634311508500602
sep28k,clean_mlp_baseline,clean,Block,1,brier,0.20742589235305786
sep28k,clean_majority_vote,clean,Block,1,brier,0.22542022462965647
sep28k,clean_baseline,clean,Prolongation,1,f1,0.5513513513513514
sep28k,clean_mlp_baseline,clean,Prolongation,1,f1,0.4945945945945946
sep28k,clean_majority_vote,clean,Prolongation,1,f1,0.35194585448392557
sep28k,clean_baseline,clean,Prolongation,1,precision,0.550755939524838
sep28k,clean_mlp_baseline,clean,Prolongation,1,precision,0.658273381294964
sep28k,clean_majority_vote,clean,Prolongation,1,precision,0.22462203023758098
sep28k,clean_baseline,clean,Prolongation,1,recall,0.551948051948052
sep28k,clean_mlp_baseline,clean,Prolongation,1,recall,0.3961038961038961
sep28k,clean_majority_vote,clean,Prolongation,1,recall,0.8125
sep28k,clean_baseline,clean,Prolongation,1,auc,0.7696631136877182
sep28k,clean_mlp_baseline,clean,Prolongation,1,auc,0.7777562215172058
sep28k,clean_majority_vote,clean,Prolongation,1,auc,0.8571565047554348
sep28k,clean_baseline,clean,Prolongation,1,pr_auc,0.6160593713832567
sep28k,clean_mlp_baseline,clean,Prolongation,1,pr_auc,0.6262164699043629
sep28k,clean_majority_vote,clean,Prolongation,1,pr_auc,0.41753339655180965
sep28k,clean_baseline,clean,Prolongation,1,ece,0.09880980199789875
sep28k,clean_mlp_baseline,clean,Prolongation,1,ece,0.040098919202573594
sep28k,clean_majority_vote,clean,Prolongation,1,ece,0.30755980199789873
sep28k,clean_baseline,clean,Prolongation,1,brier,0.17543182601692703
sep28k,clean_mlp_baseline,clean,Prolongation,1,brier,0.161539688706398
sep28k,clean_majority_vote,clean,Prolongation,1,brier,0.17620201728745033
sep28k,clean_baseline,clean,SoundRep,1,f1,0.6997140133460439
sep28k,clean_mlp_baseline,clean,SoundRep,1,f1,0.6643990929705216
sep28k,clean_majority_vote,clean,SoundRep,1,f1,0.49242424242424243
sep28k,clean_baseline,clean,SoundRep,1,precision,0.6553571428571429
sep28k,clean_mlp_baseline,clean,SoundRep,1,precision,0.7455470737913485
sep28k,clean_majority_vote,clean,SoundRep,1,precision,0.3482142857142857
sep28k,clean_baseline,clean,SoundRep,1,recall,0.7505112474437627
sep28k,clean_mlp_baseline,clean,SoundRep,1,recall,0.5991820040899796
sep28k,clean_majority_vote,clean,SoundRep,1,recall,0.8405172413793104
sep28k,clean_baseline,clean,SoundRep,1,auc,0.8657908735658841
sep28k,clean_mlp_baseline,clean,SoundRep,1,auc,0.8629525529240041
sep28k,clean_majority_vote,clean,SoundRep,1,auc,0.8745084694494858
sep28k,clean_baseline,clean,SoundRep,1,pr_auc,0.7612105758420982
sep28k,clean_mlp_baseline,clean,SoundRep,1,pr_auc,0.7525420646528722
sep28k,clean_majority_vote,clean,SoundRep,1,pr_auc,0.5606792016021035
sep28k,clean_baseline,clean,SoundRep,1,ece,0.1073525717401389
sep28k,clean_mlp_baseline,clean,SoundRep,1,ece,0.025433939900249242
sep28k,clean_majority_vote,clean,SoundRep,1,ece,0.2679775717401389
sep28k,clean_baseline,clean,SoundRep,1,brier,0.14338867159320448
sep28k,clean_mlp_baseline,clean,SoundRep,1,brier,0.13209713995456696
sep28k,clean_majority_vote,clean,SoundRep,1,brier,0.17995667125318351
sep28k,clean_baseline,clean,WordRep,1,f1,0.6627335299901671
sep28k,clean_mlp_baseline,clean,WordRep,1,f1,0.6310299869621904
sep28k,clean_majority_vote,clean,WordRep,1,f1,0.5535499398315282
sep28k,clean_baseline,clean,WordRep,1,precision,0.5912280701754385
sep28k,clean_mlp_baseline,clean,WordRep,1,precision,0.75625
sep28k,clean_majority_vote,clean,WordRep,1,precision,0.40350877192982454
sep28k,clean_baseline,clean,WordRep,1,recall,0.7539149888143176
sep28k,clean_mlp_baseline,clean,WordRep,1,recall,0.5413870246085011
sep28k,clean_majority_vote,clean,WordRep,1,recall,0.8812260536398467
sep28k,clean_baseline,clean,WordRep,1,auc,0.8444404345438706
sep28k,clean_mlp_baseline,clean,WordRep,1,auc,0.8477893482812079
sep28k,clean_majority_vote,clean,WordRep,1,auc,0.882865637134134
sep28k,clean_baseline,clean,WordRep,1,pr_auc,0.6874014890581356
sep28k,clean_mlp_baseline,clean,WordRep,1,pr_auc,0.7446588903697027
sep28k,clean_majority_vote,clean,WordRep,1,pr_auc,0.5364932097507862
sep28k,clean_baseline,clean,WordRep,1,ece,0.1458963592123001
sep28k,clean_mlp_baseline,clean,WordRep,1,ece,0.054481075331568735
sep28k,clean_majority_vote,clean,WordRep,1,ece,0.2621463592123001
sep28k,clean_baseline,clean,WordRep,1,brier,0.15778843838748643
sep28k,clean_mlp_baseline,clean,WordRep,1,brier,0.13122215867042542
sep28k,clean_majority_vote,clean,WordRep,1,brier,0.17412341841014645
sep28k,clean_baseline,clean,Interjection,1,f1,0.7634408602150538
sep28k,clean_mlp_baseline,clean,Interjection,1,f1,0.7537608867775138
sep28k,clean_majority_vote,clean,Interjection,1,f1,0.7134615384615385
sep28k,clean_baseline,clean,Interjection,1,precision,0.7990353697749196
sep28k,clean_mlp_baseline,clean,Interjection,1,precision,0.8164665523156089
sep28k,clean_majority_vote,clean,Interjection,1,precision,0.5964630225080386
sep28k,clean_baseline,clean,Interjection,1,recall,0.7308823529411764
sep28k,clean_mlp_baseline,clean,Interjection,1,recall,0.7
sep28k,clean_majority_vote,clean,Interjection,1,recall,0.8875598086124402
sep28k,clean_baseline,clean,Interjection,1,auc,0.8689801790281331
sep28k,clean_mlp_baseline,clean,Interjection,1,auc,0.8704619565217393
sep28k,clean_majority_vote,clean,Interjection,1,auc,0.925110711712368
sep28k,clean_baseline,clean,Interjection,1,pr_auc,0.8647218890993416
sep28k,clean_mlp_baseline,clean,Interjection,1,pr_auc,0.8682768703117044
sep28k,clean_majority_vote,clean,Interjection,1,pr_auc,0.833855838042891
sep28k,clean_baseline,clean,Interjection,1,ece,0.050260475768105405
sep28k,clean_mlp_baseline,clean,Interjection,1,ece,0.042845320936758066
sep28k,clean_majority_vote,clean,Interjection,1,ece,0.1960146880524204
sep28k,clean_baseline,clean,Interjection,1,brier,0.139653225068753
sep28k,clean_mlp_baseline,clean,Interjection,1,brier,0.13786181807518005
sep28k,clean_majority_vote,clean,Interjection,1,brier,0.13693106071584
sep28k,deployment_fixed,clean,Block,1,f1,0.6330731014904187
sep28k,deployment_clean_val,clean,Block,1,f1,0.6793478260869565
sep28k,deployment_deg_val,clean,Block,1,f1,0.6793478260869565
sep28k,matched_retraining,clean,Block,1,f1,0.6330731014904187
sep28k,majority_vote_fixed,clean,Block,1,f1,0.3701226309921962
sep28k,deployment_fixed,clean,Block,1,precision,0.6539589442815249
sep28k,deployment_clean_val,clean,Block,1,precision,0.5615453728661276
sep28k,deployment_deg_val,clean,Block,1,precision,0.5615453728661276
sep28k,matched_retraining,clean,Block,1,precision,0.6539589442815249
sep28k,majority_vote_fixed,clean,Block,1,precision,0.2434017595307918
sep28k,deployment_fixed,clean,Block,1,recall,0.6134800550206327
sep28k,deployment_clean_val,clean,Block,1,recall,0.859697386519945
sep28k,deployment_deg_val,clean,Block,1,recall,0.859697386519945
sep28k,matched_retraining,clean,Block,1,recall,0.6134800550206327
sep28k,majority_vote_fixed,clean,Block,1,recall,0.772093023255814
sep28k,deployment_fixed,clean,Block,1,auc,0.7379287851501013
sep28k,deployment_clean_val,clean,Block,1,auc,0.7379287851501013
sep28k,deployment_deg_val,clean,Block,1,auc,0.7379287851501013
sep28k,matched_retraining,clean,Block,1,auc,0.7379287851501013
sep28k,majority_vote_fixed,clean,Block,1,auc,0.7689765762740325
sep28k,deployment_fixed,clean,Block,1,pr_auc,0.6908760464733192
sep28k,deployment_clean_val,clean,Block,1,pr_auc,0.6908760464733192
sep28k,deployment_deg_val,clean,Block,1,pr_auc,0.6908760464733192
sep28k,matched_retraining,clean,Block,1,pr_auc,0.6908760464733192
sep28k,majority_vote_fixed,clean,Block,1,pr_auc,0.34675439148126186
sep28k,deployment_fixed,clean,Block,1,ece,0.026718183275729532
sep28k,deployment_clean_val,clean,Block,1,ece,0.026718183275729532
sep28k,deployment_deg_val,clean,Block,1,ece,0.026718183275729532
sep28k,matched_retraining,clean,Block,1,ece,0.026718183275729532
sep28k,majority_vote_fixed,clean,Block,1,ece,0.3336085790461393
sep28k,deployment_fixed,clean,Block,1,brier,0.20634311508500602
sep28k,deployment_clean_val,clean,Block,1,brier,0.20634311508500602
sep28k,deployment_deg_val,clean,Block,1,brier,0.20634311508500602
sep28k,matched_retraining,clean,Block,1,brier,0.20634311508500602
sep28k,majority_vote_fixed,clean,Block,1,brier,0.22542022462965647
sep28k,deployment_fixed,clean,Prolongation,1,f1,0.5513513513513514
sep28k,deployment_clean_val,clean,Prolongation,1,f1,0.5641509433962264
sep28k,deployment_deg_val,clean,Prolongation,1,f1,0.5641509433962264
sep28k,matched_retraining,clean,Prolongation,1,f1,0.5513513513513514
sep28k,majority_vote_fixed,clean,Prolongation,1,f1,0.35194585448392557
sep28k,deployment_fixed,clean,Prolongation,1,precision,0.550755939524838
sep28k,deployment_clean_val,clean,Prolongation,1,precision,0.5
sep28k,deployment_deg_val,clean,Prolongation,1,precision,0.5
sep28k,matched_retraining,clean,Prolongation,1,precision,0.550755939524838
sep28k,majority_vote_fixed,clean,Prolongation,1,precision,0.22462203023758098
sep28k,deployment_fixed,clean,Prolongation,1,recall,0.551948051948052
sep28k,deployment_clean_val,clean,Prolongation,1,recall,0.6471861471861472
sep28k,deployment_deg_val,clean,Prolongation,1,recall,0.6471861471861472
sep28k,matched_retraining,clean,Prolongation,1,recall,0.551948051948052
sep28k,majority_vote_fixed,clean,Prolongation,1,recall,0.8125
sep28k,deployment_fixed,clean,Prolongation,1,auc,0.7696631136877182
sep28k,deployment_clean_val,clean,Prolongation,1,auc,0.7696631136877182
sep28k,deployment_deg_val,clean,Prolongation,1,auc,0.7696631136877182
sep28k,matched_retraining,clean,Prolongation,1,auc,0.7696631136877182
sep28k,majority_vote_fixed,clean,Prolongation,1,auc,0.8571565047554348
sep28k,deployment_fixed,clean,Prolongation,1,pr_auc,0.6160593713832567
sep28k,deployment_clean_val,clean,Prolongation,1,pr_auc,0.6160593713832567
sep28k,deployment_deg_val,clean,Prolongation,1,pr_auc,0.6160593713832567
sep28k,matched_retraining,clean,Prolongation,1,pr_auc,0.6160593713832567
sep28k,majority_vote_fixed,clean,Prolongation,1,pr_auc,0.41753339655180965
sep28k,deployment_fixed,clean,Prolongation,1,ece,0.09880980199789875
sep28k,deployment_clean_val,clean,Prolongation,1,ece,0.09880980199789875
sep28k,deployment_deg_val,clean,Prolongation,1,ece,0.09880980199789875
sep28k,matched_retraining,clean,Prolongation,1,ece,0.09880980199789875
sep28k,majority_vote_fixed,clean,Prolongation,1,ece,0.30755980199789873
sep28k,deployment_fixed,clean,Prolongation,1,brier,0.17543182601692703
sep28k,deployment_clean_val,clean,Prolongation,1,brier,0.17543182601692703
sep28k,deployment_deg_val,clean,Prolongation,1,brier,0.17543182601692703
sep28k,matched_retraining,clean,Prolongation,1,brier,0.17543182601692703
sep28k,majority_vote_fixed,clean,Prolongation,1,brier,0.17620201728745033
sep28k,deployment_fixed,clean,SoundRep,1,f1,0.6997140133460439
sep28k,deployment_clean_val,clean,SoundRep,1,f1,0.7029126213592233
sep28k,deployment_deg_val,clean,SoundRep,1,f1,0.7029126213592233
sep28k,matched_retraining,clean,SoundRep,1,f1,0.6997140133460439
sep28k,majority_vote_fixed,clean,SoundRep,1,f1,0.49242424242424243
sep28k,deployment_fixed,clean,SoundRep,1,precision,0.6553571428571429
sep28k,deployment_clean_val,clean,SoundRep,1,precision,0.6691312384473198
sep28k,deployment_deg_val,clean,SoundRep,1,precision,0.6691312384473198
sep28k,matched_retraining,clean,SoundRep,1,precision,0.6553571428571429
sep28k,majority_vote_fixed,clean,SoundRep,1,precision,0.3482142857142857
sep28k,deployment_fixed,clean,SoundRep,1,recall,0.7505112474437627
sep28k,deployment_clean_val,clean,SoundRep,1,recall,0.7402862985685071
sep28k,deployment_deg_val,clean,SoundRep,1,recall,0.7402862985685071
sep28k,matched_retraining,clean,SoundRep,1,recall,0.7505112474437627
sep28k,majority_vote_fixed,clean,SoundRep,1,recall,0.8405172413793104
sep28k,deployment_fixed,clean,SoundRep,1,auc,0.8657908735658841
sep28k,deployment_clean_val,clean,SoundRep,1,auc,0.8657908735658841
sep28k,deployment_deg_val,clean,SoundRep,1,auc,0.8657908735658841
sep28k,matched_retraining,clean,SoundRep,1,auc,0.8657908735658841
sep28k,majority_vote_fixed,clean,SoundRep,1,auc,0.8745084694494858
sep28k,deployment_fixed,clean,SoundRep,1,pr_auc,0.7612105758420982
sep28k,deployment_clean_val,clean,SoundRep,1,pr_auc,0.7612105758420982
sep28k,deployment_deg_val,clean,SoundRep,1,pr_auc,0.7612105758420982
sep28k,matched_retraining,clean,SoundRep,1,pr_auc,0.7612105758420982
sep28k,majority_vote_fixed,clean,SoundRep,1,pr_auc,0.5606792016021035
sep28k,deployment_fixed,clean,SoundRep,1,ece,0.1073525717401389
sep28k,deployment_clean_val,clean,SoundRep,1,ece,0.1073525717401389
sep28k,deployment_deg_val,clean,SoundRep,1,ece,0.1073525717401389
sep28k,matched_retraining,clean,SoundRep,1,ece,0.1073525717401389
sep28k,majority_vote_fixed,clean,SoundRep,1,ece,0.2679775717401389
sep28k,deployment_fixed,clean,SoundRep,1,brier,0.14338867159320448
sep28k,deployment_clean_val,clean,SoundRep,1,brier,0.14338867159320448
sep28k,deployment_deg_val,clean,SoundRep,1,brier,0.14338867159320448
sep28k,matched_retraining,clean,SoundRep,1,brier,0.14338867159320448
sep28k,majority_vote_fixed,clean,SoundRep,1,brier,0.17995667125318351
sep28k,deployment_fixed,clean,WordRep,1,f1,0.6627335299901671
sep28k,deployment_clean_val,clean,WordRep,1,f1,0.6507177033492823
sep28k,deployment_deg_val,clean,WordRep,1,f1,0.6507177033492823
sep28k,matched_retraining,clean,WordRep,1,f1,0.6627335299901671
sep28k,majority_vote_fixed,clean,WordRep,1,f1,0.5535499398315282
sep28k,deployment_fixed,clean,WordRep,1,precision,0.5912280701754385
sep28k,deployment_clean_val,clean,WordRep,1,precision,0.699228791773779
sep28k,deployment_deg_val,clean,WordRep,1,precision,0.699228791773779
sep28k,matched_retraining,clean,WordRep,1,precision,0.5912280701754385
sep28k,majority_vote_fixed,clean,WordRep,1,precision,0.40350877192982454
sep28k,deployment_fixed,clean,WordRep,1,recall,0.7539149888143176
sep28k,deployment_clean_val,clean,WordRep,1,recall,0.6085011185682326
sep28k,deployment_deg_val,clean,WordRep,1,recall,0.6085011185682326
sep28k,matched_retraining,clean,WordRep,1,recall,0.7539149888143176
sep28k,majority_vote_fixed,clean,WordRep,1,recall,0.8812260536398467
sep28k,deployment_fixed,clean,WordRep,1,auc,0.8444404345438706
sep28k,deployment_clean_val,clean,WordRep,1,auc,0.8444404345438706
sep28k,deployment_deg_val,clean,WordRep,1,auc,0.8444404345438706
sep28k,matched_retraining,clean,WordRep,1,auc,0.8444404345438706
sep28k,majority_vote_fixed,clean,WordRep,1,auc,0.882865637134134
sep28k,deployment_fixed,clean,WordRep,1,pr_auc,0.6874014890581356
sep28k,deployment_clean_val,clean,WordRep,1,pr_auc,0.6874014890581356
sep28k,deployment_deg_val,clean,WordRep,1,pr_auc,0.6874014890581356
sep28k,matched_retraining,clean,WordRep,1,pr_auc,0.6874014890581356
sep28k,majority_vote_fixed,clean,WordRep,1,pr_auc,0.5364932097507862
sep28k,deployment_fixed,clean,WordRep,1,ece,0.1458963592123001
sep28k,deployment_clean_val,clean,WordRep,1,ece,0.1458963592123001
sep28k,deployment_deg_val,clean,WordRep,1,ece,0.1458963592123001
sep28k,matched_retraining,clean,WordRep,1,ece,0.1458963592123001
sep28k,majority_vote_fixed,clean,WordRep,1,ece,0.2621463592123001
sep28k,deployment_fixed,clean,WordRep,1,brier,0.15778843838748643
sep28k,deployment_clean_val,clean,WordRep,1,brier,0.15778843838748643
sep28k,deployment_deg_val,clean,WordRep,1,brier,0.15778843838748643
sep28k,matched_retraining,clean,WordRep,1,brier,0.15778843838748643
sep28k,majority_vote_fixed,clean,WordRep,1,brier,0.17412341841014645
sep28k,deployment_fixed,clean,Interjection,1,f1,0.7634408602150538
sep28k,deployment_clean_val,clean,Interjection,1,f1,0.7642642642642643
sep28k,deployment_deg_val,clean,Interjection,1,f1,0.7642642642642643
sep28k,matched_retraining,clean,Interjection,1,f1,0.7634408602150538
sep28k,majority_vote_fixed,clean,Interjection,1,f1,0.7134615384615385
sep28k,deployment_fixed,clean,Interjection,1,precision,0.7990353697749196
sep28k,deployment_clean_val,clean,Interjection,1,precision,0.7806748466257669
sep28k,deployment_deg_val,clean,Interjection,1,precision,0.7806748466257669
sep28k,matched_retraining,clean,Interjection,1,precision,0.7990353697749196
sep28k,majority_vote_fixed,clean,Interjection,1,precision,0.5964630225080386
sep28k,deployment_fixed,clean,Interjection,1,recall,0.7308823529411764
sep28k,deployment_clean_val,clean,Interjection,1,recall,0.7485294117647059
sep28k,deployment_deg_val,clean,Interjection,1,recall,0.7485294117647059
sep28k,matched_retraining,clean,Interjection,1,recall,0.7308823529411764
sep28k,majority_vote_fixed,clean,Interjection,1,recall,0.8875598086124402
sep28k,deployment_fixed,clean,Interjection,1,auc,0.8689801790281331
sep28k,deployment_clean_val,clean,Interjection,1,auc,0.8689801790281331
sep28k,deployment_deg_val,clean,Interjection,1,auc,0.8689801790281331
sep28k,matched_retraining,clean,Interjection,1,auc,0.8689801790281331
sep28k,majority_vote_fixed,clean,Interjection,1,auc,0.925110711712368
sep28k,deployment_fixed,clean,Interjection,1,pr_auc,0.8647218890993416
sep28k,deployment_clean_val,clean,Interjection,1,pr_auc,0.8647218890993416
sep28k,deployment_deg_val,clean,Interjection,1,pr_auc,0.8647218890993416
sep28k,matched_retraining,clean,Interjection,1,pr_auc,0.8647218890993416
sep28k,majority_vote_fixed,clean,Interjection,1,pr_auc,0.833855838042891
sep28k,deployment_fixed,clean,Interjection,1,ece,0.050260475768105405
sep28k,deployment_clean_val,clean,Interjection,1,ece,0.050260475768105405
sep28k,deployment_deg_val,clean,Interjection,1,ece,0.050260475768105405
sep28k,matched_retraining,clean,Interjection,1,ece,0.050260475768105405
sep28k,majority_vote_fixed,clean,Interjection,1,ece,0.1960146880524204
sep28k,deployment_fixed,clean,Interjection,1,brier,0.139653225068753
sep28k,deployment_clean_val,clean,Interjection,1,brier,0.139653225068753
sep28k,deployment_deg_val,clean,Interjection,1,brier,0.139653225068753
sep28k,matched_retraining,clean,Interjection,1,brier,0.139653225068753
sep28k,majority_vote_fixed,clean,Interjection,1,brier,0.13693106071584
sep28k,deployment_fixed,opus_16k,Block,1,f1,0.6333095067905646
sep28k,deployment_clean_val,opus_16k,Block,1,f1,0.6742919389978214
sep28k,deployment_deg_val,opus_16k,Block,1,f1,0.6686355581807443
sep28k,matched_retraining,opus_16k,Block,1,f1,0.636427076064201
sep28k,majority_vote_fixed,opus_16k,Block,1,f1,0.37204058624577224
sep28k,deployment_fixed,opus_16k,Block,1,precision,0.6592261904761905
sep28k,deployment_clean_val,opus_16k,Block,1,precision,0.5581605049594229
sep28k,deployment_deg_val,opus_16k,Block,1,precision,0.5859213250517599
sep28k,matched_retraining,opus_16k,Block,1,precision,0.6458923512747875
sep28k,majority_vote_fixed,opus_16k,Block,1,precision,0.24553571428571427
sep28k,deployment_fixed,opus_16k,Block,1,recall,0.609353507565337
sep28k,deployment_clean_val,opus_16k,Block,1,recall,0.8514442916093535
sep28k,deployment_deg_val,opus_16k,Block,1,recall,0.7785419532324622
sep28k,matched_retraining,opus_16k,Block,1,recall,0.6272352132049519
sep28k,majority_vote_fixed,opus_16k,Block,1,recall,0.7674418604651163
sep28k,deployment_fixed,opus_16k,Block,1,auc,0.7373332009812958
sep28k,deployment_clean_val,opus_16k,Block,1,auc,0.7373332009812958
sep28k,deployment_deg_val,opus_16k,Block,1,auc,0.7373332009812958
sep28k,matched_retraining,opus_16k,Block,1,auc,0.7345727156274668
sep28k,majority_vote_fixed,opus_16k,Block,1,auc,0.7639761564939972
sep28k,deployment_fixed,opus_16k,Block,1,pr_auc,0.6900676227881716
sep28k,deployment_clean_val,opus_16k,Block,1,pr_auc,0.6900676227881716
sep28k,deployment_deg_val,opus_16k,Block,1,pr_auc,0.6900676227881716
sep28k,matched_retraining,opus_16k,Block,1,pr_auc,0.6866326030641565
sep28k,majority_vote_fixed,opus_16k,Block,1,pr_auc,0.3437395145252161
sep28k,deployment_fixed,opus_16k,Block,1,ece,0.015852856202030856
sep28k,deployment_clean_val,opus_16k,Block,1,ece,0.015852856202030856
sep28k,deployment_deg_val,opus_16k,Block,1,ece,0.015852856202030856
sep28k,matched_retraining,opus_16k,Block,1,ece,0.02364484707378454
sep28k,majority_vote_fixed,opus_16k,Block,1,ece,0.3312899894105208
sep28k,deployment_fixed,opus_16k,Block,1,brier,0.20638568457426715
sep28k,deployment_clean_val,opus_16k,Block,1,brier,0.20638568457426715
sep28k,deployment_deg_val,opus_16k,Block,1,brier,0.20638568457426715
sep28k,matched_retraining,opus_16k,Block,1,brier,0.20748382482378333
sep28k,majority_vote_fixed,opus_16k,Block,1,brier,0.22412507182666588
sep28k,deployment_fixed,opus_16k,Prolongation,1,f1,0.5460526315789473
sep28k,deployment_clean_val,opus_16k,Prolongation,1,f1,0.562862669245648
sep28k,deployment_deg_val,opus_16k,Prolongation,1,f1,0.5691489361702128
sep28k,matched_retraining,opus_16k,Prolongation,1,f1,0.5435016111707841
sep28k,majority_vote_fixed,opus_16k,Prolongation,1,f1,0.35986159169550175
sep28k,deployment_fixed,opus_16k,Prolongation,1,precision,0.5533333333333333
sep28k,deployment_clean_val,opus_16k,Prolongation,1,precision,0.5087412587412588
sep28k,deployment_deg_val,opus_16k,Prolongation,1,precision,0.481981981981982
sep28k,matched_retraining,opus_16k,Prolongation,1,precision,0.5394456289978679
sep28k,majority_vote_fixed,opus_16k,Prolongation,1,precision,0.2311111111111111
sep28k,deployment_fixed,opus_16k,Prolongation,1,recall,0.538961038961039
sep28k,deployment_clean_val,opus_16k,Prolongation,1,recall,0.6298701298701299
sep28k,deployment_deg_val,opus_16k,Prolongation,1,recall,0.6948051948051948
sep28k,matched_retraining,opus_16k,Prolongation,1,recall,0.5476190476190477
sep28k,majority_vote_fixed,opus_16k,Prolongation,1,recall,0.8125
sep28k,deployment_fixed,opus_16k,Prolongation,1,auc,0.7698228836190172
sep28k,deployment_clean_val,opus_16k,Prolongation,1,auc,0.7698228836190172
sep28k,deployment_deg_val,opus_16k,Prolongation,1,auc,0.7698228836190172
sep28k,matched_retraining,opus_16k,Prolongation,1,auc,0.7682499106049194
sep28k,majority_vote_fixed,opus_16k,Prolongation,1,auc,0.8594386888586958
sep28k,deployment_fixed,opus_16k,Prolongation,1,pr_auc,0.6201121209213423
sep28k,deployment_clean_val,opus_16k,Prolongation,1,pr_auc,0.6201121209213423
sep28k,deployment_deg_val,opus_16k,Prolongation,1,pr_auc,0.6201121209213423
sep28k,matched_retraining,opus_16k,Prolongation,1,pr_auc,0.6195802454992544
sep28k,majority_vote_fixed,opus_16k,Prolongation,1,pr_auc,0.426205576393821
sep28k,deployment_fixed,opus_16k,Prolongation,1,ece,0.09276436029658441
sep28k,deployment_clean_val,opus_16k,Prolongation,1,ece,0.09276436029658441
sep28k,deployment_deg_val,opus_16k,Prolongation,1,ece,0.09276436029658441
sep28k,matched_retraining,opus_16k,Prolongation,1,ece,0.10029069544739744
sep28k,majority_vote_fixed,opus_16k,Prolongation,1,ece,0.30151436029658446
sep28k,deployment_fixed,opus_16k,Prolongation,1,brier,0.17359050138561727
sep28k,deployment_clean_val,opus_16k,Prolongation,1,brier,0.17359050138561727
sep28k,deployment_deg_val,opus_16k,Prolongation,1,brier,0.17359050138561727
sep28k,matched_retraining,opus_16k,Prolongation,1,brier,0.175767053626088
sep28k,majority_vote_fixed,opus_16k,Prolongation,1,brier,0.17093328872858385
sep28k,deployment_fixed,opus_16k,SoundRep,1,f1,0.6997140133460439
sep28k,deployment_clean_val,opus_16k,SoundRep,1,f1,0.6996124031007752
sep28k,deployment_deg_val,opus_16k,SoundRep,1,f1,0.6979472140762464
sep28k,matched_retraining,opus_16k,SoundRep,1,f1,0.6969990319457889
sep28k,majority_vote_fixed,opus_16k,SoundRep,1,f1,0.48737373737373735
sep28k,deployment_fixed,opus_16k,SoundRep,1,precision,0.6553571428571429
sep28k,deployment_clean_val,opus_16k,SoundRep,1,precision,0.6648250460405156
sep28k,deployment_deg_val,opus_16k,SoundRep,1,precision,0.6685393258426966
sep28k,matched_retraining,opus_16k,SoundRep,1,precision,0.6617647058823529
sep28k,majority_vote_fixed,opus_16k,SoundRep,1,precision,0.34464285714285714
sep28k,deployment_fixed,opus_16k,SoundRep,1,recall,0.7505112474437627
sep28k,deployment_clean_val,opus_16k,SoundRep,1,recall,0.7382413087934561
sep28k,deployment_deg_val,opus_16k,SoundRep,1,recall,0.7300613496932515
sep28k,matched_retraining,opus_16k,SoundRep,1,recall,0.7361963190184049
sep28k,majority_vote_fixed,opus_16k,SoundRep,1,recall,0.8318965517241379
sep28k,deployment_fixed,opus_16k,SoundRep,1,auc,0.8669523394057197
sep28k,deployment_clean_val,opus_16k,SoundRep,1,auc,0.8669523394057197
sep28k,deployment_deg_val,opus_16k,SoundRep,1,auc,0.8669523394057197
sep28k,matched_retraining,opus_16k,SoundRep,1,auc,0.8644471809144105
sep28k,majority_vote_fixed,opus_16k,SoundRep,1,auc,0.8721579451502319
sep28k,deployment_fixed,opus_16k,SoundRep,1,pr_auc,0.7628931084065113
sep28k,deployment_clean_val,opus_16k,SoundRep,1,pr_auc,0.7628931084065113
sep28k,deployment_deg_val,opus_16k,SoundRep,1,pr_auc,0.7628931084065113
sep28k,matched_retraining,opus_16k,SoundRep,1,pr_auc,0.7600272358321
sep28k,majority_vote_fixed,opus_16k,SoundRep,1,pr_auc,0.5578316828426801
sep28k,deployment_fixed,opus_16k,SoundRep,1,ece,0.11170585563168874
sep28k,deployment_clean_val,opus_16k,SoundRep,1,ece,0.11170585563168874
sep28k,deployment_deg_val,opus_16k,SoundRep,1,ece,0.11170585563168874
sep28k,matched_retraining,opus_16k,SoundRep,1,ece,0.10511060950251812
sep28k,majority_vote_fixed,opus_16k,SoundRep,1,ece,0.27233085563168874
sep28k,deployment_fixed,opus_16k,SoundRep,1,brier,0.14455749133042128
sep28k,deployment_clean_val,opus_16k,SoundRep,1,brier,0.14455749133042128
sep28k,deployment_deg_val,opus_16k,SoundRep,1,brier,0.14455749133042128
sep28k,matched_retraining,opus_16k,SoundRep,1,brier,0.1440444291830105
sep28k,majority_vote_fixed,opus_16k,SoundRep,1,brier,0.1833174894969966
sep28k,deployment_fixed,opus_16k,WordRep,1,f1,0.6589147286821705
sep28k,deployment_clean_val,opus_16k,WordRep,1,f1,0.6415981198589894
sep28k,deployment_deg_val,opus_16k,WordRep,1,f1,0.6527472527472528
sep28k,matched_retraining,opus_16k,WordRep,1,f1,0.6614785992217899
sep28k,majority_vote_fixed,opus_16k,WordRep,1,f1,0.5437352245862884
sep28k,deployment_fixed,opus_16k,WordRep,1,precision,0.5811965811965812
sep28k,deployment_clean_val,opus_16k,WordRep,1,precision,0.6757425742574258
sep28k,deployment_deg_val,opus_16k,WordRep,1,precision,0.6414686825053996
sep28k,matched_retraining,opus_16k,WordRep,1,precision,0.5851979345955249
sep28k,majority_vote_fixed,opus_16k,WordRep,1,precision,0.39316239316239315
sep28k,deployment_fixed,opus_16k,WordRep,1,recall,0.7606263982102909
sep28k,deployment_clean_val,opus_16k,WordRep,1,recall,0.610738255033557
sep28k,deployment_deg_val,opus_16k,WordRep,1,recall,0.6644295302013423
sep28k,matched_retraining,opus_16k,WordRep,1,recall,0.7606263982102909
sep28k,majority_vote_fixed,opus_16k,WordRep,1,recall,0.8812260536398467
sep28k,deployment_fixed,opus_16k,WordRep,1,auc,0.8421877758827764
sep28k,deployment_clean_val,opus_16k,WordRep,1,auc,0.8421877758827764
sep28k,deployment_deg_val,opus_16k,WordRep,1,auc,0.8421877758827764
sep28k,matched_retraining,opus_16k,WordRep,1,auc,0.844093125413521
sep28k,majority_vote_fixed,opus_16k,WordRep,1,auc,0.8803104049170337
sep28k,deployment_fixed,opus_16k,WordRep,1,pr_auc,0.6833194409269975
sep28k,deployment_clean_val,opus_16k,WordRep,1,pr_auc,0.6833194409269975
sep28k,deployment_deg_val,opus_16k,WordRep,1,pr_auc,0.6833194409269975
sep28k,matched_retraining,opus_16k,WordRep,1,pr_auc,0.6822022239834677
sep28k,majority_vote_fixed,opus_16k,WordRep,1,pr_auc,0.5371938992312147
sep28k,deployment_fixed,opus_16k,WordRep,1,ece,0.15216496443374705
sep28k,deployment_clean_val,opus_16k,WordRep,1,ece,0.15216496443374705
sep28k,deployment_deg_val,opus_16k,WordRep,1,ece,0.15216496443374705
sep28k,matched_retraining,opus_16k,WordRep,1,ece,0.1470080035031372
sep28k,majority_vote_fixed,opus_16k,WordRep,1,ece,0.26841496443374707
sep28k,deployment_fixed,opus_16k,WordRep,1,brier,0.1610462435866077
sep28k,deployment_clean_val,opus_16k,WordRep,1,brier,0.1610462435866077
sep28k,deployment_deg_val,opus_16k,WordRep,1,brier,0.1610462435866077
sep28k,matched_retraining,opus_16k,WordRep,1,brier,0.15897574969796577
sep28k,majority_vote_fixed,opus_16k,WordRep,1,brier,0.17851640555796133
sep28k,deployment_fixed,opus_16k,Interjection,1,f1,0.7589900535577658
sep28k,deployment_clean_val,opus_16k,Interjection,1,f1,0.7558226897069872
sep28k,deployment_deg_val,opus_16k,Interjection,1,f1,0.7602591792656588
sep28k,matched_retraining,opus_16k,Interjection,1,f1,0.7637195121951219
sep28k,majority_vote_fixed,opus_16k,Interjection,1,f1,0.7119617224880382
sep28k,deployment_fixed,opus_16k,Interjection,1,precision,0.7910685805422647
sep28k,deployment_clean_val,opus_16k,Interjection,1,precision,0.7726574500768049
sep28k,deployment_deg_val,opus_16k,Interjection,1,precision,0.7447108603667136
sep28k,matched_retraining,opus_16k,Interjection,1,precision,0.7927215189873418
sep28k,majority_vote_fixed,opus_16k,Interjection,1,precision,0.5933014354066986
sep28k,deployment_fixed,opus_16k,Interjection,1,recall,0.7294117647058823
sep28k,deployment_clean_val,opus_16k,Interjection,1,recall,0.7397058823529412
sep28k,deployment_deg_val,opus_16k,Interjection,1,recall,0.7764705882352941
sep28k,matched_retraining,opus_16k,Interjection,1,recall,0.736764705882353
sep28k,majority_vote_fixed,opus_16k,Interjection,1,recall,0.8899521531100478
sep28k,deployment_fixed,opus_16k,Interjection,1,auc,0.8709303069053709
sep28k,deployment_clean_val,opus_16k,Interjection,1,auc,0.8709303069053709
sep28k,deployment_deg_val,opus_16k,Interjection,1,auc,0.8709303069053709
sep28k,matched_retraining,opus_16k,Interjection,1,auc,0.8709542838874679
sep28k,majority_vote_fixed,opus_16k,Interjection,1,auc,0.9285008784073705
sep28k,deployment_fixed,opus_16k,Interjection,1,pr_auc,0.8664506863569422
sep28k,deployment_clean_val,opus_16k,Interjection,1,pr_auc,0.8664506863569422
sep28k,deployment_deg_val,opus_16k,Interjection,1,pr_auc,0.8664506863569422
sep28k,matched_retraining,opus_16k,Interjection,1,pr_auc,0.8657617819371619
sep28k,majority_vote_fixed,opus_16k,Interjection,1,pr_auc,0.837301873982913
sep28k,deployment_fixed,opus_16k,Interjection,1,ece,0.042018777394455725
sep28k,deployment_clean_val,opus_16k,Interjection,1,ece,0.042018777394455725
sep28k,deployment_deg_val,opus_16k,Interjection,1,ece,0.042018777394455725
sep28k,matched_retraining,opus_16k,Interjection,1,ece,0.04323729069115627
sep28k,majority_vote_fixed,opus_16k,Interjection,1,ece,0.19538202366816895
sep28k,deployment_fixed,opus_16k,Interjection,1,brier,0.13883153822071553
sep28k,deployment_clean_val,opus_16k,Interjection,1,brier,0.13883153822071553
sep28k,deployment_deg_val,opus_16k,Interjection,1,brier,0.13883153822071553
sep28k,matched_retraining,opus_16k,Interjection,1,brier,0.13932003938073545
sep28k,majority_vote_fixed,opus_16k,Interjection,1,brier,0.13512467719881305
sep28k,deployment_fixed,opus_8k,Block,1,f1,0.6179104477611941
sep28k,deployment_clean_val,opus_8k,Block,1,f1,0.6677436725901993
sep28k,deployment_deg_val,opus_8k,Block,1,f1,0.669762042948346
sep28k,matched_retraining,opus_8k,Block,1,f1,0.6323943661971831
sep28k,majority_vote_fixed,opus_8k,Block,1,f1,0.38164251207729466
sep28k,deployment_fixed,opus_8k,Block,1,precision,0.6753670473083198
sep28k,deployment_clean_val,opus_8k,Block,1,precision,0.5486725663716814
sep28k,deployment_deg_val,opus_8k,Block,1,precision,0.5793172690763052
sep28k,matched_retraining,opus_8k,Block,1,precision,0.6479076479076479
sep28k,majority_vote_fixed,opus_8k,Block,1,precision,0.25774877650897227
sep28k,deployment_fixed,opus_8k,Block,1,recall,0.5694635488308115
sep28k,deployment_clean_val,opus_8k,Block,1,recall,0.8528198074277854
sep28k,deployment_deg_val,opus_8k,Block,1,recall,0.7936726272352133
sep28k,matched_retraining,opus_8k,Block,1,recall,0.6176066024759285
sep28k,majority_vote_fixed,opus_8k,Block,1,recall,0.7348837209302326
sep28k,deployment_fixed,opus_8k,Block,1,auc,0.7304241094992523
sep28k,deployment_clean_val,opus_8k,Block,1,auc,0.7304241094992523
sep28k,deployment_deg_val,opus_8k,Block,1,auc,0.7304241094992523
sep28k,matched_retraining,opus_8k,Block,1,auc,0.7340511855748884
sep28k,majority_vote_fixed,opus_8k,Block,1,auc,0.7647519099991604
sep28k,deployment_fixed,opus_8k,Block,1,pr_auc,0.687989302628475
sep28k,deployment_clean_val,opus_8k,Block,1,pr_auc,0.687989302628475
sep28k,deployment_deg_val,opus_8k,Block,1,pr_auc,0.687989302628475
sep28k,matched_retraining,opus_8k,Block,1,pr_auc,0.6861353454514343
sep28k,majority_vote_fixed,opus_8k,Block,1,pr_auc,0.34767865039210877
sep28k,deployment_fixed,opus_8k,Block,1,ece,0.02026081943936076
sep28k,deployment_clean_val,opus_8k,Block,1,ece,0.02026081943936076
sep28k,deployment_deg_val,opus_8k,Block,1,ece,0.02026081943936076
sep28k,matched_retraining,opus_8k,Block,1,ece,0.028256252106589427
sep28k,majority_vote_fixed,opus_8k,Block,1,ece,0.31532122544250235
sep28k,deployment_fixed,opus_8k,Block,1,brier,0.2085780154836469
sep28k,deployment_clean_val,opus_8k,Block,1,brier,0.2085780154836469
sep28k,deployment_deg_val,opus_8k,Block,1,brier,0.2085780154836469
sep28k,matched_retraining,opus_8k,Block,1,brier,0.20788826038865588
sep28k,majority_vote_fixed,opus_8k,Block,1,brier,0.21068471143413492
sep28k,deployment_fixed,opus_8k,Prolongation,1,f1,0.5590200445434298
sep28k,deployment_clean_val,opus_8k,Prolongation,1,f1,0.5606361829025845
sep28k,deployment_deg_val,opus_8k,Prolongation,1,f1,0.559652928416486
sep28k,matched_retraining,opus_8k,Prolongation,1,f1,0.5637727759914255
sep28k,majority_vote_fixed,opus_8k,Prolongation,1,f1,0.35815602836879434
sep28k,deployment_fixed,opus_8k,Prolongation,1,precision,0.5756880733944955
sep28k,deployment_clean_val,opus_8k,Prolongation,1,precision,0.5183823529411765
sep28k,deployment_deg_val,opus_8k,Prolongation,1,precision,0.5608695652173913
sep28k,matched_retraining,opus_8k,Prolongation,1,precision,0.5583864118895966
sep28k,majority_vote_fixed,opus_8k,Prolongation,1,precision,0.231651376146789
sep28k,deployment_fixed,opus_8k,Prolongation,1,recall,0.5432900432900433
sep28k,deployment_clean_val,opus_8k,Prolongation,1,recall,0.6103896103896104
sep28k,deployment_deg_val,opus_8k,Prolongation,1,recall,0.5584415584415584
sep28k,matched_retraining,opus_8k,Prolongation,1,recall,0.5692640692640693
sep28k,majority_vote_fixed,opus_8k,Prolongation,1,recall,0.7890625
sep28k,deployment_fixed,opus_8k,Prolongation,1,auc,0.7595386453031444
sep28k,deployment_clean_val,opus_8k,Prolongation,1,auc,0.7595386453031444
sep28k,deployment_deg_val,opus_8k,Prolongation,1,auc,0.7595386453031444
sep28k,matched_retraining,opus_8k,Prolongation,1,auc,0.7600217591430246
sep28k,majority_vote_fixed,opus_8k,Prolongation,1,auc,0.8374288807744565
sep28k,deployment_fixed,opus_8k,Prolongation,1,pr_auc,0.6041293962294686
sep28k,deployment_clean_val,opus_8k,Prolongation,1,pr_auc,0.6041293962294686
sep28k,deployment_deg_val,opus_8k,Prolongation,1,pr_auc,0.6041293962294686
sep28k,matched_retraining,opus_8k,Prolongation,1,pr_auc,0.6046260709886653
sep28k,majority_vote_fixed,opus_8k,Prolongation,1,pr_auc,0.3862961670031736
sep28k,deployment_fixed,opus_8k,Prolongation,1,ece,0.08474931358074314
sep28k,deployment_clean_val,opus_8k,Prolongation,1,ece,0.08474931358074314
sep28k,deployment_deg_val,opus_8k,Prolongation,1,ece,0.08474931358074314
sep28k,matched_retraining,opus_8k,Prolongation,1,ece,0.09952585319949486
sep28k,majority_vote_fixed,opus_8k,Prolongation,1,ece,0.2907589307051939
sep28k,deployment_fixed,opus_8k,Prolongation,1,brier,0.17412852325616035
sep28k,deployment_clean_val,opus_8k,Prolongation,1,brier,0.17412852325616035
sep28k,deployment_deg_val,opus_8k,Prolongation,1,brier,0.17412852325616035
sep28k,matched_retraining,opus_8k,Prolongation,1,brier,0.17801237811541332
sep28k,majority_vote_fixed,opus_8k,Prolongation,1,brier,0.1652955459284376
sep28k,deployment_fixed,opus_8k,SoundRep,1,f1,0.6765994741454864
sep28k,deployment_clean_val,opus_8k,SoundRep,1,f1,0.6828828828828829
sep28k,deployment_deg_val,opus_8k,SoundRep,1,f1,0.6848816029143898
sep28k,matched_retraining,opus_8k,SoundRep,1,f1,0.6975425330812854
sep28k,majority_vote_fixed,opus_8k,SoundRep,1,f1,0.4502262443438914
sep28k,deployment_fixed,opus_8k,SoundRep,1,precision,0.5920245398773006
sep28k,deployment_clean_val,opus_8k,SoundRep,1,precision,0.6103059581320451
sep28k,deployment_deg_val,opus_8k,SoundRep,1,precision,0.6174055829228243
sep28k,matched_retraining,opus_8k,SoundRep,1,precision,0.648506151142355
sep28k,majority_vote_fixed,opus_8k,SoundRep,1,precision,0.3052147239263804
sep28k,deployment_fixed,opus_8k,SoundRep,1,recall,0.7893660531697342
sep28k,deployment_clean_val,opus_8k,SoundRep,1,recall,0.7750511247443763
sep28k,deployment_deg_val,opus_8k,SoundRep,1,recall,0.7689161554192229
sep28k,matched_retraining,opus_8k,SoundRep,1,recall,0.754601226993865
sep28k,majority_vote_fixed,opus_8k,SoundRep,1,recall,0.8577586206896551
sep28k,deployment_fixed,opus_8k,SoundRep,1,auc,0.850327364024746
sep28k,deployment_clean_val,opus_8k,SoundRep,1,auc,0.850327364024746
sep28k,deployment_deg_val,opus_8k,SoundRep,1,auc,0.850327364024746
sep28k,matched_retraining,opus_8k,SoundRep,1,auc,0.8484296282388976
sep28k,majority_vote_fixed,opus_8k,SoundRep,1,auc,0.8567345987094171
sep28k,deployment_fixed,opus_8k,SoundRep,1,pr_auc,0.7352797534072824
sep28k,deployment_clean_val,opus_8k,SoundRep,1,pr_auc,0.7352797534072824
sep28k,deployment_deg_val,opus_8k,SoundRep,1,pr_auc,0.7352797534072824
sep28k,matched_retraining,opus_8k,SoundRep,1,pr_auc,0.733034464273408
sep28k,majority_vote_fixed,opus_8k,SoundRep,1,pr_auc,0.5359634982629571
sep28k,deployment_fixed,opus_8k,SoundRep,1,ece,0.15520430450665168
sep28k,deployment_clean_val,opus_8k,SoundRep,1,ece,0.15520430450665168
sep28k,deployment_deg_val,opus_8k,SoundRep,1,ece,0.15520430450665168
sep28k,matched_retraining,opus_8k,SoundRep,1,ece,0.11466741342274182
sep28k,majority_vote_fixed,opus_8k,SoundRep,1,ece,0.31582930450665175
sep28k,deployment_fixed,opus_8k,SoundRep,1,brier,0.16514375773740134
sep28k,deployment_clean_val,opus_8k,SoundRep,1,brier,0.16514375773740134
sep28k,deployment_deg_val,opus_8k,SoundRep,1,brier,0.16514375773740134
sep28k,matched_retraining,opus_8k,SoundRep,1,brier,0.15315623407682602
sep28k,majority_vote_fixed,opus_8k,SoundRep,1,brier,0.21220695626077937
sep28k,deployment_fixed,opus_8k,WordRep,1,f1,0.6530214424951267
sep28k,deployment_clean_val,opus_8k,WordRep,1,f1,0.639618138424821
sep28k,deployment_deg_val,opus_8k,WordRep,1,f1,0.6585903083700441
sep28k,matched_retraining,opus_8k,WordRep,1,f1,0.6574531095755183
sep28k,majority_vote_fixed,opus_8k,WordRep,1,f1,0.5380952380952381
sep28k,deployment_fixed,opus_8k,WordRep,1,precision,0.5785837651122625
sep28k,deployment_clean_val,opus_8k,WordRep,1,precision,0.6854219948849105
sep28k,deployment_deg_val,opus_8k,WordRep,1,precision,0.648590021691974
sep28k,matched_retraining,opus_8k,WordRep,1,precision,0.588339222614841
sep28k,majority_vote_fixed,opus_8k,WordRep,1,precision,0.3903281519861831
sep28k,deployment_fixed,opus_8k,WordRep,1,recall,0.7494407158836689
sep28k,deployment_clean_val,opus_8k,WordRep,1,recall,0.5995525727069351
sep28k,deployment_deg_val,opus_8k,WordRep,1,recall,0.668903803131991
sep28k,matched_retraining,opus_8k,WordRep,1,recall,0.7449664429530202
sep28k,majority_vote_fixed,opus_8k,WordRep,1,recall,0.8659003831417624
sep28k,deployment_fixed,opus_8k,WordRep,1,auc,0.8378124569501603
sep28k,deployment_clean_val,opus_8k,WordRep,1,auc,0.8378124569501603
sep28k,deployment_deg_val,opus_8k,WordRep,1,auc,0.8378124569501603
sep28k,matched_retraining,opus_8k,WordRep,1,auc,0.8494793273456462
sep28k,majority_vote_fixed,opus_8k,WordRep,1,auc,0.8741154690267512
sep28k,deployment_fixed,opus_8k,WordRep,1,pr_auc,0.6831697703896559
sep28k,deployment_clean_val,opus_8k,WordRep,1,pr_auc,0.6831697703896559
sep28k,deployment_deg_val,opus_8k,WordRep,1,pr_auc,0.6831697703896559
sep28k,matched_retraining,opus_8k,WordRep,1,pr_auc,0.686262956103168
sep28k,majority_vote_fixed,opus_8k,WordRep,1,pr_auc,0.5351683070553589
sep28k,deployment_fixed,opus_8k,WordRep,1,ece,0.15858323380848138
sep28k,deployment_clean_val,opus_8k,WordRep,1,ece,0.15858323380848138
sep28k,deployment_deg_val,opus_8k,WordRep,1,ece,0.15858323380848138
sep28k,matched_retraining,opus_8k,WordRep,1,ece,0.15121147819346337
sep28k,majority_vote_fixed,opus_8k,WordRep,1,ece,0.27483323380848135
sep28k,deployment_fixed,opus_8k,WordRep,1,brier,0.16429250696194406
sep28k,deployment_clean_val,opus_8k,WordRep,1,brier,0.16429250696194406
sep28k,deployment_deg_val,opus_8k,WordRep,1,brier,0.16429250696194406
sep28k,matched_retraining,opus_8k,WordRep,1,brier,0.1581917298875464
sep28k,majority_vote_fixed,opus_8k,WordRep,1,brier,0.18264821077976048
sep28k,deployment_fixed,opus_8k,Interjection,1,f1,0.7529047250193648
sep28k,deployment_clean_val,opus_8k,Interjection,1,f1,0.761544284632854
sep28k,deployment_deg_val,opus_8k,Interjection,1,f1,0.7580760947595119
sep28k,matched_retraining,opus_8k,Interjection,1,f1,0.7576219512195121
sep28k,majority_vote_fixed,opus_8k,Interjection,1,f1,0.717201166180758
sep28k,deployment_fixed,opus_8k,Interjection,1,precision,0.795417348608838
sep28k,deployment_clean_val,opus_8k,Interjection,1,precision,0.7847113884555382
sep28k,deployment_deg_val,opus_8k,Interjection,1,precision,0.7405329593267882
sep28k,matched_retraining,opus_8k,Interjection,1,precision,0.7863924050632911
sep28k,majority_vote_fixed,opus_8k,Interjection,1,precision,0.6039279869067103
sep28k,deployment_fixed,opus_8k,Interjection,1,recall,0.7147058823529412
sep28k,deployment_clean_val,opus_8k,Interjection,1,recall,0.7397058823529412
sep28k,deployment_deg_val,opus_8k,Interjection,1,recall,0.7764705882352941
sep28k,matched_retraining,opus_8k,Interjection,1,recall,0.7308823529411764
sep28k,majority_vote_fixed,opus_8k,Interjection,1,recall,0.8827751196172249
sep28k,deployment_fixed,opus_8k,Interjection,1,auc,0.8675559462915603
sep28k,deployment_clean_val,opus_8k,Interjection,1,auc,0.8675559462915603
sep28k,deployment_deg_val,opus_8k,Interjection,1,auc,0.8675559462915603
sep28k,matched_retraining,opus_8k,Interjection,1,auc,0.8666352301790281
sep28k,majority_vote_fixed,opus_8k,Interjection,1,auc,0.922378338555202
sep28k,deployment_fixed,opus_8k,Interjection,1,pr_auc,0.8631821847474297
sep28k,deployment_clean_val,opus_8k,Interjection,1,pr_auc,0.8631821847474297
sep28k,deployment_deg_val,opus_8k,Interjection,1,pr_auc,0.8631821847474297
sep28k,matched_retraining,opus_8k,Interjection,1,pr_auc,0.8606504872832025
sep28k,majority_vote_fixed,opus_8k,Interjection,1,pr_auc,0.8362262239529367
sep28k,deployment_fixed,opus_8k,Interjection,1,ece,0.04008405096730122
sep28k,deployment_clean_val,opus_8k,Interjection,1,ece,0.04008405096730122
sep28k,deployment_deg_val,opus_8k,Interjection,1,ece,0.04008405096730122
sep28k,matched_retraining,opus_8k,Interjection,1,ece,0.03814111853805611
sep28k,majority_vote_fixed,opus_8k,Interjection,1,ece,0.193555812826686
sep28k,deployment_fixed,opus_8k,Interjection,1,brier,0.14071261849224875
sep28k,deployment_clean_val,opus_8k,Interjection,1,brier,0.14071261849224875
sep28k,deployment_deg_val,opus_8k,Interjection,1,brier,0.14071261849224875
sep28k,matched_retraining,opus_8k,Interjection,1,brier,0.14208886923215716
sep28k,majority_vote_fixed,opus_8k,Interjection,1,brier,0.13698828571465582
sep28k,deployment_fixed,opus_16k_voip,Block,1,f1,0.6449326718639263
sep28k,deployment_clean_val,opus_16k_voip,Block,1,f1,0.672816060770483
sep28k,deployment_deg_val,opus_16k_voip,Block,1,f1,0.6768905341089371
sep28k,matched_retraining,opus_16k_voip,Block,1,f1,0.6409537166900421
sep28k,majority_vote_fixed,opus_16k_voip,Block,1,f1,0.371523915461624
sep28k,deployment_fixed,opus_16k_voip,Block,1,precision,0.6652046783625731
sep28k,deployment_clean_val,opus_16k_voip,Block,1,precision,0.5555555555555556
sep28k,deployment_deg_val,opus_16k_voip,Block,1,precision,0.5498281786941581
sep28k,matched_retraining,opus_16k_voip,Block,1,precision,0.65379113018598
sep28k,majority_vote_fixed,opus_16k_voip,Block,1,precision,0.24415204678362573
sep28k,deployment_fixed,opus_16k_voip,Block,1,recall,0.6258596973865199
sep28k,deployment_clean_val,opus_16k_voip,Block,1,recall,0.8528198074277854
sep28k,deployment_deg_val,opus_16k_voip,Block,1,recall,0.8803301237964236
sep28k,matched_retraining,opus_16k_voip,Block,1,recall,0.6286107290233838
sep28k,majority_vote_fixed,opus_16k_voip,Block,1,recall,0.7767441860465116
sep28k,deployment_fixed,opus_16k_voip,Block,1,auc,0.738565335425756
sep28k,deployment_clean_val,opus_16k_voip,Block,1,auc,0.738565335425756
sep28k,deployment_deg_val,opus_16k_voip,Block,1,auc,0.738565335425756
sep28k,matched_retraining,opus_16k_voip,Block,1,auc,0.7376955934649606
sep28k,majority_vote_fixed,opus_16k_voip,Block,1,auc,0.766081773150869
sep28k,deployment_fixed,opus_16k_voip,Block,1,pr_auc,0.6934768733552052
sep28k,deployment_clean_val,opus_16k_voip,Block,1,pr_auc,0.6934768733552052
sep28k,deployment_deg_val,opus_16k_voip,Block,1,pr_auc,0.6934768733552052
sep28k,matched_retraining,opus_16k_voip,Block,1,pr_auc,0.6900983428845646
sep28k,majority_vote_fixed,opus_16k_voip,Block,1,pr_auc,0.34348877586131327
sep28k,deployment_fixed,opus_16k_voip,Block,1,ece,0.02523674877295946
sep28k,deployment_clean_val,opus_16k_voip,Block,1,ece,0.02523674877295946
sep28k,deployment_deg_val,opus_16k_voip,Block,1,ece,0.02523674877295946
sep28k,matched_retraining,opus_16k_voip,Block,1,ece,0.03043766424056539
sep28k,majority_vote_fixed,opus_16k_voip,Block,1,ece,0.3329962887446373
sep28k,deployment_fixed,opus_16k_voip,Block,1,brier,0.2058837687165027
sep28k,deployment_clean_val,opus_16k_voip,Block,1,brier,0.2058837687165027
sep28k,deployment_deg_val,opus_16k_voip,Block,1,brier,0.2058837687165027
sep28k,matched_retraining,opus_16k_voip,Block,1,brier,0.20652634297068395
sep28k,majority_vote_fixed,opus_16k_voip,Block,1,brier,0.2250756297533455
sep28k,deployment_fixed,opus_16k_voip,Prolongation,1,f1,0.5412541254125413
sep28k,deployment_clean_val,opus_16k_voip,Prolongation,1,f1,0.5522531160115053
sep28k,deployment_deg_val,opus_16k_voip,Prolongation,1,f1,0.5626134301270418
sep28k,matched_retraining,opus_16k_voip,Prolongation,1,f1,0.5454545454545454
sep28k,majority_vote_fixed,opus_16k_voip,Prolongation,1,f1,0.35478260869565215
sep28k,deployment_fixed,opus_16k_voip,Prolongation,1,precision,0.5503355704697986
sep28k,deployment_clean_val,opus_16k_voip,Prolongation,1,precision,0.49569707401032703
sep28k,deployment_deg_val,opus_16k_voip,Prolongation,1,precision,0.484375
sep28k,matched_retraining,opus_16k_voip,Prolongation,1,precision,0.5454545454545454
sep28k,majority_vote_fixed,opus_16k_voip,Prolongation,1,precision,0.22818791946308725
sep28k,deployment_fixed,opus_16k_voip,Prolongation,1,recall,0.5324675324675324
sep28k,deployment_clean_val,opus_16k_voip,Prolongation,1,recall,0.6233766233766234
sep28k,deployment_deg_val,opus_16k_voip,Prolongation,1,recall,0.670995670995671
sep28k,matched_retraining,opus_16k_voip,Prolongation,1,recall,0.5454545454545454
sep28k,majority_vote_fixed,opus_16k_voip,Prolongation,1,recall,0.796875
sep28k,deployment_fixed,opus_16k_voip,Prolongation,1,auc,0.768362129961427
sep28k,deployment_clean_val,opus_16k_voip,Prolongation,1,auc,0.768362129961427
sep28k,deployment_deg_val,opus_16k_voip,Prolongation,1,auc,0.768362129961427
sep28k,matched_retraining,opus_16k_voip,Prolongation,1,auc,0.7672133080744681
sep28k,majority_vote_fixed,opus_16k_voip,Prolongation,1,auc,0.8574165675951088
sep28k,deployment_fixed,opus_16k_voip,Prolongation,1,pr_auc,0.619586054389356
sep28k,deployment_clean_val,opus_16k_voip,Prolongation,1,pr_auc,0.619586054389356
sep28k,deployment_deg_val,opus_16k_voip,Prolongation,1,pr_auc,0.619586054389356
sep28k,matched_retraining,opus_16k_voip,Prolongation,1,pr_auc,0.6183956289340846
sep28k,majority_vote_fixed,opus_16k_voip,Prolongation,1,pr_auc,0.4276862616939626
sep28k,deployment_fixed,opus_16k_voip,Prolongation,1,ece,0.09382437059369154
sep28k,deployment_clean_val,opus_16k_voip,Prolongation,1,ece,0.09382437059369154
sep28k,deployment_deg_val,opus_16k_voip,Prolongation,1,ece,0.09382437059369154
sep28k,matched_retraining,opus_16k_voip,Prolongation,1,ece,0.10034352328119983
sep28k,majority_vote_fixed,opus_16k_voip,Prolongation,1,ece,0.3007910201499958
sep28k,deployment_fixed,opus_16k_voip,Prolongation,1,brier,0.17366570809478418
sep28k,deployment_clean_val,opus_16k_voip,Prolongation,1,brier,0.17366570809478418
sep28k,deployment_deg_val,opus_16k_voip,Prolongation,1,brier,0.17366570809478418
sep28k,matched_retraining,opus_16k_voip,Prolongation,1,brier,0.17583797306914292
sep28k,majority_vote_fixed,opus_16k_voip,Prolongation,1,brier,0.17090545962799822
sep28k,deployment_fixed,opus_16k_voip,SoundRep,1,f1,0.7032136105860114
sep28k,deployment_clean_val,opus_16k_voip,SoundRep,1,f1,0.6975845410628019
sep28k,deployment_deg_val,opus_16k_voip,SoundRep,1,f1,0.6954986760812003
sep28k,matched_retraining,opus_16k_voip,SoundRep,1,f1,0.7037392138063279
sep28k,majority_vote_fixed,opus_16k_voip,SoundRep,1,f1,0.4943820224719101
sep28k,deployment_fixed,opus_16k_voip,SoundRep,1,precision,0.6537785588752196
sep28k,deployment_clean_val,opus_16k_voip,SoundRep,1,precision,0.6611721611721612
sep28k,deployment_deg_val,opus_16k_voip,SoundRep,1,precision,0.6118012422360248
sep28k,matched_retraining,opus_16k_voip,SoundRep,1,precision,0.6624548736462094
sep28k,majority_vote_fixed,opus_16k_voip,SoundRep,1,precision,0.34797891036906853
sep28k,deployment_fixed,opus_16k_voip,SoundRep,1,recall,0.7607361963190185
sep28k,deployment_clean_val,opus_16k_voip,SoundRep,1,recall,0.7382413087934561
sep28k,deployment_deg_val,opus_16k_voip,SoundRep,1,recall,0.8057259713701431
sep28k,matched_retraining,opus_16k_voip,SoundRep,1,recall,0.7505112474437627
sep28k,majority_vote_fixed,opus_16k_voip,SoundRep,1,recall,0.853448275862069
sep28k,deployment_fixed,opus_16k_voip,SoundRep,1,auc,0.8653877657704421
sep28k,deployment_clean_val,opus_16k_voip,SoundRep,1,auc,0.8653877657704421
sep28k,deployment_deg_val,opus_16k_voip,SoundRep,1,auc,0.8653877657704421
sep28k,matched_retraining,opus_16k_voip,SoundRep,1,auc,0.8639281106024712
sep28k,majority_vote_fixed,opus_16k_voip,SoundRep,1,auc,0.8709984371849163
sep28k,deployment_fixed,opus_16k_voip,SoundRep,1,pr_auc,0.7620293759468435
sep28k,deployment_clean_val,opus_16k_voip,SoundRep,1,pr_auc,0.7620293759468435
sep28k,deployment_deg_val,opus_16k_voip,SoundRep,1,pr_auc,0.7620293759468435
sep28k,matched_retraining,opus_16k_voip,SoundRep,1,pr_auc,0.7583998094767378
sep28k,majority_vote_fixed,opus_16k_voip,SoundRep,1,pr_auc,0.5588315775725317
sep28k,deployment_fixed,opus_16k_voip,SoundRep,1,ece,0.11189912470361091
sep28k,deployment_clean_val,opus_16k_voip,SoundRep,1,ece,0.11189912470361091
sep28k,deployment_deg_val,opus_16k_voip,SoundRep,1,ece,0.11189912470361091
sep28k,matched_retraining,opus_16k_voip,SoundRep,1,ece,0.1070280248280246
sep28k,majority_vote_fixed,opus_16k_voip,SoundRep,1,ece,0.27252412470361087
sep28k,deployment_fixed,opus_16k_voip,SoundRep,1,brier,0.14501493052179837
sep28k,deployment_clean_val,opus_16k_voip,SoundRep,1,brier,0.14501493052179837
sep28k,deployment_deg_val,opus_16k_voip,SoundRep,1,brier,0.14501493052179837
sep28k,matched_retraining,opus_16k_voip,SoundRep,1,brier,0.14450892300348195
sep28k,majority_vote_fixed,opus_16k_voip,SoundRep,1,brier,0.1835987923459333
sep28k,deployment_fixed,opus_16k_voip,WordRep,1,f1,0.6570327552986512
sep28k,deployment_clean_val,opus_16k_voip,WordRep,1,f1,0.6502923976608187
sep28k,deployment_deg_val,opus_16k_voip,WordRep,1,f1,0.659043659043659
sep28k,matched_retraining,opus_16k_voip,WordRep,1,f1,0.6608015640273704
sep28k,majority_vote_fixed,opus_16k_voip,WordRep,1,f1,0.5446009389671361
sep28k,deployment_fixed,opus_16k_voip,WordRep,1,precision,0.5769881556683587
sep28k,deployment_clean_val,opus_16k_voip,WordRep,1,precision,0.6813725490196079
sep28k,deployment_deg_val,opus_16k_voip,WordRep,1,precision,0.6155339805825243
sep28k,matched_retraining,opus_16k_voip,WordRep,1,precision,0.5868055555555556
sep28k,majority_vote_fixed,opus_16k_voip,WordRep,1,precision,0.3925549915397631
sep28k,deployment_fixed,opus_16k_voip,WordRep,1,recall,0.7628635346756152
sep28k,deployment_clean_val,opus_16k_voip,WordRep,1,recall,0.6219239373601789
sep28k,deployment_deg_val,opus_16k_voip,WordRep,1,recall,0.70917225950783
sep28k,matched_retraining,opus_16k_voip,WordRep,1,recall,0.756152125279642
sep28k,majority_vote_fixed,opus_16k_voip,WordRep,1,recall,0.8888888888888888
sep28k,deployment_fixed,opus_16k_voip,WordRep,1,auc,0.8445859551292125
sep28k,deployment_clean_val,opus_16k_voip,WordRep,1,auc,0.8445859551292125
sep28k,deployment_deg_val,opus_16k_voip,WordRep,1,auc,0.8445859551292125
sep28k,matched_retraining,opus_16k_voip,WordRep,1,auc,0.8485305331292164
sep28k,majority_vote_fixed,opus_16k_voip,WordRep,1,auc,0.882098781328778
sep28k,deployment_fixed,opus_16k_voip,WordRep,1,pr_auc,0.6869368334975673
sep28k,deployment_clean_val,opus_16k_voip,WordRep,1,pr_auc,0.6869368334975673
sep28k,deployment_deg_val,opus_16k_voip,WordRep,1,pr_auc,0.6869368334975673
sep28k,matched_retraining,opus_16k_voip,WordRep,1,pr_auc,0.6904700476191319
sep28k,majority_vote_fixed,opus_16k_voip,WordRep,1,pr_auc,0.5366547315673812
sep28k,deployment_fixed,opus_16k_voip,WordRep,1,ece,0.1531452457260858
sep28k,deployment_clean_val,opus_16k_voip,WordRep,1,ece,0.1531452457260858
sep28k,deployment_deg_val,opus_16k_voip,WordRep,1,ece,0.1531452457260858
sep28k,matched_retraining,opus_16k_voip,WordRep,1,ece,0.14377811347131217
sep28k,majority_vote_fixed,opus_16k_voip,WordRep,1,ece,0.26939524572608575
sep28k,deployment_fixed,opus_16k_voip,WordRep,1,brier,0.16045180283852153
sep28k,deployment_clean_val,opus_16k_voip,WordRep,1,brier,0.16045180283852153
sep28k,deployment_deg_val,opus_16k_voip,WordRep,1,brier,0.16045180283852153
sep28k,matched_retraining,opus_16k_voip,WordRep,1,brier,0.15598958271139124
sep28k,majority_vote_fixed,opus_16k_voip,WordRep,1,brier,0.17847698380555663
sep28k,deployment_fixed,opus_16k_voip,Interjection,1,f1,0.7634408602150538
sep28k,deployment_clean_val,opus_16k_voip,Interjection,1,f1,0.7628398791540786
sep28k,deployment_deg_val,opus_16k_voip,Interjection,1,f1,0.7596785975164354
sep28k,matched_retraining,opus_16k_voip,Interjection,1,f1,0.7634408602150538
sep28k,majority_vote_fixed,opus_16k_voip,Interjection,1,f1,0.7173076923076923
sep28k,deployment_fixed,opus_16k_voip,Interjection,1,precision,0.7990353697749196
sep28k,deployment_clean_val,opus_16k_voip,Interjection,1,precision,0.7841614906832298
sep28k,deployment_deg_val,opus_16k_voip,Interjection,1,precision,0.7547169811320755
sep28k,matched_retraining,opus_16k_voip,Interjection,1,precision,0.7990353697749196
sep28k,majority_vote_fixed,opus_16k_voip,Interjection,1,precision,0.5996784565916399
sep28k,deployment_fixed,opus_16k_voip,Interjection,1,recall,0.7308823529411764
sep28k,deployment_clean_val,opus_16k_voip,Interjection,1,recall,0.7426470588235294
sep28k,deployment_deg_val,opus_16k_voip,Interjection,1,recall,0.7647058823529411
sep28k,matched_retraining,opus_16k_voip,Interjection,1,recall,0.7308823529411764
sep28k,majority_vote_fixed,opus_16k_voip,Interjection,1,recall,0.8923444976076556
sep28k,deployment_fixed,opus_16k_voip,Interjection,1,auc,0.8696195652173913
sep28k,deployment_clean_val,opus_16k_voip,Interjection,1,auc,0.8696195652173913
sep28k,deployment_deg_val,opus_16k_voip,Interjection,1,auc,0.8696195652173913
sep28k,matched_retraining,opus_16k_voip,Interjection,1,auc,0.8697682225063939
sep28k,majority_vote_fixed,opus_16k_voip,Interjection,1,auc,0.9268675264534202
sep28k,deployment_fixed,opus_16k_voip,Interjection,1,pr_auc,0.865414951562192
sep28k,deployment_clean_val,opus_16k_voip,Interjection,1,pr_auc,0.865414951562192
sep28k,deployment_deg_val,opus_16k_voip,Interjection,1,pr_auc,0.865414951562192
sep28k,matched_retraining,opus_16k_voip,Interjection,1,pr_auc,0.8651336936532975
sep28k,majority_vote_fixed,opus_16k_voip,Interjection,1,pr_auc,0.8346567826021173
sep28k,deployment_fixed,opus_16k_voip,Interjection,1,ece,0.04569791730051258
sep28k,deployment_clean_val,opus_16k_voip,Interjection,1,ece,0.04569791730051258
sep28k,deployment_deg_val,opus_16k_voip,Interjection,1,ece,0.04569791730051258
sep28k,matched_retraining,opus_16k_voip,Interjection,1,ece,0.050760162036584816
sep28k,majority_vote_fixed,opus_16k_voip,Interjection,1,ece,0.19707463748828663
sep28k,deployment_fixed,opus_16k_voip,Interjection,1,brier,0.13936969607599914
sep28k,deployment_clean_val,opus_16k_voip,Interjection,1,brier,0.13936969607599914
sep28k,deployment_deg_val,opus_16k_voip,Interjection,1,brier,0.13936969607599914
sep28k,matched_retraining,opus_16k_voip,Interjection,1,brier,0.13935566987606496
sep28k,majority_vote_fixed,opus_16k_voip,Interjection,1,brier,0.1367675317167203
sep28k,deployment_fixed,vad_agg3,Block,1,f1,0.5034246575342466
sep28k,deployment_clean_val,vad_agg3,Block,1,f1,0.6123234916559692
sep28k,deployment_deg_val,vad_agg3,Block,1,f1,0.6324435318275154
sep28k,matched_retraining,vad_agg3,Block,1,f1,0.6041379310344828
sep28k,majority_vote_fixed,vad_agg3,Block,1,f1,0.32621951219512196
sep28k,deployment_fixed,vad_agg3,Block,1,precision,0.6666666666666666
sep28k,deployment_clean_val,vad_agg3,Block,1,precision,0.5740072202166066
sep28k,deployment_deg_val,vad_agg3,Block,1,precision,0.5045045045045045
sep28k,matched_retraining,vad_agg3,Block,1,precision,0.6058091286307054
sep28k,majority_vote_fixed,vad_agg3,Block,1,precision,0.24263038548752835
sep28k,deployment_fixed,vad_agg3,Block,1,recall,0.40440165061898214
sep28k,deployment_clean_val,vad_agg3,Block,1,recall,0.656121045392022
sep28k,deployment_deg_val,vad_agg3,Block,1,recall,0.8473177441540578
sep28k,matched_retraining,vad_agg3,Block,1,recall,0.6024759284731774
sep28k,majority_vote_fixed,vad_agg3,Block,1,recall,0.49767441860465117
sep28k,deployment_fixed,vad_agg3,Block,1,auc,0.6719702018841258
sep28k,deployment_clean_val,vad_agg3,Block,1,auc,0.6719702018841258
sep28k,deployment_deg_val,vad_agg3,Block,1,auc,0.6719702018841258
sep28k,matched_retraining,vad_agg3,Block,1,auc,0.6832941791889027
sep28k,majority_vote_fixed,vad_agg3,Block,1,auc,0.6906489799345144
sep28k,deployment_fixed,vad_agg3,Block,1,pr_auc,0.633849456192374
sep28k,deployment_clean_val,vad_agg3,Block,1,pr_auc,0.633849456192374
sep28k,deployment_deg_val,vad_agg3,Block,1,pr_auc,0.633849456192374
sep28k,matched_retraining,vad_agg3,Block,1,pr_auc,0.6282230611277355
sep28k,majority_vote_fixed,vad_agg3,Block,1,pr_auc,0.2981416460274998
sep28k,deployment_fixed,vad_agg3,Block,1,ece,0.08814261724860935
sep28k,deployment_clean_val,vad_agg3,Block,1,ece,0.08814261724860935
sep28k,deployment_deg_val,vad_agg3,Block,1,ece,0.08814261724860935
sep28k,matched_retraining,vad_agg3,Block,1,ece,0.04209813590490416
sep28k,majority_vote_fixed,vad_agg3,Block,1,ece,0.24108826771844039
sep28k,deployment_fixed,vad_agg3,Block,1,brier,0.23430056949833208
sep28k,deployment_clean_val,vad_agg3,Block,1,brier,0.23430056949833208
sep28k,deployment_deg_val,vad_agg3,Block,1,brier,0.23430056949833208
sep28k,matched_retraining,vad_agg3,Block,1,brier,0.22496736227247424
sep28k,majority_vote_fixed,vad_agg3,Block,1,brier,0.18354464991661565
sep28k,deployment_fixed,vad_agg3,Prolongation,1,f1,0.5368063420158551
sep28k,deployment_clean_val,vad_agg3,Prolongation,1,f1,0.5498426023084995
sep28k,deployment_deg_val,vad_agg3,Prolongation,1,f1,0.5676691729323309
sep28k,matched_retraining,vad_agg3,Prolongation,1,f1,0.5534591194968553
sep28k,majority_vote_fixed,vad_agg3,Prolongation,1,f1,0.36065573770491804
sep28k,deployment_fixed,vad_agg3,Prolongation,1,precision,0.5629453681710214
sep28k,deployment_clean_val,vad_agg3,Prolongation,1,precision,0.5336048879837068
sep28k,deployment_deg_val,vad_agg3,Prolongation,1,precision,0.5016611295681063
sep28k,matched_retraining,vad_agg3,Prolongation,1,precision,0.5365853658536586
sep28k,majority_vote_fixed,vad_agg3,Prolongation,1,precision,0.23515439429928742
sep28k,deployment_fixed,vad_agg3,Prolongation,1,recall,0.512987012987013
sep28k,deployment_clean_val,vad_agg3,Prolongation,1,recall,0.5670995670995671
sep28k,deployment_deg_val,vad_agg3,Prolongation,1,recall,0.6536796536796536
sep28k,matched_retraining,vad_agg3,Prolongation,1,recall,0.5714285714285714
sep28k,majority_vote_fixed,vad_agg3,Prolongation,1,recall,0.7734375
sep28k,deployment_fixed,vad_agg3,Prolongation,1,auc,0.7516509559567557
sep28k,deployment_clean_val,vad_agg3,Prolongation,1,auc,0.7516509559567557
sep28k,deployment_deg_val,vad_agg3,Prolongation,1,auc,0.7516509559567557
sep28k,matched_retraining,vad_agg3,Prolongation,1,auc,0.7430481059655047
sep28k,majority_vote_fixed,vad_agg3,Prolongation,1,auc,0.8285920516304348
sep28k,deployment_fixed,vad_agg3,Prolongation,1,pr_auc,0.5936058674267818
sep28k,deployment_clean_val,vad_agg3,Prolongation,1,pr_auc,0.5936058674267818
sep28k,deployment_deg_val,vad_agg3,Prolongation,1,pr_auc,0.5936058674267818
sep28k,matched_retraining,vad_agg3,Prolongation,1,pr_auc,0.5955302831303783
sep28k,majority_vote_fixed,vad_agg3,Prolongation,1,pr_auc,0.3789170570983849
sep28k,deployment_fixed,vad_agg3,Prolongation,1,ece,0.08852010741076599
sep28k,deployment_clean_val,vad_agg3,Prolongation,1,ece,0.08852010741076599
sep28k,deployment_deg_val,vad_agg3,Prolongation,1,ece,0.08852010741076599
sep28k,matched_retraining,vad_agg3,Prolongation,1,ece,0.11192455141066285
sep28k,majority_vote_fixed,vad_agg3,Prolongation,1,ece,0.2587840550205624
sep28k,deployment_fixed,vad_agg3,Prolongation,1,brier,0.1812538978153058
sep28k,deployment_clean_val,vad_agg3,Prolongation,1,brier,0.1812538978153058
sep28k,deployment_deg_val,vad_agg3,Prolongation,1,brier,0.1812538978153058
sep28k,matched_retraining,vad_agg3,Prolongation,1,brier,0.18487642741195373
sep28k,majority_vote_fixed,vad_agg3,Prolongation,1,brier,0.1697162180853028
sep28k,deployment_fixed,vad_agg3,SoundRep,1,f1,0.6616862326574173
sep28k,deployment_clean_val,vad_agg3,SoundRep,1,f1,0.6637744034707158
sep28k,deployment_deg_val,vad_agg3,SoundRep,1,f1,0.645643153526971
sep28k,matched_retraining,vad_agg3,SoundRep,1,f1,0.6508987701040682
sep28k,majority_vote_fixed,vad_agg3,SoundRep,1,f1,0.5088235294117647
sep28k,deployment_fixed,vad_agg3,SoundRep,1,precision,0.6919642857142857
sep28k,deployment_clean_val,vad_agg3,SoundRep,1,precision,0.7066974595842956
sep28k,deployment_deg_val,vad_agg3,SoundRep,1,precision,0.5432960893854749
sep28k,matched_retraining,vad_agg3,SoundRep,1,precision,0.6056338028169014
sep28k,majority_vote_fixed,vad_agg3,SoundRep,1,precision,0.3861607142857143
sep28k,deployment_fixed,vad_agg3,SoundRep,1,recall,0.6339468302658486
sep28k,deployment_clean_val,vad_agg3,SoundRep,1,recall,0.6257668711656442
sep28k,deployment_deg_val,vad_agg3,SoundRep,1,recall,0.7955010224948875
sep28k,matched_retraining,vad_agg3,SoundRep,1,recall,0.7034764826175869
sep28k,majority_vote_fixed,vad_agg3,SoundRep,1,recall,0.7456896551724138
sep28k,deployment_fixed,vad_agg3,SoundRep,1,auc,0.8359627373780323
sep28k,deployment_clean_val,vad_agg3,SoundRep,1,auc,0.8359627373780323
sep28k,deployment_deg_val,vad_agg3,SoundRep,1,auc,0.8359627373780323
sep28k,matched_retraining,vad_agg3,SoundRep,1,auc,0.8368720307613584
sep28k,majority_vote_fixed,vad_agg3,SoundRep,1,auc,0.852273013712442
sep28k,deployment_fixed,vad_agg3,SoundRep,1,pr_auc,0.7274030016510371
sep28k,deployment_clean_val,vad_agg3,SoundRep,1,pr_auc,0.7274030016510371
sep28k,deployment_deg_val,vad_agg3,SoundRep,1,pr_auc,0.7274030016510371
sep28k,matched_retraining,vad_agg3,SoundRep,1,pr_auc,0.7210333202233078
sep28k,majority_vote_fixed,vad_agg3,SoundRep,1,pr_auc,0.5451239681069624
sep28k,deployment_fixed,vad_agg3,SoundRep,1,ece,0.05203654776088304
sep28k,deployment_clean_val,vad_agg3,SoundRep,1,ece,0.05203654776088304
sep28k,deployment_deg_val,vad_agg3,SoundRep,1,ece,0.05203654776088304
sep28k,matched_retraining,vad_agg3,SoundRep,1,ece,0.11980529010107502
sep28k,majority_vote_fixed,vad_agg3,SoundRep,1,ece,0.20155807761342706
sep28k,deployment_fixed,vad_agg3,SoundRep,1,brier,0.14565386928023752
sep28k,deployment_clean_val,vad_agg3,SoundRep,1,brier,0.14565386928023752
sep28k,deployment_deg_val,vad_agg3,SoundRep,1,brier,0.14565386928023752
sep28k,matched_retraining,vad_agg3,SoundRep,1,brier,0.15876125239340383
sep28k,majority_vote_fixed,vad_agg3,SoundRep,1,brier,0.15746195585062633
sep28k,deployment_fixed,vad_agg3,WordRep,1,f1,0.6313993174061433
sep28k,deployment_clean_val,vad_agg3,WordRep,1,f1,0.6546184738955824
sep28k,deployment_deg_val,vad_agg3,WordRep,1,f1,0.6598870056497175
sep28k,matched_retraining,vad_agg3,WordRep,1,f1,0.6595330739299611
sep28k,majority_vote_fixed,vad_agg3,WordRep,1,f1,0.4847870182555781
sep28k,deployment_fixed,vad_agg3,WordRep,1,precision,0.5103448275862069
sep28k,deployment_clean_val,vad_agg3,WordRep,1,precision,0.5938069216757741
sep28k,deployment_deg_val,vad_agg3,WordRep,1,precision,0.6666666666666666
sep28k,matched_retraining,vad_agg3,WordRep,1,precision,0.5834767641996558
sep28k,majority_vote_fixed,vad_agg3,WordRep,1,precision,0.3296551724137931
sep28k,deployment_fixed,vad_agg3,WordRep,1,recall,0.8277404921700223
sep28k,deployment_clean_val,vad_agg3,WordRep,1,recall,0.7293064876957495
sep28k,deployment_deg_val,vad_agg3,WordRep,1,recall,0.6532438478747203
sep28k,matched_retraining,vad_agg3,WordRep,1,recall,0.7583892617449665
sep28k,majority_vote_fixed,vad_agg3,WordRep,1,recall,0.9157088122605364
sep28k,deployment_fixed,vad_agg3,WordRep,1,auc,0.8409770446127309
sep28k,deployment_clean_val,vad_agg3,WordRep,1,auc,0.8409770446127309
sep28k,deployment_deg_val,vad_agg3,WordRep,1,auc,0.8409770446127309
sep28k,matched_retraining,vad_agg3,WordRep,1,auc,0.8478436759664021
sep28k,majority_vote_fixed,vad_agg3,WordRep,1,auc,0.8707275687523428
sep28k,deployment_fixed,vad_agg3,WordRep,1,pr_auc,0.6968427466768812
sep28k,deployment_clean_val,vad_agg3,WordRep,1,pr_auc,0.6968427466768812
sep28k,deployment_deg_val,vad_agg3,WordRep,1,pr_auc,0.6968427466768812
sep28k,matched_retraining,vad_agg3,WordRep,1,pr_auc,0.6975280690787774
sep28k,majority_vote_fixed,vad_agg3,WordRep,1,pr_auc,0.5382984521505141
sep28k,deployment_fixed,vad_agg3,WordRep,1,ece,0.20198226962360527
sep28k,deployment_clean_val,vad_agg3,WordRep,1,ece,0.20198226962360527
sep28k,deployment_deg_val,vad_agg3,WordRep,1,ece,0.20198226962360527
sep28k,matched_retraining,vad_agg3,WordRep,1,ece,0.1396214455440588
sep28k,majority_vote_fixed,vad_agg3,WordRep,1,ece,0.3182322696236053
sep28k,deployment_fixed,vad_agg3,WordRep,1,brier,0.1896209347398763
sep28k,deployment_clean_val,vad_agg3,WordRep,1,brier,0.1896209347398763
sep28k,deployment_deg_val,vad_agg3,WordRep,1,brier,0.1896209347398763
sep28k,matched_retraining,vad_agg3,WordRep,1,brier,0.15577408315969776
sep28k,majority_vote_fixed,vad_agg3,WordRep,1,brier,0.22720031795827342
sep28k,deployment_fixed,vad_agg3,Interjection,1,f1,0.7447447447447447
sep28k,deployment_clean_val,vad_agg3,Interjection,1,f1,0.7481481481481481
sep28k,deployment_deg_val,vad_agg3,Interjection,1,f1,0.7447447447447447
sep28k,matched_retraining,vad_agg3,Interjection,1,f1,0.7599388379204893
sep28k,majority_vote_fixed,vad_agg3,Interjection,1,f1,0.6953271028037383
sep28k,deployment_fixed,vad_agg3,Interjection,1,precision,0.7607361963190185
sep28k,deployment_clean_val,vad_agg3,Interjection,1,precision,0.753731343283582
sep28k,deployment_deg_val,vad_agg3,Interjection,1,precision,0.7607361963190185
sep28k,matched_retraining,vad_agg3,Interjection,1,precision,0.7914012738853503
sep28k,majority_vote_fixed,vad_agg3,Interjection,1,precision,0.5705521472392638
sep28k,deployment_fixed,vad_agg3,Interjection,1,recall,0.7294117647058823
sep28k,deployment_clean_val,vad_agg3,Interjection,1,recall,0.7426470588235294
sep28k,deployment_deg_val,vad_agg3,Interjection,1,recall,0.7294117647058823
sep28k,matched_retraining,vad_agg3,Interjection,1,recall,0.7308823529411764
sep28k,majority_vote_fixed,vad_agg3,Interjection,1,recall,0.8899521531100478
sep28k,deployment_fixed,vad_agg3,Interjection,1,auc,0.8618222506393862
sep28k,deployment_clean_val,vad_agg3,Interjection,1,auc,0.8618222506393862
sep28k,deployment_deg_val,vad_agg3,Interjection,1,auc,0.8618222506393862
sep28k,matched_retraining,vad_agg3,Interjection,1,auc,0.8653980179028132
sep28k,majority_vote_fixed,vad_agg3,Interjection,1,auc,0.9136954638557632
sep28k,deployment_fixed,vad_agg3,Interjection,1,pr_auc,0.8575510763296708
sep28k,deployment_clean_val,vad_agg3,Interjection,1,pr_auc,0.8575510763296708
sep28k,deployment_deg_val,vad_agg3,Interjection,1,pr_auc,0.8575510763296708
sep28k,matched_retraining,vad_agg3,Interjection,1,pr_auc,0.8625742735491557
sep28k,majority_vote_fixed,vad_agg3,Interjection,1,pr_auc,0.8232049480329378
sep28k,deployment_fixed,vad_agg3,Interjection,1,ece,0.05481737923889703
sep28k,deployment_clean_val,vad_agg3,Interjection,1,ece,0.05481737923889703
sep28k,deployment_deg_val,vad_agg3,Interjection,1,ece,0.05481737923889703
sep28k,matched_retraining,vad_agg3,Interjection,1,ece,0.03431306651623608
sep28k,majority_vote_fixed,vad_agg3,Interjection,1,ece,0.19681264139966756
sep28k,deployment_fixed,vad_agg3,Interjection,1,brier,0.1460626007987601
sep28k,deployment_clean_val,vad_agg3,Interjection,1,brier,0.1460626007987601
sep28k,deployment_deg_val,vad_agg3,Interjection,1,brier,0.1460626007987601
sep28k,matched_retraining,vad_agg3,Interjection,1,brier,0.14036642348368641
sep28k,majority_vote_fixed,vad_agg3,Interjection,1,brier,0.15074964048307127
sep28k,deployment_fixed,vad_zero,Block,1,f1,0.4664371772805508
sep28k,deployment_clean_val,vad_zero,Block,1,f1,0.6003552397868561
sep28k,deployment_deg_val,vad_zero,Block,1,f1,0.6174974567650051
sep28k,matched_retraining,vad_zero,Block,1,f1,0.6113049546406141
sep28k,majority_vote_fixed,vad_zero,Block,1,f1,0.3323076923076923
sep28k,deployment_fixed,vad_zero,Block,1,precision,0.6229885057471264
sep28k,deployment_clean_val,vad_zero,Block,1,precision,0.527027027027027
sep28k,deployment_deg_val,vad_zero,Block,1,precision,0.48991121872477805
sep28k,matched_retraining,vad_zero,Block,1,precision,0.6203966005665722
sep28k,majority_vote_fixed,vad_zero,Block,1,precision,0.2482758620689655
sep28k,deployment_fixed,vad_zero,Block,1,recall,0.37276478679504815
sep28k,deployment_clean_val,vad_zero,Block,1,recall,0.6973865199449794
sep28k,deployment_deg_val,vad_zero,Block,1,recall,0.8349381017881705
sep28k,matched_retraining,vad_zero,Block,1,recall,0.6024759284731774
sep28k,majority_vote_fixed,vad_zero,Block,1,recall,0.5023255813953489
sep28k,deployment_fixed,vad_zero,Block,1,auc,0.6416678877717747
sep28k,deployment_clean_val,vad_zero,Block,1,auc,0.6416678877717747
sep28k,deployment_deg_val,vad_zero,Block,1,auc,0.6416678877717747
sep28k,matched_retraining,vad_zero,Block,1,auc,0.686470628089199
sep28k,majority_vote_fixed,vad_zero,Block,1,auc,0.6821224078582822
sep28k,deployment_fixed,vad_zero,Block,1,pr_auc,0.612593334289278
sep28k,deployment_clean_val,vad_zero,Block,1,pr_auc,0.612593334289278
sep28k,deployment_deg_val,vad_zero,Block,1,pr_auc,0.612593334289278
sep28k,matched_retraining,vad_zero,Block,1,pr_auc,0.6405167432012286
sep28k,majority_vote_fixed,vad_zero,Block,1,pr_auc,0.2735236670790421
sep28k,deployment_fixed,vad_zero,Block,1,ece,0.07018412934797541
sep28k,deployment_clean_val,vad_zero,Block,1,ece,0.07018412934797541
sep28k,deployment_deg_val,vad_zero,Block,1,ece,0.07018412934797541
sep28k,matched_retraining,vad_zero,Block,1,ece,0.0363683432760207
sep28k,majority_vote_fixed,vad_zero,Block,1,ece,0.26052225771235205
sep28k,deployment_fixed,vad_zero,Block,1,brier,0.23762155060271348
sep28k,deployment_clean_val,vad_zero,Block,1,brier,0.23762155060271348
sep28k,deployment_deg_val,vad_zero,Block,1,brier,0.23762155060271348
sep28k,matched_retraining,vad_zero,Block,1,brier,0.22273992659754152
sep28k,majority_vote_fixed,vad_zero,Block,1,brier,0.1887978915674696
sep28k,deployment_fixed,vad_zero,Prolongation,1,f1,0.5333333333333333
sep28k,deployment_clean_val,vad_zero,Prolongation,1,f1,0.5348837209302325
sep28k,deployment_deg_val,vad_zero,Prolongation,1,f1,0.532967032967033
sep28k,matched_retraining,vad_zero,Prolongation,1,f1,0.5559038662486938
sep28k,majority_vote_fixed,vad_zero,Prolongation,1,f1,0.30577223088923555
sep28k,deployment_fixed,vad_zero,Prolongation,1,precision,0.50682261208577
sep28k,deployment_clean_val,vad_zero,Prolongation,1,precision,0.4557926829268293
sep28k,deployment_deg_val,vad_zero,Prolongation,1,precision,0.46190476190476193
sep28k,matched_retraining,vad_zero,Prolongation,1,precision,0.5373737373737374
sep28k,majority_vote_fixed,vad_zero,Prolongation,1,precision,0.19103313840155944
sep28k,deployment_fixed,vad_zero,Prolongation,1,recall,0.5627705627705628
sep28k,deployment_clean_val,vad_zero,Prolongation,1,recall,0.6471861471861472
sep28k,deployment_deg_val,vad_zero,Prolongation,1,recall,0.6298701298701299
sep28k,matched_retraining,vad_zero,Prolongation,1,recall,0.5757575757575758
sep28k,majority_vote_fixed,vad_zero,Prolongation,1,recall,0.765625
sep28k,deployment_fixed,vad_zero,Prolongation,1,auc,0.7328989112820397
sep28k,deployment_clean_val,vad_zero,Prolongation,1,auc,0.7328989112820397
sep28k,deployment_deg_val,vad_zero,Prolongation,1,auc,0.7328989112820397
sep28k,matched_retraining,vad_zero,Prolongation,1,auc,0.7538078500292912
sep28k,majority_vote_fixed,vad_zero,Prolongation,1,auc,0.8055419921875
sep28k,deployment_fixed,vad_zero,Prolongation,1,pr_auc,0.5718203929195176
sep28k,deployment_clean_val,vad_zero,Prolongation,1,pr_auc,0.5718203929195176
sep28k,deployment_deg_val,vad_zero,Prolongation,1,pr_auc,0.5718203929195176
sep28k,matched_retraining,vad_zero,Prolongation,1,pr_auc,0.5896731302741984
sep28k,majority_vote_fixed,vad_zero,Prolongation,1,pr_auc,0.3573896468460877
sep28k,deployment_fixed,vad_zero,Prolongation,1,ece,0.1150333844527685
sep28k,deployment_clean_val,vad_zero,Prolongation,1,ece,0.1150333844527685
sep28k,deployment_deg_val,vad_zero,Prolongation,1,ece,0.1150333844527685
sep28k,matched_retraining,vad_zero,Prolongation,1,ece,0.10964126461722916
sep28k,majority_vote_fixed,vad_zero,Prolongation,1,ece,0.31941242291196303
sep28k,deployment_fixed,vad_zero,Prolongation,1,brier,0.18924802561711054
sep28k,deployment_clean_val,vad_zero,Prolongation,1,brier,0.18924802561711054
sep28k,deployment_deg_val,vad_zero,Prolongation,1,brier,0.18924802561711054
sep28k,matched_retraining,vad_zero,Prolongation,1,brier,0.1824658615142846
sep28k,majority_vote_fixed,vad_zero,Prolongation,1,brier,0.18821622169735888
sep28k,deployment_fixed,vad_zero,SoundRep,1,f1,0.607773851590106
sep28k,deployment_clean_val,vad_zero,SoundRep,1,f1,0.5966183574879227
sep28k,deployment_deg_val,vad_zero,SoundRep,1,f1,0.6414342629482072
sep28k,matched_retraining,vad_zero,SoundRep,1,f1,0.6704119850187266
sep28k,majority_vote_fixed,vad_zero,SoundRep,1,f1,0.5337837837837838
sep28k,deployment_fixed,vad_zero,SoundRep,1,precision,0.7166666666666667
sep28k,deployment_clean_val,vad_zero,SoundRep,1,precision,0.7286135693215339
sep28k,deployment_deg_val,vad_zero,SoundRep,1,precision,0.625242718446602
sep28k,matched_retraining,vad_zero,SoundRep,1,precision,0.6183074265975821
sep28k,majority_vote_fixed,vad_zero,SoundRep,1,precision,0.4388888888888889
sep28k,deployment_fixed,vad_zero,SoundRep,1,recall,0.5276073619631901
sep28k,deployment_clean_val,vad_zero,SoundRep,1,recall,0.5051124744376279
sep28k,deployment_deg_val,vad_zero,SoundRep,1,recall,0.6584867075664622
sep28k,matched_retraining,vad_zero,SoundRep,1,recall,0.7321063394683026
sep28k,majority_vote_fixed,vad_zero,SoundRep,1,recall,0.6810344827586207
sep28k,deployment_fixed,vad_zero,SoundRep,1,auc,0.812232757018033
sep28k,deployment_clean_val,vad_zero,SoundRep,1,auc,0.812232757018033
sep28k,deployment_deg_val,vad_zero,SoundRep,1,auc,0.812232757018033
sep28k,matched_retraining,vad_zero,SoundRep,1,auc,0.8378972866611815
sep28k,majority_vote_fixed,vad_zero,SoundRep,1,auc,0.8433277878604556
sep28k,deployment_fixed,vad_zero,SoundRep,1,pr_auc,0.7068384447948634
sep28k,deployment_clean_val,vad_zero,SoundRep,1,pr_auc,0.7068384447948634
sep28k,deployment_deg_val,vad_zero,SoundRep,1,pr_auc,0.7068384447948634
sep28k,matched_retraining,vad_zero,SoundRep,1,pr_auc,0.7230423548523274
sep28k,majority_vote_fixed,vad_zero,SoundRep,1,pr_auc,0.539676342759008
sep28k,deployment_fixed,vad_zero,SoundRep,1,ece,0.015104659172771198
sep28k,deployment_clean_val,vad_zero,SoundRep,1,ece,0.015104659172771198
sep28k,deployment_deg_val,vad_zero,SoundRep,1,ece,0.015104659172771198
sep28k,matched_retraining,vad_zero,SoundRep,1,ece,0.1249154995704666
sep28k,majority_vote_fixed,vad_zero,SoundRep,1,ece,0.16243325885859197
sep28k,deployment_fixed,vad_zero,SoundRep,1,brier,0.1495570148124723
sep28k,deployment_clean_val,vad_zero,SoundRep,1,brier,0.1495570148124723
sep28k,deployment_deg_val,vad_zero,SoundRep,1,brier,0.1495570148124723
sep28k,matched_retraining,vad_zero,SoundRep,1,brier,0.16045516431784485
sep28k,majority_vote_fixed,vad_zero,SoundRep,1,brier,0.12686275678491798
sep28k,deployment_fixed,vad_zero,WordRep,1,f1,0.6345957011258956
sep28k,deployment_clean_val,vad_zero,WordRep,1,f1,0.6115906288532675
sep28k,deployment_deg_val,vad_zero,WordRep,1,f1,0.6384439359267735
sep28k,matched_retraining,vad_zero,WordRep,1,f1,0.6595121951219513
sep28k,majority_vote_fixed,vad_zero,WordRep,1,f1,0.5284450063211125
sep28k,deployment_fixed,vad_zero,WordRep,1,precision,0.5849056603773585
sep28k,deployment_clean_val,vad_zero,WordRep,1,precision,0.6813186813186813
sep28k,deployment_deg_val,vad_zero,WordRep,1,precision,0.6533957845433255
sep28k,matched_retraining,vad_zero,WordRep,1,precision,0.5847750865051903
sep28k,majority_vote_fixed,vad_zero,WordRep,1,precision,0.39433962264150946
sep28k,deployment_fixed,vad_zero,WordRep,1,recall,0.6935123042505593
sep28k,deployment_clean_val,vad_zero,WordRep,1,recall,0.5548098434004475
sep28k,deployment_deg_val,vad_zero,WordRep,1,recall,0.6241610738255033
sep28k,matched_retraining,vad_zero,WordRep,1,recall,0.756152125279642
sep28k,majority_vote_fixed,vad_zero,WordRep,1,recall,0.8007662835249042
sep28k,deployment_fixed,vad_zero,WordRep,1,auc,0.81805658228413
sep28k,deployment_clean_val,vad_zero,WordRep,1,auc,0.81805658228413
sep28k,deployment_deg_val,vad_zero,WordRep,1,auc,0.81805658228413
sep28k,matched_retraining,vad_zero,WordRep,1,auc,0.844838190810472
sep28k,majority_vote_fixed,vad_zero,WordRep,1,auc,0.8453984359575253
sep28k,deployment_fixed,vad_zero,WordRep,1,pr_auc,0.6670023622070289
sep28k,deployment_clean_val,vad_zero,WordRep,1,pr_auc,0.6670023622070289
sep28k,deployment_deg_val,vad_zero,WordRep,1,pr_auc,0.6670023622070289
sep28k,matched_retraining,vad_zero,WordRep,1,pr_auc,0.6924313244512232
sep28k,majority_vote_fixed,vad_zero,WordRep,1,pr_auc,0.5163178523510288
sep28k,deployment_fixed,vad_zero,WordRep,1,ece,0.12482490810237959
sep28k,deployment_clean_val,vad_zero,WordRep,1,ece,0.12482490810237959
sep28k,deployment_deg_val,vad_zero,WordRep,1,ece,0.12482490810237959
sep28k,matched_retraining,vad_zero,WordRep,1,ece,0.15498319358967183
sep28k,majority_vote_fixed,vad_zero,WordRep,1,ece,0.2349801199935749
sep28k,deployment_fixed,vad_zero,WordRep,1,brier,0.16014484436063264
sep28k,deployment_clean_val,vad_zero,WordRep,1,brier,0.16014484436063264
sep28k,deployment_deg_val,vad_zero,WordRep,1,brier,0.16014484436063264
sep28k,matched_retraining,vad_zero,WordRep,1,brier,0.16027491610142686
sep28k,majority_vote_fixed,vad_zero,WordRep,1,brier,0.16978898295242853
sep28k,deployment_fixed,vad_zero,Interjection,1,f1,0.7244224422442245
sep28k,deployment_clean_val,vad_zero,Interjection,1,f1,0.7281553398058253
sep28k,deployment_deg_val,vad_zero,Interjection,1,f1,0.7254901960784313
sep28k,matched_retraining,vad_zero,Interjection,1,f1,0.7438650306748467
sep28k,majority_vote_fixed,vad_zero,Interjection,1,f1,0.7263157894736842
sep28k,deployment_fixed,vad_zero,Interjection,1,precision,0.825187969924812
sep28k,deployment_clean_val,vad_zero,Interjection,1,precision,0.8093525179856115
sep28k,deployment_deg_val,vad_zero,Interjection,1,precision,0.8161764705882353
sep28k,matched_retraining,vad_zero,Interjection,1,precision,0.7772435897435898
sep28k,majority_vote_fixed,vad_zero,Interjection,1,precision,0.6484962406015038
sep28k,deployment_fixed,vad_zero,Interjection,1,recall,0.6455882352941177
sep28k,deployment_clean_val,vad_zero,Interjection,1,recall,0.6617647058823529
sep28k,deployment_deg_val,vad_zero,Interjection,1,recall,0.6529411764705882
sep28k,matched_retraining,vad_zero,Interjection,1,recall,0.7132352941176471
sep28k,majority_vote_fixed,vad_zero,Interjection,1,recall,0.8253588516746412
sep28k,deployment_fixed,vad_zero,Interjection,1,auc,0.8420268542199487
sep28k,deployment_clean_val,vad_zero,Interjection,1,auc,0.8420268542199487
sep28k,deployment_deg_val,vad_zero,Interjection,1,auc,0.8420268542199487
sep28k,matched_retraining,vad_zero,Interjection,1,auc,0.8551614450127878
sep28k,majority_vote_fixed,vad_zero,Interjection,1,auc,0.9029036018750153
sep28k,deployment_fixed,vad_zero,Interjection,1,pr_auc,0.8413798081266487
sep28k,deployment_clean_val,vad_zero,Interjection,1,pr_auc,0.8413798081266487
sep28k,deployment_deg_val,vad_zero,Interjection,1,pr_auc,0.8413798081266487
sep28k,matched_retraining,vad_zero,Interjection,1,pr_auc,0.8471630186495742
sep28k,majority_vote_fixed,vad_zero,Interjection,1,pr_auc,0.8137671271795727
sep28k,deployment_fixed,vad_zero,Interjection,1,ece,0.035800956645080984
sep28k,deployment_clean_val,vad_zero,Interjection,1,ece,0.035800956645080984
sep28k,deployment_deg_val,vad_zero,Interjection,1,ece,0.035800956645080984
sep28k,matched_retraining,vad_zero,Interjection,1,ece,0.04141285390997239
sep28k,majority_vote_fixed,vad_zero,Interjection,1,ece,0.15577553818795598
sep28k,deployment_fixed,vad_zero,Interjection,1,brier,0.1509258228940241
sep28k,deployment_clean_val,vad_zero,Interjection,1,brier,0.1509258228940241
sep28k,deployment_deg_val,vad_zero,Interjection,1,brier,0.1509258228940241
sep28k,matched_retraining,vad_zero,Interjection,1,brier,0.1484465125605631
sep28k,majority_vote_fixed,vad_zero,Interjection,1,brier,0.1276758458998941
sep28k,deployment_fixed,denoise,Block,1,f1,0.5106007067137809
sep28k,deployment_clean_val,denoise,Block,1,f1,0.6466916354556804
sep28k,deployment_deg_val,denoise,Block,1,f1,0.6542393265183404
sep28k,matched_retraining,denoise,Block,1,f1,0.633356790992259
sep28k,majority_vote_fixed,denoise,Block,1,f1,0.36774193548387096
sep28k,deployment_fixed,denoise,Block,1,precision,0.7135802469135802
sep28k,deployment_clean_val,denoise,Block,1,precision,0.592
sep28k,deployment_deg_val,denoise,Block,1,precision,0.5811965811965812
sep28k,matched_retraining,denoise,Block,1,precision,0.6484149855907781
sep28k,majority_vote_fixed,denoise,Block,1,precision,0.2814814814814815
sep28k,deployment_fixed,denoise,Block,1,recall,0.39752407152682256
sep28k,deployment_clean_val,denoise,Block,1,recall,0.7125171939477304
sep28k,deployment_deg_val,denoise,Block,1,recall,0.7482806052269602
sep28k,matched_retraining,denoise,Block,1,recall,0.6189821182943603
sep28k,majority_vote_fixed,denoise,Block,1,recall,0.5302325581395348
sep28k,deployment_fixed,denoise,Block,1,auc,0.7073097715194172
sep28k,deployment_clean_val,denoise,Block,1,auc,0.7073097715194172
sep28k,deployment_deg_val,denoise,Block,1,auc,0.7073097715194172
sep28k,matched_retraining,denoise,Block,1,auc,0.732105295499558
sep28k,majority_vote_fixed,denoise,Block,1,auc,0.7410628830492823
sep28k,deployment_fixed,denoise,Block,1,pr_auc,0.6641009483165506
sep28k,deployment_clean_val,denoise,Block,1,pr_auc,0.6641009483165506
sep28k,deployment_deg_val,denoise,Block,1,pr_auc,0.6641009483165506
sep28k,matched_retraining,denoise,Block,1,pr_auc,0.6758697386482229
sep28k,majority_vote_fixed,denoise,Block,1,pr_auc,0.31900601346189017
sep28k,deployment_fixed,denoise,Block,1,ece,0.0796913528030965
sep28k,deployment_clean_val,denoise,Block,1,ece,0.0796913528030965
sep28k,deployment_deg_val,denoise,Block,1,ece,0.0796913528030965
sep28k,matched_retraining,denoise,Block,1,ece,0.025470101461951562
sep28k,majority_vote_fixed,denoise,Block,1,ece,0.2411844934057331
sep28k,deployment_fixed,denoise,Block,1,brier,0.2217632033667604
sep28k,deployment_clean_val,denoise,Block,1,brier,0.2217632033667604
sep28k,deployment_deg_val,denoise,Block,1,brier,0.2217632033667604
sep28k,matched_retraining,denoise,Block,1,brier,0.20863565974233686
sep28k,majority_vote_fixed,denoise,Block,1,brier,0.1706531589976671
sep28k,deployment_fixed,denoise,Prolongation,1,f1,0.5416666666666666
sep28k,deployment_clean_val,denoise,Prolongation,1,f1,0.5419766206163655
sep28k,deployment_deg_val,denoise,Prolongation,1,f1,0.552026286966046
sep28k,matched_retraining,denoise,Prolongation,1,f1,0.5454545454545454
sep28k,majority_vote_fixed,denoise,Prolongation,1,f1,0.38589211618257263
sep28k,deployment_fixed,denoise,Prolongation,1,precision,0.6242937853107344
sep28k,deployment_clean_val,denoise,Prolongation,1,precision,0.5323590814196242
sep28k,deployment_deg_val,denoise,Prolongation,1,precision,0.5587583148558758
sep28k,matched_retraining,denoise,Prolongation,1,precision,0.5330578512396694
sep28k,majority_vote_fixed,denoise,Prolongation,1,precision,0.2627118644067797
sep28k,deployment_fixed,denoise,Prolongation,1,recall,0.47835497835497837
sep28k,deployment_clean_val,denoise,Prolongation,1,recall,0.551948051948052
sep28k,deployment_deg_val,denoise,Prolongation,1,recall,0.5454545454545454
sep28k,matched_retraining,denoise,Prolongation,1,recall,0.5584415584415584
sep28k,majority_vote_fixed,denoise,Prolongation,1,recall,0.7265625
sep28k,deployment_fixed,denoise,Prolongation,1,auc,0.7581368543582955
sep28k,deployment_clean_val,denoise,Prolongation,1,auc,0.7581368543582955
sep28k,deployment_deg_val,denoise,Prolongation,1,auc,0.7581368543582955
sep28k,matched_retraining,denoise,Prolongation,1,auc,0.7566247460799306
sep28k,majority_vote_fixed,denoise,Prolongation,1,auc,0.8400985054347826
sep28k,deployment_fixed,denoise,Prolongation,1,pr_auc,0.6014912418048913
sep28k,deployment_clean_val,denoise,Prolongation,1,pr_auc,0.6014912418048913
sep28k,deployment_deg_val,denoise,Prolongation,1,pr_auc,0.6014912418048913
sep28k,matched_retraining,denoise,Prolongation,1,pr_auc,0.590644443555279
sep28k,majority_vote_fixed,denoise,Prolongation,1,pr_auc,0.3848062491541772
sep28k,deployment_fixed,denoise,Prolongation,1,ece,0.04808927608413731
sep28k,deployment_clean_val,denoise,Prolongation,1,ece,0.04808927608413731
sep28k,deployment_deg_val,denoise,Prolongation,1,ece,0.04808927608413731
sep28k,matched_retraining,denoise,Prolongation,1,ece,0.10058899813637416
sep28k,majority_vote_fixed,denoise,Prolongation,1,ece,0.2529508655807104
sep28k,deployment_fixed,denoise,Prolongation,1,brier,0.16890068462472127
sep28k,deployment_clean_val,denoise,Prolongation,1,brier,0.16890068462472127
sep28k,deployment_deg_val,denoise,Prolongation,1,brier,0.16890068462472127
sep28k,matched_retraining,denoise,Prolongation,1,brier,0.18066119202879372
sep28k,majority_vote_fixed,denoise,Prolongation,1,brier,0.14129429637213795
sep28k,deployment_fixed,denoise,SoundRep,1,f1,0.6561181434599156
sep28k,deployment_clean_val,denoise,SoundRep,1,f1,0.6544671689989235
sep28k,deployment_deg_val,denoise,SoundRep,1,f1,0.6700083542188805
sep28k,matched_retraining,denoise,SoundRep,1,f1,0.6884328358208955
sep28k,majority_vote_fixed,denoise,SoundRep,1,f1,0.5094066570188133
sep28k,deployment_fixed,denoise,SoundRep,1,precision,0.6775599128540305
sep28k,deployment_clean_val,denoise,SoundRep,1,precision,0.6909090909090909
sep28k,deployment_deg_val,denoise,SoundRep,1,precision,0.5663841807909604
sep28k,matched_retraining,denoise,SoundRep,1,precision,0.6329331046312179
sep28k,majority_vote_fixed,denoise,SoundRep,1,precision,0.38344226579520696
sep28k,deployment_fixed,denoise,SoundRep,1,recall,0.6359918200408998
sep28k,deployment_clean_val,denoise,SoundRep,1,recall,0.621676891615542
sep28k,deployment_deg_val,denoise,SoundRep,1,recall,0.820040899795501
sep28k,matched_retraining,denoise,SoundRep,1,recall,0.754601226993865
sep28k,majority_vote_fixed,denoise,SoundRep,1,recall,0.7586206896551724
sep28k,deployment_fixed,denoise,SoundRep,1,auc,0.8420167170091243
sep28k,deployment_clean_val,denoise,SoundRep,1,auc,0.8420167170091243
sep28k,deployment_deg_val,denoise,SoundRep,1,auc,0.8420167170091243
sep28k,matched_retraining,denoise,SoundRep,1,auc,0.8518606461873182
sep28k,majority_vote_fixed,denoise,SoundRep,1,auc,0.8613505747126438
sep28k,deployment_fixed,denoise,SoundRep,1,pr_auc,0.7335612985678052
sep28k,deployment_clean_val,denoise,SoundRep,1,pr_auc,0.7335612985678052
sep28k,deployment_deg_val,denoise,SoundRep,1,pr_auc,0.7335612985678052
sep28k,matched_retraining,denoise,SoundRep,1,pr_auc,0.7402269303815965
sep28k,majority_vote_fixed,denoise,SoundRep,1,pr_auc,0.5667182393661093
sep28k,deployment_fixed,denoise,SoundRep,1,ece,0.07060335758176765
sep28k,deployment_clean_val,denoise,SoundRep,1,ece,0.07060335758176765
sep28k,deployment_deg_val,denoise,SoundRep,1,ece,0.07060335758176765
sep28k,matched_retraining,denoise,SoundRep,1,ece,0.11382914845974997
sep28k,majority_vote_fixed,denoise,SoundRep,1,ece,0.23122835758176766
sep28k,deployment_fixed,denoise,SoundRep,1,brier,0.14567068796370417
sep28k,deployment_clean_val,denoise,SoundRep,1,brier,0.14567068796370417
sep28k,deployment_deg_val,denoise,SoundRep,1,brier,0.14567068796370417
sep28k,matched_retraining,denoise,SoundRep,1,brier,0.15161483419038674
sep28k,majority_vote_fixed,denoise,SoundRep,1,brier,0.15357595761140086
sep28k,deployment_fixed,denoise,WordRep,1,f1,0.647410358565737
sep28k,deployment_clean_val,denoise,WordRep,1,f1,0.6262376237623762
sep28k,deployment_deg_val,denoise,WordRep,1,f1,0.6262376237623762
sep28k,matched_retraining,denoise,WordRep,1,f1,0.6575342465753424
sep28k,majority_vote_fixed,denoise,WordRep,1,f1,0.5378973105134475
sep28k,deployment_fixed,denoise,WordRep,1,precision,0.5834829443447038
sep28k,deployment_clean_val,denoise,WordRep,1,precision,0.7008310249307479
sep28k,deployment_deg_val,denoise,WordRep,1,precision,0.7008310249307479
sep28k,matched_retraining,denoise,WordRep,1,precision,0.5843478260869566
sep28k,majority_vote_fixed,denoise,WordRep,1,precision,0.39497307001795334
sep28k,deployment_fixed,denoise,WordRep,1,recall,0.727069351230425
sep28k,deployment_clean_val,denoise,WordRep,1,recall,0.5659955257270693
sep28k,deployment_deg_val,denoise,WordRep,1,recall,0.5659955257270693
sep28k,matched_retraining,denoise,WordRep,1,recall,0.7516778523489933
sep28k,majority_vote_fixed,denoise,WordRep,1,recall,0.842911877394636
sep28k,deployment_fixed,denoise,WordRep,1,auc,0.8300882242802067
sep28k,deployment_clean_val,denoise,WordRep,1,auc,0.8300882242802067
sep28k,deployment_deg_val,denoise,WordRep,1,auc,0.8300882242802067
sep28k,matched_retraining,denoise,WordRep,1,auc,0.8440582004730389
sep28k,majority_vote_fixed,denoise,WordRep,1,auc,0.8679777611816448
sep28k,deployment_fixed,denoise,WordRep,1,pr_auc,0.6836504735526852
sep28k,deployment_clean_val,denoise,WordRep,1,pr_auc,0.6836504735526852
sep28k,deployment_deg_val,denoise,WordRep,1,pr_auc,0.6836504735526852
sep28k,matched_retraining,denoise,WordRep,1,pr_auc,0.6778741222605267
sep28k,majority_vote_fixed,denoise,WordRep,1,pr_auc,0.5390086302343684
sep28k,deployment_fixed,denoise,WordRep,1,ece,0.1490890916451031
sep28k,deployment_clean_val,denoise,WordRep,1,ece,0.1490890916451031
sep28k,deployment_deg_val,denoise,WordRep,1,ece,0.1490890916451031
sep28k,matched_retraining,denoise,WordRep,1,ece,0.147407516252297
sep28k,majority_vote_fixed,denoise,WordRep,1,ece,0.26533909164510305
sep28k,deployment_fixed,denoise,WordRep,1,brier,0.16237436460490356
sep28k,deployment_clean_val,denoise,WordRep,1,brier,0.16237436460490356
sep28k,deployment_deg_val,denoise,WordRep,1,brier,0.16237436460490356
sep28k,matched_retraining,denoise,WordRep,1,brier,0.15886634643986444
sep28k,majority_vote_fixed,denoise,WordRep,1,brier,0.17532457938374713
sep28k,deployment_fixed,denoise,Interjection,1,f1,0.7544141252006421
sep28k,deployment_clean_val,denoise,Interjection,1,f1,0.7561168113654302
sep28k,deployment_deg_val,denoise,Interjection,1,f1,0.757396449704142
sep28k,matched_retraining,denoise,Interjection,1,f1,0.7560240963855421
sep28k,majority_vote_fixed,denoise,Interjection,1,f1,0.741869918699187
sep28k,deployment_fixed,denoise,Interjection,1,precision,0.8303886925795053
sep28k,deployment_clean_val,denoise,Interjection,1,precision,0.8160136286201022
sep28k,deployment_deg_val,denoise,Interjection,1,precision,0.7619047619047619
sep28k,matched_retraining,denoise,Interjection,1,precision,0.7746913580246914
sep28k,majority_vote_fixed,denoise,Interjection,1,precision,0.6448763250883393
sep28k,deployment_fixed,denoise,Interjection,1,recall,0.6911764705882353
sep28k,deployment_clean_val,denoise,Interjection,1,recall,0.7044117647058824
sep28k,deployment_deg_val,denoise,Interjection,1,recall,0.7529411764705882
sep28k,matched_retraining,denoise,Interjection,1,recall,0.7382352941176471
sep28k,majority_vote_fixed,denoise,Interjection,1,recall,0.8732057416267942
sep28k,deployment_fixed,denoise,Interjection,1,auc,0.8610134271099744
sep28k,deployment_clean_val,denoise,Interjection,1,auc,0.8610134271099744
sep28k,deployment_deg_val,denoise,Interjection,1,auc,0.8610134271099744
sep28k,matched_retraining,denoise,Interjection,1,auc,0.8704667519181586
sep28k,majority_vote_fixed,denoise,Interjection,1,auc,0.9230199402521071
sep28k,deployment_fixed,denoise,Interjection,1,pr_auc,0.8594765540720273
sep28k,deployment_clean_val,denoise,Interjection,1,pr_auc,0.8594765540720273
sep28k,deployment_deg_val,denoise,Interjection,1,pr_auc,0.8594765540720273
sep28k,matched_retraining,denoise,Interjection,1,pr_auc,0.8620037069829092
sep28k,majority_vote_fixed,denoise,Interjection,1,pr_auc,0.8353819134978913
sep28k,deployment_fixed,denoise,Interjection,1,ece,0.036767883565997375
sep28k,deployment_clean_val,denoise,Interjection,1,ece,0.036767883565997375
sep28k,deployment_deg_val,denoise,Interjection,1,ece,0.036767883565997375
sep28k,matched_retraining,denoise,Interjection,1,ece,0.04829132067402675
sep28k,majority_vote_fixed,denoise,Interjection,1,ece,0.16991962738248453
sep28k,deployment_fixed,denoise,Interjection,1,brier,0.14198011853541975
sep28k,deployment_clean_val,denoise,Interjection,1,brier,0.14198011853541975
sep28k,deployment_deg_val,denoise,Interjection,1,brier,0.14198011853541975
sep28k,matched_retraining,denoise,Interjection,1,brier,0.1407813303886265
sep28k,majority_vote_fixed,denoise,Interjection,1,brier,0.12492551253594444
sep28k,deployment_fixed,full_chain_novad,Block,1,f1,0.5039787798408488
sep28k,deployment_clean_val,full_chain_novad,Block,1,f1,0.6488833746898263
sep28k,deployment_deg_val,full_chain_novad,Block,1,f1,0.6507747318235996
sep28k,matched_retraining,full_chain_novad,Block,1,f1,0.6252646436132675
sep28k,majority_vote_fixed,full_chain_novad,Block,1,f1,0.3683360258481422
sep28k,deployment_fixed,full_chain_novad,Block,1,precision,0.7054455445544554
sep28k,deployment_clean_val,full_chain_novad,Block,1,precision,0.5909604519774011
sep28k,deployment_deg_val,full_chain_novad,Block,1,precision,0.5741324921135647
sep28k,matched_retraining,full_chain_novad,Block,1,precision,0.6420289855072464
sep28k,majority_vote_fixed,full_chain_novad,Block,1,precision,0.28217821782178215
sep28k,deployment_fixed,full_chain_novad,Block,1,recall,0.3920220082530949
sep28k,deployment_clean_val,full_chain_novad,Block,1,recall,0.71939477303989
sep28k,deployment_deg_val,full_chain_novad,Block,1,recall,0.7510316368638239
sep28k,matched_retraining,full_chain_novad,Block,1,recall,0.609353507565337
sep28k,majority_vote_fixed,full_chain_novad,Block,1,recall,0.5302325581395348
sep28k,deployment_fixed,full_chain_novad,Block,1,auc,0.7106800216174995
sep28k,deployment_clean_val,full_chain_novad,Block,1,auc,0.7106800216174995
sep28k,deployment_deg_val,full_chain_novad,Block,1,auc,0.7106800216174995
sep28k,matched_retraining,full_chain_novad,Block,1,auc,0.7208207086821361
sep28k,majority_vote_fixed,full_chain_novad,Block,1,auc,0.7427990932751238
sep28k,deployment_fixed,full_chain_novad,Block,1,pr_auc,0.6690550639178487
sep28k,deployment_clean_val,full_chain_novad,Block,1,pr_auc,0.6690550639178487
sep28k,deployment_deg_val,full_chain_novad,Block,1,pr_auc,0.6690550639178487
sep28k,matched_retraining,full_chain_novad,Block,1,pr_auc,0.6733241149552587
sep28k,majority_vote_fixed,full_chain_novad,Block,1,pr_auc,0.3230006672030725
sep28k,deployment_fixed,full_chain_novad,Block,1,ece,0.07706304621784586
sep28k,deployment_clean_val,full_chain_novad,Block,1,ece,0.07706304621784586
sep28k,deployment_deg_val,full_chain_novad,Block,1,ece,0.07706304621784586
sep28k,matched_retraining,full_chain_novad,Block,1,ece,0.0270524259967509
sep28k,majority_vote_fixed,full_chain_novad,Block,1,ece,0.24377215775053102
sep28k,deployment_fixed,full_chain_novad,Block,1,brier,0.220394905514665
sep28k,deployment_clean_val,full_chain_novad,Block,1,brier,0.220394905514665
sep28k,deployment_deg_val,full_chain_novad,Block,1,brier,0.220394905514665
sep28k,matched_retraining,full_chain_novad,Block,1,brier,0.2120478847625786
sep28k,majority_vote_fixed,full_chain_novad,Block,1,brier,0.17109935395824913
sep28k,deployment_fixed,full_chain_novad,Prolongation,1,f1,0.530562347188264
sep28k,deployment_clean_val,full_chain_novad,Prolongation,1,f1,0.5339074273412271
sep28k,deployment_deg_val,full_chain_novad,Prolongation,1,f1,0.5528134254689042
sep28k,matched_retraining,full_chain_novad,Prolongation,1,f1,0.5488958990536278
sep28k,majority_vote_fixed,full_chain_novad,Prolongation,1,f1,0.39669421487603307
sep28k,deployment_fixed,full_chain_novad,Prolongation,1,precision,0.6095505617977528
sep28k,deployment_clean_val,full_chain_novad,Prolongation,1,precision,0.5310492505353319
sep28k,deployment_deg_val,full_chain_novad,Prolongation,1,precision,0.5081669691470054
sep28k,matched_retraining,full_chain_novad,Prolongation,1,precision,0.5337423312883436
sep28k,majority_vote_fixed,full_chain_novad,Prolongation,1,precision,0.2696629213483146
sep28k,deployment_fixed,full_chain_novad,Prolongation,1,recall,0.4696969696969697
sep28k,deployment_clean_val,full_chain_novad,Prolongation,1,recall,0.5367965367965368
sep28k,deployment_deg_val,full_chain_novad,Prolongation,1,recall,0.6060606060606061
sep28k,matched_retraining,full_chain_novad,Prolongation,1,recall,0.564935064935065
sep28k,majority_vote_fixed,full_chain_novad,Prolongation,1,recall,0.75
sep28k,deployment_fixed,full_chain_novad,Prolongation,1,auc,0.7544811661683366
sep28k,deployment_clean_val,full_chain_novad,Prolongation,1,auc,0.7544811661683366
sep28k,deployment_deg_val,full_chain_novad,Prolongation,1,auc,0.7544811661683366
sep28k,matched_retraining,full_chain_novad,Prolongation,1,auc,0.7513656525080076
sep28k,majority_vote_fixed,full_chain_novad,Prolongation,1,auc,0.8408096976902173
sep28k,deployment_fixed,full_chain_novad,Prolongation,1,pr_auc,0.5989854014054105
sep28k,deployment_clean_val,full_chain_novad,Prolongation,1,pr_auc,0.5989854014054105
sep28k,deployment_deg_val,full_chain_novad,Prolongation,1,pr_auc,0.5989854014054105
sep28k,matched_retraining,full_chain_novad,Prolongation,1,pr_auc,0.5923233700899906
sep28k,majority_vote_fixed,full_chain_novad,Prolongation,1,pr_auc,0.3968210219113612
sep28k,deployment_fixed,full_chain_novad,Prolongation,1,ece,0.050533865278433183
sep28k,deployment_clean_val,full_chain_novad,Prolongation,1,ece,0.050533865278433183
sep28k,deployment_deg_val,full_chain_novad,Prolongation,1,ece,0.050533865278433183
sep28k,matched_retraining,full_chain_novad,Prolongation,1,ece,0.10850699688345831
sep28k,majority_vote_fixed,full_chain_novad,Prolongation,1,ece,0.2519077368138592
sep28k,deployment_fixed,full_chain_novad,Prolongation,1,brier,0.16935150206828425
sep28k,deployment_clean_val,full_chain_novad,Prolongation,1,brier,0.16935150206828425
sep28k,deployment_deg_val,full_chain_novad,Prolongation,1,brier,0.16935150206828425
sep28k,matched_retraining,full_chain_novad,Prolongation,1,brier,0.18225745084397013
sep28k,majority_vote_fixed,full_chain_novad,Prolongation,1,brier,0.1396760082438605
sep28k,deployment_fixed,full_chain_novad,SoundRep,1,f1,0.6638830897703549
sep28k,deployment_clean_val,full_chain_novad,SoundRep,1,f1,0.6594827586206896
sep28k,deployment_deg_val,full_chain_novad,SoundRep,1,f1,0.6756513926325247
sep28k,matched_retraining,full_chain_novad,SoundRep,1,f1,0.6921641791044776
sep28k,majority_vote_fixed,full_chain_novad,SoundRep,1,f1,0.5078459343794579
sep28k,deployment_fixed,full_chain_novad,SoundRep,1,precision,0.6780383795309168
sep28k,deployment_clean_val,full_chain_novad,SoundRep,1,precision,0.6970387243735763
sep28k,deployment_deg_val,full_chain_novad,SoundRep,1,precision,0.6025641025641025
sep28k,matched_retraining,full_chain_novad,SoundRep,1,precision,0.6363636363636364
sep28k,majority_vote_fixed,full_chain_novad,SoundRep,1,precision,0.3795309168443497
sep28k,deployment_fixed,full_chain_novad,SoundRep,1,recall,0.6503067484662577
sep28k,deployment_clean_val,full_chain_novad,SoundRep,1,recall,0.6257668711656442
sep28k,deployment_deg_val,full_chain_novad,SoundRep,1,recall,0.7689161554192229
sep28k,matched_retraining,full_chain_novad,SoundRep,1,recall,0.7586912065439673
sep28k,majority_vote_fixed,full_chain_novad,SoundRep,1,recall,0.7672413793103449
sep28k,deployment_fixed,full_chain_novad,SoundRep,1,auc,0.8421547676240017
sep28k,deployment_clean_val,full_chain_novad,SoundRep,1,auc,0.8421547676240017
sep28k,deployment_deg_val,full_chain_novad,SoundRep,1,auc,0.8421547676240017
sep28k,matched_retraining,full_chain_novad,SoundRep,1,auc,0.8518532834878579
sep28k,majority_vote_fixed,full_chain_novad,SoundRep,1,auc,0.8583919388989716
sep28k,deployment_fixed,full_chain_novad,SoundRep,1,pr_auc,0.7338065189829548
sep28k,deployment_clean_val,full_chain_novad,SoundRep,1,pr_auc,0.7338065189829548
sep28k,deployment_deg_val,full_chain_novad,SoundRep,1,pr_auc,0.7338065189829548
sep28k,matched_retraining,full_chain_novad,SoundRep,1,pr_auc,0.7405509353331204
sep28k,majority_vote_fixed,full_chain_novad,SoundRep,1,pr_auc,0.5615558763146132
sep28k,deployment_fixed,full_chain_novad,SoundRep,1,ece,0.0721080525468579
sep28k,deployment_clean_val,full_chain_novad,SoundRep,1,ece,0.0721080525468579
sep28k,deployment_deg_val,full_chain_novad,SoundRep,1,ece,0.0721080525468579
sep28k,matched_retraining,full_chain_novad,SoundRep,1,ece,0.11552112305979315
sep28k,majority_vote_fixed,full_chain_novad,SoundRep,1,ece,0.2327330525468579
sep28k,deployment_fixed,full_chain_novad,SoundRep,1,brier,0.14578403671304863
sep28k,deployment_clean_val,full_chain_novad,SoundRep,1,brier,0.14578403671304863
sep28k,deployment_deg_val,full_chain_novad,SoundRep,1,brier,0.14578403671304863
sep28k,matched_retraining,full_chain_novad,SoundRep,1,brier,0.15229168775014393
sep28k,majority_vote_fixed,full_chain_novad,SoundRep,1,brier,0.1550282080668511
sep28k,deployment_fixed,full_chain_novad,WordRep,1,f1,0.6318897637795275
sep28k,deployment_clean_val,full_chain_novad,WordRep,1,f1,0.6462668298653611
sep28k,deployment_deg_val,full_chain_novad,WordRep,1,f1,0.655421686746988
sep28k,matched_retraining,full_chain_novad,WordRep,1,f1,0.6456692913385826
sep28k,majority_vote_fixed,full_chain_novad,WordRep,1,f1,0.5228915662650603
sep28k,deployment_fixed,full_chain_novad,WordRep,1,precision,0.5641476274165202
sep28k,deployment_clean_val,full_chain_novad,WordRep,1,precision,0.7135135135135136
sep28k,deployment_deg_val,full_chain_novad,WordRep,1,precision,0.7101827676240209
sep28k,matched_retraining,full_chain_novad,WordRep,1,precision,0.5764499121265377
sep28k,majority_vote_fixed,full_chain_novad,WordRep,1,precision,0.38137082601054484
sep28k,deployment_fixed,full_chain_novad,WordRep,1,recall,0.7181208053691275
sep28k,deployment_clean_val,full_chain_novad,WordRep,1,recall,0.5906040268456376
sep28k,deployment_deg_val,full_chain_novad,WordRep,1,recall,0.6085011185682326
sep28k,matched_retraining,full_chain_novad,WordRep,1,recall,0.7337807606263982
sep28k,majority_vote_fixed,full_chain_novad,WordRep,1,recall,0.8314176245210728
sep28k,deployment_fixed,full_chain_novad,WordRep,1,auc,0.8283672008242284
sep28k,deployment_clean_val,full_chain_novad,WordRep,1,auc,0.8283672008242284
sep28k,deployment_deg_val,full_chain_novad,WordRep,1,auc,0.8283672008242284
sep28k,matched_retraining,full_chain_novad,WordRep,1,auc,0.8412195789216342
sep28k,majority_vote_fixed,full_chain_novad,WordRep,1,auc,0.8677889086325644
sep28k,deployment_fixed,full_chain_novad,WordRep,1,pr_auc,0.6838049313031533
sep28k,deployment_clean_val,full_chain_novad,WordRep,1,pr_auc,0.6838049313031533
sep28k,deployment_deg_val,full_chain_novad,WordRep,1,pr_auc,0.6838049313031533
sep28k,matched_retraining,full_chain_novad,WordRep,1,pr_auc,0.6764497977983147
sep28k,majority_vote_fixed,full_chain_novad,WordRep,1,pr_auc,0.545914609078619
sep28k,deployment_fixed,full_chain_novad,WordRep,1,ece,0.14932598577599066
sep28k,deployment_clean_val,full_chain_novad,WordRep,1,ece,0.14932598577599066
sep28k,deployment_deg_val,full_chain_novad,WordRep,1,ece,0.14932598577599066
sep28k,matched_retraining,full_chain_novad,WordRep,1,ece,0.14868699570835336
sep28k,majority_vote_fixed,full_chain_novad,WordRep,1,ece,0.2655759857759907
sep28k,deployment_fixed,full_chain_novad,WordRep,1,brier,0.16295161945363468
sep28k,deployment_clean_val,full_chain_novad,WordRep,1,brier,0.16295161945363468
sep28k,deployment_deg_val,full_chain_novad,WordRep,1,brier,0.16295161945363468
sep28k,matched_retraining,full_chain_novad,WordRep,1,brier,0.16029509879425086
sep28k,majority_vote_fixed,full_chain_novad,WordRep,1,brier,0.17548129485337505
sep28k,deployment_fixed,full_chain_novad,Interjection,1,f1,0.7604743083003953
sep28k,deployment_clean_val,full_chain_novad,Interjection,1,f1,0.7596899224806202
sep28k,deployment_deg_val,full_chain_novad,Interjection,1,f1,0.7584715212689257
sep28k,matched_retraining,full_chain_novad,Interjection,1,f1,0.7614747930775019
sep28k,majority_vote_fixed,full_chain_novad,Interjection,1,f1,0.7457627118644068
sep28k,deployment_fixed,full_chain_novad,Interjection,1,precision,0.8222222222222222
sep28k,deployment_clean_val,full_chain_novad,Interjection,1,precision,0.8032786885245902
sep28k,deployment_deg_val,full_chain_novad,Interjection,1,precision,0.743988684582744
sep28k,matched_retraining,full_chain_novad,Interjection,1,precision,0.7796610169491526
sep28k,majority_vote_fixed,full_chain_novad,Interjection,1,precision,0.6393162393162393
sep28k,deployment_fixed,full_chain_novad,Interjection,1,recall,0.7073529411764706
sep28k,deployment_clean_val,full_chain_novad,Interjection,1,recall,0.7205882352941176
sep28k,deployment_deg_val,full_chain_novad,Interjection,1,recall,0.7735294117647059
sep28k,matched_retraining,full_chain_novad,Interjection,1,recall,0.7441176470588236
sep28k,majority_vote_fixed,full_chain_novad,Interjection,1,recall,0.8947368421052632
sep28k,deployment_fixed,full_chain_novad,Interjection,1,auc,0.8647778132992328
sep28k,deployment_clean_val,full_chain_novad,Interjection,1,auc,0.8647778132992328
sep28k,deployment_deg_val,full_chain_novad,Interjection,1,auc,0.8647778132992328
sep28k,matched_retraining,full_chain_novad,Interjection,1,auc,0.8706953324808184
sep28k,majority_vote_fixed,full_chain_novad,Interjection,1,auc,0.925515507735652
sep28k,deployment_fixed,full_chain_novad,Interjection,1,pr_auc,0.8621232333086939
sep28k,deployment_clean_val,full_chain_novad,Interjection,1,pr_auc,0.8621232333086939
sep28k,deployment_deg_val,full_chain_novad,Interjection,1,pr_auc,0.8621232333086939
sep28k,matched_retraining,full_chain_novad,Interjection,1,pr_auc,0.8626876499630093
sep28k,majority_vote_fixed,full_chain_novad,Interjection,1,pr_auc,0.8384287279194111
sep28k,deployment_fixed,full_chain_novad,Interjection,1,ece,0.043236614378147305
sep28k,deployment_clean_val,full_chain_novad,Interjection,1,ece,0.043236614378147305
sep28k,deployment_deg_val,full_chain_novad,Interjection,1,ece,0.043236614378147305
sep28k,matched_retraining,full_chain_novad,Interjection,1,ece,0.05248441548444021
sep28k,majority_vote_fixed,full_chain_novad,Interjection,1,ece,0.17929759452851768
sep28k,deployment_fixed,full_chain_novad,Interjection,1,brier,0.14105253341388616
sep28k,deployment_clean_val,full_chain_novad,Interjection,1,brier,0.14105253341388616
sep28k,deployment_deg_val,full_chain_novad,Interjection,1,brier,0.14105253341388616
sep28k,matched_retraining,full_chain_novad,Interjection,1,brier,0.14130384158692874
sep28k,majority_vote_fixed,full_chain_novad,Interjection,1,brier,0.12812298390670832
sep28k,deployment_fixed,full_chain,Block,1,f1,0.42105263157894735
sep28k,deployment_clean_val,full_chain,Block,1,f1,0.5708635464733026
sep28k,deployment_deg_val,full_chain,Block,1,f1,0.6261477918670748
sep28k,matched_retraining,full_chain,Block,1,f1,0.5529824561403509
sep28k,majority_vote_fixed,full_chain,Block,1,f1,0.32971014492753625
sep28k,deployment_fixed,full_chain,Block,1,precision,0.6646884272997032
sep28k,deployment_clean_val,full_chain,Block,1,precision,0.5481012658227848
sep28k,deployment_deg_val,full_chain,Block,1,precision,0.45897435897435895
sep28k,matched_retraining,full_chain,Block,1,precision,0.5644699140401146
sep28k,majority_vote_fixed,full_chain,Block,1,precision,0.27002967359050445
sep28k,deployment_fixed,full_chain,Block,1,recall,0.3081155433287483
sep28k,deployment_clean_val,full_chain,Block,1,recall,0.5955983493810179
sep28k,deployment_deg_val,full_chain,Block,1,recall,0.984869325997249
sep28k,matched_retraining,full_chain,Block,1,recall,0.5419532324621733
sep28k,majority_vote_fixed,full_chain,Block,1,recall,0.4232558139534884
sep28k,deployment_fixed,full_chain,Block,1,auc,0.6403380649186745
sep28k,deployment_clean_val,full_chain,Block,1,auc,0.6403380649186745
sep28k,deployment_deg_val,full_chain,Block,1,auc,0.6403380649186745
sep28k,matched_retraining,full_chain,Block,1,auc,0.6488731957187267
sep28k,majority_vote_fixed,full_chain,Block,1,auc,0.678032071194694
sep28k,deployment_fixed,full_chain,Block,1,pr_auc,0.6069472855973426
sep28k,deployment_clean_val,full_chain,Block,1,pr_auc,0.6069472855973426
sep28k,deployment_deg_val,full_chain,Block,1,pr_auc,0.6069472855973426
sep28k,matched_retraining,full_chain,Block,1,pr_auc,0.6067101503494471
sep28k,majority_vote_fixed,full_chain,Block,1,pr_auc,0.267756055593615
sep28k,deployment_fixed,full_chain,Block,1,ece,0.11118443082592802
sep28k,deployment_clean_val,full_chain,Block,1,ece,0.11118443082592802
sep28k,deployment_deg_val,full_chain,Block,1,ece,0.11118443082592802
sep28k,matched_retraining,full_chain,Block,1,ece,0.051497064213357556
sep28k,majority_vote_fixed,full_chain,Block,1,ece,0.21663657726154778
sep28k,deployment_fixed,full_chain,Block,1,brier,0.24642621907702988
sep28k,deployment_clean_val,full_chain,Block,1,brier,0.24642621907702988
sep28k,deployment_deg_val,full_chain,Block,1,brier,0.24642621907702988
sep28k,matched_retraining,full_chain,Block,1,brier,0.23388160458058324
sep28k,majority_vote_fixed,full_chain,Block,1,brier,0.1672950935546315
sep28k,deployment_fixed,full_chain,Prolongation,1,f1,0.5239766081871345
sep28k,deployment_clean_val,full_chain,Prolongation,1,f1,0.5476190476190477
sep28k,deployment_deg_val,full_chain,Prolongation,1,f1,0.5594013096351731
sep28k,matched_retraining,full_chain,Prolongation,1,f1,0.5391849529780565
sep28k,majority_vote_fixed,full_chain,Prolongation,1,f1,0.345489443378119
sep28k,deployment_fixed,full_chain,Prolongation,1,precision,0.5699745547073791
sep28k,deployment_clean_val,full_chain,Prolongation,1,precision,0.5476190476190477
sep28k,deployment_deg_val,full_chain,Prolongation,1,precision,0.4925864909390445
sep28k,matched_retraining,full_chain,Prolongation,1,precision,0.5212121212121212
sep28k,majority_vote_fixed,full_chain,Prolongation,1,precision,0.22900763358778625
sep28k,deployment_fixed,full_chain,Prolongation,1,recall,0.48484848484848486
sep28k,deployment_clean_val,full_chain,Prolongation,1,recall,0.5476190476190477
sep28k,deployment_deg_val,full_chain,Prolongation,1,recall,0.6471861471861472
sep28k,matched_retraining,full_chain,Prolongation,1,recall,0.5584415584415584
sep28k,majority_vote_fixed,full_chain,Prolongation,1,recall,0.703125
sep28k,deployment_fixed,full_chain,Prolongation,1,auc,0.7419087941935043
sep28k,deployment_clean_val,full_chain,Prolongation,1,auc,0.7419087941935043
sep28k,deployment_deg_val,full_chain,Prolongation,1,auc,0.7419087941935043
sep28k,matched_retraining,full_chain,Prolongation,1,auc,0.7369597303692208
sep28k,majority_vote_fixed,full_chain,Prolongation,1,auc,0.8196225373641304
sep28k,deployment_fixed,full_chain,Prolongation,1,pr_auc,0.5789375008299176
sep28k,deployment_clean_val,full_chain,Prolongation,1,pr_auc,0.5789375008299176
sep28k,deployment_deg_val,full_chain,Prolongation,1,pr_auc,0.5789375008299176
sep28k,matched_retraining,full_chain,Prolongation,1,pr_auc,0.5713720331090475
sep28k,majority_vote_fixed,full_chain,Prolongation,1,pr_auc,0.3537861754210309
sep28k,deployment_fixed,full_chain,Prolongation,1,ece,0.08797040465859707
sep28k,deployment_clean_val,full_chain,Prolongation,1,ece,0.08797040465859707
sep28k,deployment_deg_val,full_chain,Prolongation,1,ece,0.08797040465859707
sep28k,matched_retraining,full_chain,Prolongation,1,ece,0.10953065522934739
sep28k,majority_vote_fixed,full_chain,Prolongation,1,ece,0.24259184483363086
sep28k,deployment_fixed,full_chain,Prolongation,1,brier,0.18273305679488316
sep28k,deployment_clean_val,full_chain,Prolongation,1,brier,0.18273305679488316
sep28k,deployment_deg_val,full_chain,Prolongation,1,brier,0.18273305679488316
sep28k,matched_retraining,full_chain,Prolongation,1,brier,0.18796413077769997
sep28k,majority_vote_fixed,full_chain,Prolongation,1,brier,0.16199647481762242
sep28k,deployment_fixed,full_chain,SoundRep,1,f1,0.608875128998968
sep28k,deployment_clean_val,full_chain,SoundRep,1,f1,0.6105263157894737
sep28k,deployment_deg_val,full_chain,SoundRep,1,f1,0.5988125530110263
sep28k,matched_retraining,full_chain,SoundRep,1,f1,0.6305970149253731
sep28k,majority_vote_fixed,full_chain,SoundRep,1,f1,0.47191011235955055
sep28k,deployment_fixed,full_chain,SoundRep,1,precision,0.6145833333333334
sep28k,deployment_clean_val,full_chain,SoundRep,1,precision,0.6290672451193059
sep28k,deployment_deg_val,full_chain,SoundRep,1,precision,0.5115942028985507
sep28k,matched_retraining,full_chain,SoundRep,1,precision,0.5797598627787307
sep28k,majority_vote_fixed,full_chain,SoundRep,1,precision,0.35
sep28k,deployment_fixed,full_chain,SoundRep,1,recall,0.6032719836400818
sep28k,deployment_clean_val,full_chain,SoundRep,1,recall,0.5930470347648262
sep28k,deployment_deg_val,full_chain,SoundRep,1,recall,0.721881390593047
sep28k,matched_retraining,full_chain,SoundRep,1,recall,0.6912065439672802
sep28k,majority_vote_fixed,full_chain,SoundRep,1,recall,0.7241379310344828
sep28k,deployment_fixed,full_chain,SoundRep,1,auc,0.7924933597654245
sep28k,deployment_clean_val,full_chain,SoundRep,1,auc,0.7924933597654245
sep28k,deployment_deg_val,full_chain,SoundRep,1,auc,0.7924933597654245
sep28k,matched_retraining,full_chain,SoundRep,1,auc,0.8163116925189452
sep28k,majority_vote_fixed,full_chain,SoundRep,1,auc,0.8200998185117968
sep28k,deployment_fixed,full_chain,SoundRep,1,pr_auc,0.6762634250376921
sep28k,deployment_clean_val,full_chain,SoundRep,1,pr_auc,0.6762634250376921
sep28k,deployment_deg_val,full_chain,SoundRep,1,pr_auc,0.6762634250376921
sep28k,matched_retraining,full_chain,SoundRep,1,pr_auc,0.6881588223455354
sep28k,majority_vote_fixed,full_chain,SoundRep,1,pr_auc,0.5261277372715037
sep28k,deployment_fixed,full_chain,SoundRep,1,ece,0.0751307892080048
sep28k,deployment_clean_val,full_chain,SoundRep,1,ece,0.0751307892080048
sep28k,deployment_deg_val,full_chain,SoundRep,1,ece,0.0751307892080048
sep28k,matched_retraining,full_chain,SoundRep,1,ece,0.12476461503925372
sep28k,majority_vote_fixed,full_chain,SoundRep,1,ece,0.21638888226991024
sep28k,deployment_fixed,full_chain,SoundRep,1,brier,0.1674599685445984
sep28k,deployment_clean_val,full_chain,SoundRep,1,brier,0.1674599685445984
sep28k,deployment_deg_val,full_chain,SoundRep,1,brier,0.1674599685445984
sep28k,matched_retraining,full_chain,SoundRep,1,brier,0.16928972246465587
sep28k,majority_vote_fixed,full_chain,SoundRep,1,brier,0.16940318544737198
sep28k,deployment_fixed,full_chain,WordRep,1,f1,0.6055363321799307
sep28k,deployment_clean_val,full_chain,WordRep,1,f1,0.6303270564915758
sep28k,deployment_deg_val,full_chain,WordRep,1,f1,0.6386363636363637
sep28k,matched_retraining,full_chain,WordRep,1,f1,0.6388349514563106
sep28k,majority_vote_fixed,full_chain,WordRep,1,f1,0.47010309278350515
sep28k,deployment_fixed,full_chain,WordRep,1,precision,0.4936530324400564
sep28k,deployment_clean_val,full_chain,WordRep,1,precision,0.5658362989323843
sep28k,deployment_deg_val,full_chain,WordRep,1,precision,0.648960739030023
sep28k,matched_retraining,full_chain,WordRep,1,precision,0.5643224699828473
sep28k,majority_vote_fixed,full_chain,WordRep,1,precision,0.3215796897038082
sep28k,deployment_fixed,full_chain,WordRep,1,recall,0.7829977628635347
sep28k,deployment_clean_val,full_chain,WordRep,1,recall,0.7114093959731543
sep28k,deployment_deg_val,full_chain,WordRep,1,recall,0.6286353467561522
sep28k,matched_retraining,full_chain,WordRep,1,recall,0.7360178970917226
sep28k,majority_vote_fixed,full_chain,WordRep,1,recall,0.8735632183908046
sep28k,deployment_fixed,full_chain,WordRep,1,auc,0.8235592006845289
sep28k,deployment_clean_val,full_chain,WordRep,1,auc,0.8235592006845289
sep28k,deployment_deg_val,full_chain,WordRep,1,auc,0.8235592006845289
sep28k,matched_retraining,full_chain,WordRep,1,auc,0.8350650282989031
sep28k,majority_vote_fixed,full_chain,WordRep,1,auc,0.8548353406070178
sep28k,deployment_fixed,full_chain,WordRep,1,pr_auc,0.6813726384887501
sep28k,deployment_clean_val,full_chain,WordRep,1,pr_auc,0.6813726384887501
sep28k,deployment_deg_val,full_chain,WordRep,1,pr_auc,0.6813726384887501
sep28k,matched_retraining,full_chain,WordRep,1,pr_auc,0.6746649925243376
sep28k,majority_vote_fixed,full_chain,WordRep,1,pr_auc,0.5296363549314109
sep28k,deployment_fixed,full_chain,WordRep,1,ece,0.20149086823545148
sep28k,deployment_clean_val,full_chain,WordRep,1,ece,0.20149086823545148
sep28k,deployment_deg_val,full_chain,WordRep,1,ece,0.20149086823545148
sep28k,matched_retraining,full_chain,WordRep,1,ece,0.14144231291229636
sep28k,majority_vote_fixed,full_chain,WordRep,1,ece,0.31774086823545145
sep28k,deployment_fixed,full_chain,WordRep,1,brier,0.19840469315102768
sep28k,deployment_clean_val,full_chain,WordRep,1,brier,0.19840469315102768
sep28k,deployment_deg_val,full_chain,WordRep,1,brier,0.19840469315102768
sep28k,matched_retraining,full_chain,WordRep,1,brier,0.1625464205712593
sep28k,majority_vote_fixed,full_chain,WordRep,1,brier,0.2322453016453349
sep28k,deployment_fixed,full_chain,Interjection,1,f1,0.7413010590015129
sep28k,deployment_clean_val,full_chain,Interjection,1,f1,0.7406855439642325
sep28k,deployment_deg_val,full_chain,Interjection,1,f1,0.7318475916606758
sep28k,matched_retraining,full_chain,Interjection,1,f1,0.7519260400616333
sep28k,majority_vote_fixed,full_chain,Interjection,1,f1,0.6924528301886792
sep28k,deployment_fixed,full_chain,Interjection,1,precision,0.7632398753894081
sep28k,deployment_clean_val,full_chain,Interjection,1,precision,0.7507552870090635
sep28k,deployment_deg_val,full_chain,Interjection,1,precision,0.7158931082981715
sep28k,matched_retraining,full_chain,Interjection,1,precision,0.7896440129449838
sep28k,majority_vote_fixed,full_chain,Interjection,1,precision,0.5716510903426791
sep28k,deployment_fixed,full_chain,Interjection,1,recall,0.7205882352941176
sep28k,deployment_clean_val,full_chain,Interjection,1,recall,0.7308823529411764
sep28k,deployment_deg_val,full_chain,Interjection,1,recall,0.7485294117647059
sep28k,matched_retraining,full_chain,Interjection,1,recall,0.7176470588235294
sep28k,majority_vote_fixed,full_chain,Interjection,1,recall,0.8779904306220095
sep28k,deployment_fixed,full_chain,Interjection,1,auc,0.8467679028132993
sep28k,deployment_clean_val,full_chain,Interjection,1,auc,0.8467679028132993
sep28k,deployment_deg_val,full_chain,Interjection,1,auc,0.8467679028132993
sep28k,matched_retraining,full_chain,Interjection,1,auc,0.8523401534526853
sep28k,majority_vote_fixed,full_chain,Interjection,1,auc,0.8995741545835054
sep28k,deployment_fixed,full_chain,Interjection,1,pr_auc,0.8419988646066722
sep28k,deployment_clean_val,full_chain,Interjection,1,pr_auc,0.8419988646066722
sep28k,deployment_deg_val,full_chain,Interjection,1,pr_auc,0.8419988646066722
sep28k,matched_retraining,full_chain,Interjection,1,pr_auc,0.8484054660495959
sep28k,majority_vote_fixed,full_chain,Interjection,1,pr_auc,0.8056989999818882
sep28k,deployment_fixed,full_chain,Interjection,1,ece,0.06361826312152681
sep28k,deployment_clean_val,full_chain,Interjection,1,ece,0.06361826312152681
sep28k,deployment_deg_val,full_chain,Interjection,1,ece,0.06361826312152681
sep28k,matched_retraining,full_chain,Interjection,1,ece,0.03899819315399057
sep28k,majority_vote_fixed,full_chain,Interjection,1,ece,0.19341359290365073
sep28k,deployment_fixed,full_chain,Interjection,1,brier,0.1540616819424678
sep28k,deployment_clean_val,full_chain,Interjection,1,brier,0.1540616819424678
sep28k,deployment_deg_val,full_chain,Interjection,1,brier,0.1540616819424678
sep28k,matched_retraining,full_chain,Interjection,1,brier,0.14705167687403242
sep28k,majority_vote_fixed,full_chain,Interjection,1,brier,0.1553976242127902
sep28k,deployment_fixed,random_del_30pct,Block,1,f1,0.6292585170340681
sep28k,deployment_clean_val,random_del_30pct,Block,1,f1,0.6587012987012987
sep28k,deployment_deg_val,random_del_30pct,Block,1,f1,0.6563626996393611
sep28k,matched_retraining,random_del_30pct,Block,1,f1,0.6177715091678421
sep28k,majority_vote_fixed,random_del_30pct,Block,1,f1,0.33908629441624366
sep28k,deployment_fixed,random_del_30pct,Block,1,precision,0.6116883116883117
sep28k,deployment_clean_val,random_del_30pct,Block,1,precision,0.5292153589315526
sep28k,deployment_deg_val,random_del_30pct,Block,1,precision,0.5247116968698518
sep28k,matched_retraining,random_del_30pct,Block,1,precision,0.6338639652677279
sep28k,majority_vote_fixed,random_del_30pct,Block,1,precision,0.21688311688311687
sep28k,deployment_fixed,random_del_30pct,Block,1,recall,0.6478679504814305
sep28k,deployment_clean_val,random_del_30pct,Block,1,recall,0.8720770288858322
sep28k,deployment_deg_val,random_del_30pct,Block,1,recall,0.8762035763411279
sep28k,matched_retraining,random_del_30pct,Block,1,recall,0.6024759284731774
sep28k,majority_vote_fixed,random_del_30pct,Block,1,recall,0.7767441860465116
sep28k,deployment_fixed,random_del_30pct,Block,1,auc,0.70582711357538
sep28k,deployment_clean_val,random_del_30pct,Block,1,auc,0.70582711357538
sep28k,deployment_deg_val,random_del_30pct,Block,1,auc,0.70582711357538
sep28k,matched_retraining,random_del_30pct,Block,1,auc,0.7191001321944754
sep28k,majority_vote_fixed,random_del_30pct,Block,1,auc,0.7414087817983377
sep28k,deployment_fixed,random_del_30pct,Block,1,pr_auc,0.6557910694488351
sep28k,deployment_clean_val,random_del_30pct,Block,1,pr_auc,0.6557910694488351
sep28k,deployment_deg_val,random_del_30pct,Block,1,pr_auc,0.6557910694488351
sep28k,matched_retraining,random_del_30pct,Block,1,pr_auc,0.670680685266847
sep28k,majority_vote_fixed,random_del_30pct,Block,1,pr_auc,0.30637405705709486
sep28k,deployment_fixed,random_del_30pct,Block,1,ece,0.04637596267146481
sep28k,deployment_clean_val,random_del_30pct,Block,1,ece,0.04637596267146481
sep28k,deployment_deg_val,random_del_30pct,Block,1,ece,0.04637596267146481
sep28k,matched_retraining,random_del_30pct,Block,1,ece,0.03563292074281084
sep28k,majority_vote_fixed,random_del_30pct,Block,1,ece,0.3561488705717567
sep28k,deployment_fixed,random_del_30pct,Block,1,brier,0.21920143629509561
sep28k,deployment_clean_val,random_del_30pct,Block,1,brier,0.21920143629509561
sep28k,deployment_deg_val,random_del_30pct,Block,1,brier,0.21920143629509561
sep28k,matched_retraining,random_del_30pct,Block,1,brier,0.21259355279591421
sep28k,majority_vote_fixed,random_del_30pct,Block,1,brier,0.2464745338305251
sep28k,deployment_fixed,random_del_30pct,Prolongation,1,f1,0.5097529258777633
sep28k,deployment_clean_val,random_del_30pct,Prolongation,1,f1,0.5384615384615384
sep28k,deployment_deg_val,random_del_30pct,Prolongation,1,f1,0.5475555555555556
sep28k,matched_retraining,random_del_30pct,Prolongation,1,f1,0.5422314911366006
sep28k,majority_vote_fixed,random_del_30pct,Prolongation,1,f1,0.3954022988505747
sep28k,deployment_fixed,random_del_30pct,Prolongation,1,precision,0.6384364820846905
sep28k,deployment_clean_val,random_del_30pct,Prolongation,1,precision,0.5833333333333334
sep28k,deployment_deg_val,random_del_30pct,Prolongation,1,precision,0.4645550527903469
sep28k,matched_retraining,random_del_30pct,Prolongation,1,precision,0.5231388329979879
sep28k,majority_vote_fixed,random_del_30pct,Prolongation,1,precision,0.28013029315960913
sep28k,deployment_fixed,random_del_30pct,Prolongation,1,recall,0.42424242424242425
sep28k,deployment_clean_val,random_del_30pct,Prolongation,1,recall,0.5
sep28k,deployment_deg_val,random_del_30pct,Prolongation,1,recall,0.6666666666666666
sep28k,matched_retraining,random_del_30pct,Prolongation,1,recall,0.5627705627705628
sep28k,majority_vote_fixed,random_del_30pct,Prolongation,1,recall,0.671875
sep28k,deployment_fixed,random_del_30pct,Prolongation,1,auc,0.7523775287395674
sep28k,deployment_clean_val,random_del_30pct,Prolongation,1,auc,0.7523775287395674
sep28k,deployment_deg_val,random_del_30pct,Prolongation,1,auc,0.7523775287395674
sep28k,matched_retraining,random_del_30pct,Prolongation,1,auc,0.7499010948044339
sep28k,majority_vote_fixed,random_del_30pct,Prolongation,1,auc,0.8407725458559783
sep28k,deployment_fixed,random_del_30pct,Prolongation,1,pr_auc,0.6016915996684773
sep28k,deployment_clean_val,random_del_30pct,Prolongation,1,pr_auc,0.6016915996684773
sep28k,deployment_deg_val,random_del_30pct,Prolongation,1,pr_auc,0.6016915996684773
sep28k,matched_retraining,random_del_30pct,Prolongation,1,pr_auc,0.5961598585431697
sep28k,majority_vote_fixed,random_del_30pct,Prolongation,1,pr_auc,0.3760625177065403
sep28k,deployment_fixed,random_del_30pct,Prolongation,1,ece,0.034739694467907034
sep28k,deployment_clean_val,random_del_30pct,Prolongation,1,ece,0.034739694467907034
sep28k,deployment_deg_val,random_del_30pct,Prolongation,1,ece,0.034739694467907034
sep28k,matched_retraining,random_del_30pct,Prolongation,1,ece,0.10865467347790887
sep28k,majority_vote_fixed,random_del_30pct,Prolongation,1,ece,0.225605701922664
sep28k,deployment_fixed,random_del_30pct,Prolongation,1,brier,0.1673102972787353
sep28k,deployment_clean_val,random_del_30pct,Prolongation,1,brier,0.1673102972787353
sep28k,deployment_deg_val,random_del_30pct,Prolongation,1,brier,0.1673102972787353
sep28k,matched_retraining,random_del_30pct,Prolongation,1,brier,0.18337879546510286
sep28k,majority_vote_fixed,random_del_30pct,Prolongation,1,brier,0.12658351274516813
sep28k,deployment_fixed,random_del_30pct,SoundRep,1,f1,0.662962962962963
sep28k,deployment_clean_val,random_del_30pct,SoundRep,1,f1,0.6597156398104266
sep28k,deployment_deg_val,random_del_30pct,SoundRep,1,f1,0.6604747162022704
sep28k,matched_retraining,random_del_30pct,SoundRep,1,f1,0.6467757459095284
sep28k,majority_vote_fixed,random_del_30pct,SoundRep,1,f1,0.45443499392466585
sep28k,deployment_fixed,random_del_30pct,SoundRep,1,precision,0.6057529610829103
sep28k,deployment_clean_val,random_del_30pct,SoundRep,1,precision,0.6148409893992933
sep28k,deployment_deg_val,random_del_30pct,SoundRep,1,precision,0.6666666666666666
sep28k,matched_retraining,random_del_30pct,SoundRep,1,precision,0.610909090909091
sep28k,majority_vote_fixed,random_del_30pct,SoundRep,1,precision,0.3164128595600677
sep28k,deployment_fixed,random_del_30pct,SoundRep,1,recall,0.7321063394683026
sep28k,deployment_clean_val,random_del_30pct,SoundRep,1,recall,0.7116564417177914
sep28k,deployment_deg_val,random_del_30pct,SoundRep,1,recall,0.65439672801636
sep28k,matched_retraining,random_del_30pct,SoundRep,1,recall,0.6871165644171779
sep28k,majority_vote_fixed,random_del_30pct,SoundRep,1,recall,0.8060344827586207
sep28k,deployment_fixed,random_del_30pct,SoundRep,1,auc,0.8332385385777843
sep28k,deployment_clean_val,random_del_30pct,SoundRep,1,auc,0.8332385385777843
sep28k,deployment_deg_val,random_del_30pct,SoundRep,1,auc,0.8332385385777843
sep28k,matched_retraining,random_del_30pct,SoundRep,1,auc,0.836343757075094
sep28k,majority_vote_fixed,random_del_30pct,SoundRep,1,auc,0.8449315638233514
sep28k,deployment_fixed,random_del_30pct,SoundRep,1,pr_auc,0.7298416677141337
sep28k,deployment_clean_val,random_del_30pct,SoundRep,1,pr_auc,0.7298416677141337
sep28k,deployment_deg_val,random_del_30pct,SoundRep,1,pr_auc,0.7298416677141337
sep28k,matched_retraining,random_del_30pct,SoundRep,1,pr_auc,0.7328568705885834
sep28k,majority_vote_fixed,random_del_30pct,SoundRep,1,pr_auc,0.5200481648399533
sep28k,deployment_fixed,random_del_30pct,SoundRep,1,ece,0.12334518099859088
sep28k,deployment_clean_val,random_del_30pct,SoundRep,1,ece,0.12334518099859088
sep28k,deployment_deg_val,random_del_30pct,SoundRep,1,ece,0.12334518099859088
sep28k,matched_retraining,random_del_30pct,SoundRep,1,ece,0.11034594751009917
sep28k,majority_vote_fixed,random_del_30pct,SoundRep,1,ece,0.28397018099859095
sep28k,deployment_fixed,random_del_30pct,SoundRep,1,brier,0.16252903874127633
sep28k,deployment_clean_val,random_del_30pct,SoundRep,1,brier,0.16252903874127633
sep28k,deployment_deg_val,random_del_30pct,SoundRep,1,brier,0.16252903874127633
sep28k,matched_retraining,random_del_30pct,SoundRep,1,brier,0.1560137851828605
sep28k,majority_vote_fixed,random_del_30pct,SoundRep,1,brier,0.2004540875004679
sep28k,deployment_fixed,random_del_30pct,WordRep,1,f1,0.6234269119070668
sep28k,deployment_clean_val,random_del_30pct,WordRep,1,f1,0.6235827664399093
sep28k,deployment_deg_val,random_del_30pct,WordRep,1,f1,0.6210762331838565
sep28k,matched_retraining,random_del_30pct,WordRep,1,f1,0.6330097087378641
sep28k,majority_vote_fixed,random_del_30pct,WordRep,1,f1,0.5147579693034239
sep28k,deployment_fixed,random_del_30pct,WordRep,1,precision,0.5494880546075085
sep28k,deployment_clean_val,random_del_30pct,WordRep,1,precision,0.632183908045977
sep28k,deployment_deg_val,random_del_30pct,WordRep,1,precision,0.6224719101123596
sep28k,matched_retraining,random_del_30pct,WordRep,1,precision,0.5591766723842195
sep28k,majority_vote_fixed,random_del_30pct,WordRep,1,precision,0.3720136518771331
sep28k,deployment_fixed,random_del_30pct,WordRep,1,recall,0.7203579418344519
sep28k,deployment_clean_val,random_del_30pct,WordRep,1,recall,0.6152125279642058
sep28k,deployment_deg_val,random_del_30pct,WordRep,1,recall,0.6196868008948546
sep28k,matched_retraining,random_del_30pct,WordRep,1,recall,0.7293064876957495
sep28k,majority_vote_fixed,random_del_30pct,WordRep,1,recall,0.8352490421455939
sep28k,deployment_fixed,random_del_30pct,WordRep,1,auc,0.8160678009511225
sep28k,deployment_clean_val,random_del_30pct,WordRep,1,auc,0.8160678009511225
sep28k,deployment_deg_val,random_del_30pct,WordRep,1,auc,0.8160678009511225
sep28k,matched_retraining,random_del_30pct,WordRep,1,auc,0.8379366345163188
sep28k,majority_vote_fixed,random_del_30pct,WordRep,1,auc,0.8587783529196318
sep28k,deployment_fixed,random_del_30pct,WordRep,1,pr_auc,0.6582750493925988
sep28k,deployment_clean_val,random_del_30pct,WordRep,1,pr_auc,0.6582750493925988
sep28k,deployment_deg_val,random_del_30pct,WordRep,1,pr_auc,0.6582750493925988
sep28k,matched_retraining,random_del_30pct,WordRep,1,pr_auc,0.675464977038223
sep28k,majority_vote_fixed,random_del_30pct,WordRep,1,pr_auc,0.5073186024179935
sep28k,deployment_fixed,random_del_30pct,WordRep,1,ece,0.13814964671579913
sep28k,deployment_clean_val,random_del_30pct,WordRep,1,ece,0.13814964671579913
sep28k,deployment_deg_val,random_del_30pct,WordRep,1,ece,0.13814964671579913
sep28k,matched_retraining,random_del_30pct,WordRep,1,ece,0.14291826150592477
sep28k,majority_vote_fixed,random_del_30pct,WordRep,1,ece,0.24919679707862702
sep28k,deployment_fixed,random_del_30pct,WordRep,1,brier,0.1705422415754569
sep28k,deployment_clean_val,random_del_30pct,WordRep,1,brier,0.1705422415754569
sep28k,deployment_deg_val,random_del_30pct,WordRep,1,brier,0.1705422415754569
sep28k,matched_retraining,random_del_30pct,WordRep,1,brier,0.16052869260503538
sep28k,majority_vote_fixed,random_del_30pct,WordRep,1,brier,0.18279574807283858
sep28k,deployment_fixed,random_del_30pct,Interjection,1,f1,0.7396061269146609
sep28k,deployment_clean_val,random_del_30pct,Interjection,1,f1,0.7381974248927039
sep28k,deployment_deg_val,random_del_30pct,Interjection,1,f1,0.741185296324081
sep28k,matched_retraining,random_del_30pct,Interjection,1,f1,0.7389312977099237
sep28k,majority_vote_fixed,random_del_30pct,Interjection,1,f1,0.6744815148782687
sep28k,deployment_fixed,random_del_30pct,Interjection,1,precision,0.7337192474674384
sep28k,deployment_clean_val,random_del_30pct,Interjection,1,precision,0.7186629526462396
sep28k,deployment_deg_val,random_del_30pct,Interjection,1,precision,0.7565084226646248
sep28k,matched_retraining,random_del_30pct,Interjection,1,precision,0.7682539682539683
sep28k,majority_vote_fixed,random_del_30pct,Interjection,1,precision,0.5412445730824892
sep28k,deployment_fixed,random_del_30pct,Interjection,1,recall,0.7455882352941177
sep28k,deployment_clean_val,random_del_30pct,Interjection,1,recall,0.7588235294117647
sep28k,deployment_deg_val,random_del_30pct,Interjection,1,recall,0.7264705882352941
sep28k,matched_retraining,random_del_30pct,Interjection,1,recall,0.711764705882353
sep28k,majority_vote_fixed,random_del_30pct,Interjection,1,recall,0.8947368421052632
sep28k,deployment_fixed,random_del_30pct,Interjection,1,auc,0.8555338874680307
sep28k,deployment_clean_val,random_del_30pct,Interjection,1,auc,0.8555338874680307
sep28k,deployment_deg_val,random_del_30pct,Interjection,1,auc,0.8555338874680307
sep28k,matched_retraining,random_del_30pct,Interjection,1,auc,0.8571083759590792
sep28k,majority_vote_fixed,random_del_30pct,Interjection,1,auc,0.9094390336709333
sep28k,deployment_fixed,random_del_30pct,Interjection,1,pr_auc,0.8476523117487602
sep28k,deployment_clean_val,random_del_30pct,Interjection,1,pr_auc,0.8476523117487602
sep28k,deployment_deg_val,random_del_30pct,Interjection,1,pr_auc,0.8476523117487602
sep28k,matched_retraining,random_del_30pct,Interjection,1,pr_auc,0.8480370924357032
sep28k,majority_vote_fixed,random_del_30pct,Interjection,1,pr_auc,0.8093940189030734
sep28k,deployment_fixed,random_del_30pct,Interjection,1,ece,0.06347996794591834
sep28k,deployment_clean_val,random_del_30pct,Interjection,1,ece,0.06347996794591834
sep28k,deployment_deg_val,random_del_30pct,Interjection,1,ece,0.06347996794591834
sep28k,matched_retraining,random_del_30pct,Interjection,1,ece,0.03929265003025809
sep28k,majority_vote_fixed,random_del_30pct,Interjection,1,ece,0.2262486004992813
sep28k,deployment_fixed,random_del_30pct,Interjection,1,brier,0.15268807070626508
sep28k,deployment_clean_val,random_del_30pct,Interjection,1,brier,0.15268807070626508
sep28k,deployment_deg_val,random_del_30pct,Interjection,1,brier,0.15268807070626508
sep28k,matched_retraining,random_del_30pct,Interjection,1,brier,0.14833547494753616
sep28k,majority_vote_fixed,random_del_30pct,Interjection,1,brier,0.1619005541832113
sep28k,clean_baseline,clean,Block,2,f1,0.6377224199288256
sep28k,clean_mlp_baseline,clean,Block,2,f1,0.6061515378844711
sep28k,clean_majority_vote,clean,Block,2,f1,0.36163175303197354
sep28k,clean_baseline,clean,Block,2,precision,0.632768361581921
sep28k,clean_mlp_baseline,clean,Block,2,precision,0.6352201257861635
sep28k,clean_majority_vote,clean,Block,2,precision,0.23163841807909605
sep28k,clean_baseline,clean,Block,2,recall,0.642754662840746
sep28k,clean_mlp_baseline,clean,Block,2,recall,0.5796269727403156
sep28k,clean_majority_vote,clean,Block,2,recall,0.8241206030150754
sep28k,clean_baseline,clean,Block,2,auc,0.7361721282531724
sep28k,clean_mlp_baseline,clean,Block,2,auc,0.7246514202457792
sep28k,clean_majority_vote,clean,Block,2,auc,0.7711378320172291
sep28k,clean_baseline,clean,Block,2,pr_auc,0.6709443443927668
sep28k,clean_mlp_baseline,clean,Block,2,pr_auc,0.6483082156556806
sep28k,clean_majority_vote,clean,Block,2,pr_auc,0.31132598327491423
sep28k,clean_baseline,clean,Block,2,ece,0.04395842556235505
sep28k,clean_mlp_baseline,clean,Block,2,ece,0.018881893217600892
sep28k,clean_majority_vote,clean,Block,2,ece,0.35257308391547254
sep28k,clean_baseline,clean,Block,2,brier,0.2070006742927802
sep28k,clean_mlp_baseline,clean,Block,2,brier,0.20942868292331696
sep28k,clean_majority_vote,clean,Block,2,brier,0.23431662277851148
sep28k,clean_baseline,clean,Prolongation,2,f1,0.6216216216216216
sep28k,clean_mlp_baseline,clean,Prolongation,2,f1,0.5160493827160494
sep28k,clean_majority_vote,clean,Prolongation,2,f1,0.32718327183271834
sep28k,clean_baseline,clean,Prolongation,2,precision,0.5575757575757576
sep28k,clean_mlp_baseline,clean,Prolongation,2,precision,0.7307692307692307
sep28k,clean_majority_vote,clean,Prolongation,2,precision,0.2015151515151515
sep28k,clean_baseline,clean,Prolongation,2,recall,0.7022900763358778
sep28k,clean_mlp_baseline,clean,Prolongation,2,recall,0.3988549618320611
sep28k,clean_majority_vote,clean,Prolongation,2,recall,0.869281045751634
sep28k,clean_baseline,clean,Prolongation,2,auc,0.7822847505769571
sep28k,clean_mlp_baseline,clean,Prolongation,2,auc,0.7820202378838984
sep28k,clean_majority_vote,clean,Prolongation,2,auc,0.8486697583597755
sep28k,clean_baseline,clean,Prolongation,2,pr_auc,0.6537696237416047
sep28k,clean_mlp_baseline,clean,Prolongation,2,pr_auc,0.658026224792679
sep28k,clean_majority_vote,clean,Prolongation,2,pr_auc,0.4335537001886067
sep28k,clean_baseline,clean,Prolongation,2,ece,0.1330305500234763
sep28k,clean_mlp_baseline,clean,Prolongation,2,ece,0.058826208298675256
sep28k,clean_majority_vote,clean,Prolongation,2,ece,0.36201241462136197
sep28k,clean_baseline,clean,Prolongation,2,brier,0.18879771536272516
sep28k,clean_mlp_baseline,clean,Prolongation,2,brier,0.17197012901306152
sep28k,clean_majority_vote,clean,Prolongation,2,brier,0.22480508914628167
sep28k,clean_baseline,clean,SoundRep,2,f1,0.6276595744680851
sep28k,clean_mlp_baseline,clean,SoundRep,2,f1,0.5659411011523687
sep28k,clean_majority_vote,clean,SoundRep,2,f1,0.4236006051437216
sep28k,clean_baseline,clean,SoundRep,2,precision,0.6184486373165619
sep28k,clean_mlp_baseline,clean,SoundRep,2,precision,0.6949685534591195
sep28k,clean_majority_vote,clean,SoundRep,2,precision,0.29350104821802936
sep28k,clean_baseline,clean,SoundRep,2,recall,0.6371490280777538
sep28k,clean_mlp_baseline,clean,SoundRep,2,recall,0.4773218142548596
sep28k,clean_majority_vote,clean,SoundRep,2,recall,0.7608695652173914
sep28k,clean_baseline,clean,SoundRep,2,auc,0.8339556779119642
sep28k,clean_mlp_baseline,clean,SoundRep,2,auc,0.8284610470598972
sep28k,clean_majority_vote,clean,SoundRep,2,auc,0.8590912582577969
sep28k,clean_baseline,clean,SoundRep,2,pr_auc,0.7051048967820329
sep28k,clean_mlp_baseline,clean,SoundRep,2,pr_auc,0.6953980463304481
sep28k,clean_majority_vote,clean,SoundRep,2,pr_auc,0.47853514446414647
sep28k,clean_baseline,clean,SoundRep,2,ece,0.08311437103056743
sep28k,clean_mlp_baseline,clean,SoundRep,2,ece,0.034840366052343676
sep28k,clean_majority_vote,clean,SoundRep,2,ece,0.2575984235634004
sep28k,clean_baseline,clean,SoundRep,2,brier,0.1498906525529419
sep28k,clean_mlp_baseline,clean,SoundRep,2,brier,0.14446009695529938
sep28k,clean_majority_vote,clean,SoundRep,2,brier,0.16570724676426057
sep28k,clean_baseline,clean,WordRep,2,f1,0.6542827657378741
sep28k,clean_mlp_baseline,clean,WordRep,2,f1,0.6469072164948454
sep28k,clean_majority_vote,clean,WordRep,2,f1,0.5406758448060075
sep28k,clean_baseline,clean,WordRep,2,precision,0.5784671532846716
sep28k,clean_mlp_baseline,clean,WordRep,2,precision,0.7070422535211267
sep28k,clean_majority_vote,clean,WordRep,2,precision,0.39416058394160586
sep28k,clean_baseline,clean,WordRep,2,recall,0.7529691211401425
sep28k,clean_mlp_baseline,clean,WordRep,2,recall,0.5961995249406176
sep28k,clean_majority_vote,clean,WordRep,2,recall,0.8605577689243028
sep28k,clean_baseline,clean,WordRep,2,auc,0.8562279962414656
sep28k,clean_mlp_baseline,clean,WordRep,2,auc,0.8601115462013396
sep28k,clean_majority_vote,clean,WordRep,2,auc,0.8806140423469327
sep28k,clean_baseline,clean,WordRep,2,pr_auc,0.6884716617448092
sep28k,clean_mlp_baseline,clean,WordRep,2,pr_auc,0.7203949024162759
sep28k,clean_majority_vote,clean,WordRep,2,pr_auc,0.554729988006987
sep28k,clean_baseline,clean,WordRep,2,ece,0.14988729490456604
sep28k,clean_mlp_baseline,clean,WordRep,2,ece,0.05005578627417316
sep28k,clean_majority_vote,clean,WordRep,2,ece,0.25620374268442847
sep28k,clean_baseline,clean,WordRep,2,brier,0.1513691373116947
sep28k,clean_mlp_baseline,clean,WordRep,2,brier,0.1265917718410492
sep28k,clean_majority_vote,clean,WordRep,2,brier,0.1684314979859099
sep28k,clean_baseline,clean,Interjection,2,f1,0.7808219178082192
sep28k,clean_mlp_baseline,clean,Interjection,2,f1,0.7636363636363637
sep28k,clean_majority_vote,clean,Interjection,2,f1,0.7235238987816307
sep28k,clean_baseline,clean,Interjection,2,precision,0.7953488372093023
sep28k,clean_mlp_baseline,clean,Interjection,2,precision,0.8539741219963032
sep28k,clean_majority_vote,clean,Interjection,2,precision,0.5984496124031008
sep28k,clean_baseline,clean,Interjection,2,recall,0.7668161434977578
sep28k,clean_mlp_baseline,clean,Interjection,2,recall,0.6905829596412556
sep28k,clean_majority_vote,clean,Interjection,2,recall,0.9146919431279621
sep28k,clean_baseline,clean,Interjection,2,auc,0.8861324075413473
sep28k,clean_mlp_baseline,clean,Interjection,2,auc,0.8859459633219215
sep28k,clean_majority_vote,clean,Interjection,2,auc,0.9249779542333911
sep28k,clean_baseline,clean,Interjection,2,pr_auc,0.8801680379697445
sep28k,clean_mlp_baseline,clean,Interjection,2,pr_auc,0.8800007676949152
sep28k,clean_majority_vote,clean,Interjection,2,pr_auc,0.8300922923254743
sep28k,clean_baseline,clean,Interjection,2,ece,0.06327847376214886
sep28k,clean_mlp_baseline,clean,Interjection,2,ece,0.02739274934204465
sep28k,clean_majority_vote,clean,Interjection,2,ece,0.21048862811982028
sep28k,clean_baseline,clean,Interjection,2,brier,0.13149932906929657
sep28k,clean_mlp_baseline,clean,Interjection,2,brier,0.12715670466423035
sep28k,clean_majority_vote,clean,Interjection,2,brier,0.14382960393365052
sep28k,deployment_fixed,clean,Block,2,f1,0.6377224199288256
sep28k,deployment_clean_val,clean,Block,2,f1,0.6629711751662971
sep28k,deployment_deg_val,clean,Block,2,f1,0.6629711751662971
sep28k,matched_retraining,clean,Block,2,f1,0.6377224199288256
sep28k,majority_vote_fixed,clean,Block,2,f1,0.36163175303197354
sep28k,deployment_fixed,clean,Block,2,precision,0.632768361581921
sep28k,deployment_clean_val,clean,Block,2,precision,0.5401987353206865
sep28k,deployment_deg_val,clean,Block,2,precision,0.5401987353206865
sep28k,matched_retraining,clean,Block,2,precision,0.632768361581921
sep28k,majority_vote_fixed,clean,Block,2,precision,0.23163841807909605
sep28k,deployment_fixed,clean,Block,2,recall,0.642754662840746
sep28k,deployment_clean_val,clean,Block,2,recall,0.8579626972740315
sep28k,deployment_deg_val,clean,Block,2,recall,0.8579626972740315
sep28k,matched_retraining,clean,Block,2,recall,0.642754662840746
sep28k,majority_vote_fixed,clean,Block,2,recall,0.8241206030150754
sep28k,deployment_fixed,clean,Block,2,auc,0.7361721282531724
sep28k,deployment_clean_val,clean,Block,2,auc,0.7361721282531724
sep28k,deployment_deg_val,clean,Block,2,auc,0.7361721282531724
sep28k,matched_retraining,clean,Block,2,auc,0.7361721282531724
sep28k,majority_vote_fixed,clean,Block,2,auc,0.7711378320172291
sep28k,deployment_fixed,clean,Block,2,pr_auc,0.6709443443927668
sep28k,deployment_clean_val,clean,Block,2,pr_auc,0.6709443443927668
sep28k,deployment_deg_val,clean,Block,2,pr_auc,0.6709443443927668
sep28k,matched_retraining,clean,Block,2,pr_auc,0.6709443443927668
sep28k,majority_vote_fixed,clean,Block,2,pr_auc,0.31132598327491423
sep28k,deployment_fixed,clean,Block,2,ece,0.04395842556235505
sep28k,deployment_clean_val,clean,Block,2,ece,0.04395842556235505
sep28k,deployment_deg_val,clean,Block,2,ece,0.04395842556235505
sep28k,matched_retraining,clean,Block,2,ece,0.04395842556235505
sep28k,majority_vote_fixed,clean,Block,2,ece,0.35257308391547254
sep28k,deployment_fixed,clean,Block,2,brier,0.2070006742927802
sep28k,deployment_clean_val,clean,Block,2,brier,0.2070006742927802
sep28k,deployment_deg_val,clean,Block,2,brier,0.2070006742927802
sep28k,matched_retraining,clean,Block,2,brier,0.2070006742927802
sep28k,majority_vote_fixed,clean,Block,2,brier,0.23431662277851148
sep28k,deployment_fixed,clean,Prolongation,2,f1,0.6216216216216216
sep28k,deployment_clean_val,clean,Prolongation,2,f1,0.6242868785656072
sep28k,deployment_deg_val,clean,Prolongation,2,f1,0.6242868785656072
sep28k,matched_retraining,clean,Prolongation,2,f1,0.6216216216216216
sep28k,majority_vote_fixed,clean,Prolongation,2,f1,0.32718327183271834
sep28k,deployment_fixed,clean,Prolongation,2,precision,0.5575757575757576
sep28k,deployment_clean_val,clean,Prolongation,2,precision,0.5448079658605974
sep28k,deployment_deg_val,clean,Prolongation,2,precision,0.5448079658605974
sep28k,matched_retraining,clean,Prolongation,2,precision,0.5575757575757576
sep28k,majority_vote_fixed,clean,Prolongation,2,precision,0.2015151515151515
sep28k,deployment_fixed,clean,Prolongation,2,recall,0.7022900763358778
sep28k,deployment_clean_val,clean,Prolongation,2,recall,0.7309160305343512
sep28k,deployment_deg_val,clean,Prolongation,2,recall,0.7309160305343512
sep28k,matched_retraining,clean,Prolongation,2,recall,0.7022900763358778
sep28k,majority_vote_fixed,clean,Prolongation,2,recall,0.869281045751634
sep28k,deployment_fixed,clean,Prolongation,2,auc,0.7822847505769571
sep28k,deployment_clean_val,clean,Prolongation,2,auc,0.7822847505769571
sep28k,deployment_deg_val,clean,Prolongation,2,auc,0.7822847505769571
sep28k,matched_retraining,clean,Prolongation,2,auc,0.7822847505769571
sep28k,majority_vote_fixed,clean,Prolongation,2,auc,0.8486697583597755
sep28k,deployment_fixed,clean,Prolongation,2,pr_auc,0.6537696237416047
sep28k,deployment_clean_val,clean,Prolongation,2,pr_auc,0.6537696237416047
sep28k,deployment_deg_val,clean,Prolongation,2,pr_auc,0.6537696237416047
sep28k,matched_retraining,clean,Prolongation,2,pr_auc,0.6537696237416047
sep28k,majority_vote_fixed,clean,Prolongation,2,pr_auc,0.4335537001886067
sep28k,deployment_fixed,clean,Prolongation,2,ece,0.1330305500234763
sep28k,deployment_clean_val,clean,Prolongation,2,ece,0.1330305500234763
sep28k,deployment_deg_val,clean,Prolongation,2,ece,0.1330305500234763
sep28k,matched_retraining,clean,Prolongation,2,ece,0.1330305500234763
sep28k,majority_vote_fixed,clean,Prolongation,2,ece,0.36201241462136197
sep28k,deployment_fixed,clean,Prolongation,2,brier,0.18879771536272516
sep28k,deployment_clean_val,clean,Prolongation,2,brier,0.18879771536272516
sep28k,deployment_deg_val,clean,Prolongation,2,brier,0.18879771536272516
sep28k,matched_retraining,clean,Prolongation,2,brier,0.18879771536272516
sep28k,majority_vote_fixed,clean,Prolongation,2,brier,0.22480508914628167
sep28k,deployment_fixed,clean,SoundRep,2,f1,0.6276595744680851
sep28k,deployment_clean_val,clean,SoundRep,2,f1,0.6276595744680851
sep28k,deployment_deg_val,clean,SoundRep,2,f1,0.6276595744680851
sep28k,matched_retraining,clean,SoundRep,2,f1,0.6276595744680851
sep28k,majority_vote_fixed,clean,SoundRep,2,f1,0.4236006051437216
sep28k,deployment_fixed,clean,SoundRep,2,precision,0.6184486373165619
sep28k,deployment_clean_val,clean,SoundRep,2,precision,0.6184486373165619
sep28k,deployment_deg_val,clean,SoundRep,2,precision,0.6184486373165619
sep28k,matched_retraining,clean,SoundRep,2,precision,0.6184486373165619
sep28k,majority_vote_fixed,clean,SoundRep,2,precision,0.29350104821802936
sep28k,deployment_fixed,clean,SoundRep,2,recall,0.6371490280777538
sep28k,deployment_clean_val,clean,SoundRep,2,recall,0.6371490280777538
sep28k,deployment_deg_val,clean,SoundRep,2,recall,0.6371490280777538
sep28k,matched_retraining,clean,SoundRep,2,recall,0.6371490280777538
sep28k,majority_vote_fixed,clean,SoundRep,2,recall,0.7608695652173914
sep28k,deployment_fixed,clean,SoundRep,2,auc,0.8339556779119642
sep28k,deployment_clean_val,clean,SoundRep,2,auc,0.8339556779119642
sep28k,deployment_deg_val,clean,SoundRep,2,auc,0.8339556779119642
sep28k,matched_retraining,clean,SoundRep,2,auc,0.8339556779119642
sep28k,majority_vote_fixed,clean,SoundRep,2,auc,0.8590912582577969
sep28k,deployment_fixed,clean,SoundRep,2,pr_auc,0.7051048967820329
sep28k,deployment_clean_val,clean,SoundRep,2,pr_auc,0.7051048967820329
sep28k,deployment_deg_val,clean,SoundRep,2,pr_auc,0.7051048967820329
sep28k,matched_retraining,clean,SoundRep,2,pr_auc,0.7051048967820329
sep28k,majority_vote_fixed,clean,SoundRep,2,pr_auc,0.47853514446414647
sep28k,deployment_fixed,clean,SoundRep,2,ece,0.08311437103056743
sep28k,deployment_clean_val,clean,SoundRep,2,ece,0.08311437103056743
sep28k,deployment_deg_val,clean,SoundRep,2,ece,0.08311437103056743
sep28k,matched_retraining,clean,SoundRep,2,ece,0.08311437103056743
sep28k,majority_vote_fixed,clean,SoundRep,2,ece,0.2575984235634004
sep28k,deployment_fixed,clean,SoundRep,2,brier,0.1498906525529419
sep28k,deployment_clean_val,clean,SoundRep,2,brier,0.1498906525529419
sep28k,deployment_deg_val,clean,SoundRep,2,brier,0.1498906525529419
sep28k,matched_retraining,clean,SoundRep,2,brier,0.1498906525529419
sep28k,majority_vote_fixed,clean,SoundRep,2,brier,0.16570724676426057
sep28k,deployment_fixed,clean,WordRep,2,f1,0.6542827657378741
sep28k,deployment_clean_val,clean,WordRep,2,f1,0.6542827657378741
sep28k,deployment_deg_val,clean,WordRep,2,f1,0.6542827657378741
sep28k,matched_retraining,clean,WordRep,2,f1,0.6542827657378741
sep28k,majority_vote_fixed,clean,WordRep,2,f1,0.5406758448060075
sep28k,deployment_fixed,clean,WordRep,2,precision,0.5784671532846716
sep28k,deployment_clean_val,clean,WordRep,2,precision,0.5784671532846716
sep28k,deployment_deg_val,clean,WordRep,2,precision,0.5784671532846716
sep28k,matched_retraining,clean,WordRep,2,precision,0.5784671532846716
sep28k,majority_vote_fixed,clean,WordRep,2,precision,0.39416058394160586
sep28k,deployment_fixed,clean,WordRep,2,recall,0.7529691211401425
sep28k,deployment_clean_val,clean,WordRep,2,recall,0.7529691211401425
sep28k,deployment_deg_val,clean,WordRep,2,recall,0.7529691211401425
sep28k,matched_retraining,clean,WordRep,2,recall,0.7529691211401425
sep28k,majority_vote_fixed,clean,WordRep,2,recall,0.8605577689243028
sep28k,deployment_fixed,clean,WordRep,2,auc,0.8562279962414656
sep28k,deployment_clean_val,clean,WordRep,2,auc,0.8562279962414656
sep28k,deployment_deg_val,clean,WordRep,2,auc,0.8562279962414656
sep28k,matched_retraining,clean,WordRep,2,auc,0.8562279962414656
sep28k,majority_vote_fixed,clean,WordRep,2,auc,0.8806140423469327
sep28k,deployment_fixed,clean,WordRep,2,pr_auc,0.6884716617448092
sep28k,deployment_clean_val,clean,WordRep,2,pr_auc,0.6884716617448092
sep28k,deployment_deg_val,clean,WordRep,2,pr_auc,0.6884716617448092
sep28k,matched_retraining,clean,WordRep,2,pr_auc,0.6884716617448092
sep28k,majority_vote_fixed,clean,WordRep,2,pr_auc,0.554729988006987
sep28k,deployment_fixed,clean,WordRep,2,ece,0.14988729490456604
sep28k,deployment_clean_val,clean,WordRep,2,ece,0.14988729490456604
sep28k,deployment_deg_val,clean,WordRep,2,ece,0.14988729490456604
sep28k,matched_retraining,clean,WordRep,2,ece,0.14988729490456604
sep28k,majority_vote_fixed,clean,WordRep,2,ece,0.25620374268442847
sep28k,deployment_fixed,clean,WordRep,2,brier,0.1513691373116947
sep28k,deployment_clean_val,clean,WordRep,2,brier,0.1513691373116947
sep28k,deployment_deg_val,clean,WordRep,2,brier,0.1513691373116947
sep28k,matched_retraining,clean,WordRep,2,brier,0.1513691373116947
sep28k,majority_vote_fixed,clean,WordRep,2,brier,0.1684314979859099
sep28k,deployment_fixed,clean,Interjection,2,f1,0.7808219178082192
sep28k,deployment_clean_val,clean,Interjection,2,f1,0.7827450980392157
sep28k,deployment_deg_val,clean,Interjection,2,f1,0.7827450980392157
sep28k,matched_retraining,clean,Interjection,2,f1,0.7808219178082192
sep28k,majority_vote_fixed,clean,Interjection,2,f1,0.7235238987816307
sep28k,deployment_fixed,clean,Interjection,2,precision,0.7953488372093023
sep28k,deployment_clean_val,clean,Interjection,2,precision,0.8234323432343235
sep28k,deployment_deg_val,clean,Interjection,2,precision,0.8234323432343235
sep28k,matched_retraining,clean,Interjection,2,precision,0.7953488372093023
sep28k,majority_vote_fixed,clean,Interjection,2,precision,0.5984496124031008
sep28k,deployment_fixed,clean,Interjection,2,recall,0.7668161434977578
sep28k,deployment_clean_val,clean,Interjection,2,recall,0.7458893871449925
sep28k,deployment_deg_val,clean,Interjection,2,recall,0.7458893871449925
sep28k,matched_retraining,clean,Interjection,2,recall,0.7668161434977578
sep28k,majority_vote_fixed,clean,Interjection,2,recall,0.9146919431279621
sep28k,deployment_fixed,clean,Interjection,2,auc,0.8861324075413473
sep28k,deployment_clean_val,clean,Interjection,2,auc,0.8861324075413473
sep28k,deployment_deg_val,clean,Interjection,2,auc,0.8861324075413473
sep28k,matched_retraining,clean,Interjection,2,auc,0.8861324075413473
sep28k,majority_vote_fixed,clean,Interjection,2,auc,0.9249779542333911
sep28k,deployment_fixed,clean,Interjection,2,pr_auc,0.8801680379697445
sep28k,deployment_clean_val,clean,Interjection,2,pr_auc,0.8801680379697445
sep28k,deployment_deg_val,clean,Interjection,2,pr_auc,0.8801680379697445
sep28k,matched_retraining,clean,Interjection,2,pr_auc,0.8801680379697445
sep28k,majority_vote_fixed,clean,Interjection,2,pr_auc,0.8300922923254743
sep28k,deployment_fixed,clean,Interjection,2,ece,0.06327847376214886
sep28k,deployment_clean_val,clean,Interjection,2,ece,0.06327847376214886
sep28k,deployment_deg_val,clean,Interjection,2,ece,0.06327847376214886
sep28k,matched_retraining,clean,Interjection,2,ece,0.06327847376214886
sep28k,majority_vote_fixed,clean,Interjection,2,ece,0.21048862811982028
sep28k,deployment_fixed,clean,Interjection,2,brier,0.13149932906929657
sep28k,deployment_clean_val,clean,Interjection,2,brier,0.13149932906929657
sep28k,deployment_deg_val,clean,Interjection,2,brier,0.13149932906929657
sep28k,matched_retraining,clean,Interjection,2,brier,0.13149932906929657
sep28k,majority_vote_fixed,clean,Interjection,2,brier,0.14382960393365052
sep28k,deployment_fixed,opus_16k,Block,2,f1,0.6333095067905646
sep28k,deployment_clean_val,opus_16k,Block,2,f1,0.6600110926234054
sep28k,deployment_deg_val,opus_16k,Block,2,f1,0.6612903225806451
sep28k,matched_retraining,opus_16k,Block,2,f1,0.6370056497175142
sep28k,majority_vote_fixed,opus_16k,Block,2,f1,0.35960044395116536
sep28k,deployment_fixed,opus_16k,Block,2,precision,0.6310541310541311
sep28k,deployment_clean_val,opus_16k,Block,2,precision,0.5379746835443038
sep28k,deployment_deg_val,opus_16k,Block,2,precision,0.528804815133276
sep28k,matched_retraining,opus_16k,Block,2,precision,0.627260083449235
sep28k,majority_vote_fixed,opus_16k,Block,2,precision,0.23076923076923078
sep28k,deployment_fixed,opus_16k,Block,2,recall,0.6355810616929699
sep28k,deployment_clean_val,opus_16k,Block,2,recall,0.8536585365853658
sep28k,deployment_deg_val,opus_16k,Block,2,recall,0.8823529411764706
sep28k,matched_retraining,opus_16k,Block,2,recall,0.6470588235294118
sep28k,majority_vote_fixed,opus_16k,Block,2,recall,0.8140703517587939
sep28k,deployment_fixed,opus_16k,Block,2,auc,0.7355168014964355
sep28k,deployment_clean_val,opus_16k,Block,2,auc,0.7355168014964355
sep28k,deployment_deg_val,opus_16k,Block,2,auc,0.7355168014964355
sep28k,matched_retraining,opus_16k,Block,2,auc,0.7340804906679561
sep28k,majority_vote_fixed,opus_16k,Block,2,auc,0.7721715721464464
sep28k,deployment_fixed,opus_16k,Block,2,pr_auc,0.6703224183752972
sep28k,deployment_clean_val,opus_16k,Block,2,pr_auc,0.6703224183752972
sep28k,deployment_deg_val,opus_16k,Block,2,pr_auc,0.6703224183752972
sep28k,matched_retraining,opus_16k,Block,2,pr_auc,0.6685682076974759
sep28k,majority_vote_fixed,opus_16k,Block,2,pr_auc,0.3109662448637593
sep28k,deployment_fixed,opus_16k,Block,2,ece,0.04157007059764949
sep28k,deployment_clean_val,opus_16k,Block,2,ece,0.04157007059764949
sep28k,deployment_deg_val,opus_16k,Block,2,ece,0.04157007059764949
sep28k,matched_retraining,opus_16k,Block,2,ece,0.0445791492637332
sep28k,majority_vote_fixed,opus_16k,Block,2,ece,0.35045413458623814
sep28k,deployment_fixed,opus_16k,Block,2,brier,0.2071980632474559
sep28k,deployment_clean_val,opus_16k,Block,2,brier,0.2071980632474559
sep28k,deployment_deg_val,opus_16k,Block,2,brier,0.2071980632474559
sep28k,matched_retraining,opus_16k,Block,2,brier,0.20813465300838094
sep28k,majority_vote_fixed,opus_16k,Block,2,brier,0.23204894907486864
sep28k,deployment_fixed,opus_16k,Prolongation,2,f1,0.613126079447323
sep28k,deployment_clean_val,opus_16k,Prolongation,2,f1,0.6175732217573222
sep28k,deployment_deg_val,opus_16k,Prolongation,2,f1,0.6117136659436009
sep28k,matched_retraining,opus_16k,Prolongation,2,f1,0.6109704641350211
sep28k,majority_vote_fixed,opus_16k,Prolongation,2,f1,0.3303684879288437
sep28k,deployment_fixed,opus_16k,Prolongation,2,precision,0.5599369085173501
sep28k,deployment_clean_val,opus_16k,Prolongation,2,precision,0.5499254843517138
sep28k,deployment_deg_val,opus_16k,Prolongation,2,precision,0.49243306169965073
sep28k,matched_retraining,opus_16k,Prolongation,2,precision,0.5476550680786687
sep28k,majority_vote_fixed,opus_16k,Prolongation,2,precision,0.20504731861198738
sep28k,deployment_fixed,opus_16k,Prolongation,2,recall,0.6774809160305344
sep28k,deployment_clean_val,opus_16k,Prolongation,2,recall,0.7041984732824428
sep28k,deployment_deg_val,opus_16k,Prolongation,2,recall,0.8072519083969466
sep28k,matched_retraining,opus_16k,Prolongation,2,recall,0.6908396946564885
sep28k,majority_vote_fixed,opus_16k,Prolongation,2,recall,0.8496732026143791
sep28k,deployment_fixed,opus_16k,Prolongation,2,auc,0.7812923841647434
sep28k,deployment_clean_val,opus_16k,Prolongation,2,auc,0.7812923841647434
sep28k,deployment_deg_val,opus_16k,Prolongation,2,auc,0.7812923841647434
sep28k,matched_retraining,opus_16k,Prolongation,2,auc,0.779067992188887
sep28k,majority_vote_fixed,opus_16k,Prolongation,2,auc,0.8462831882407181
sep28k,deployment_fixed,opus_16k,Prolongation,2,pr_auc,0.6557063502643695
sep28k,deployment_clean_val,opus_16k,Prolongation,2,pr_auc,0.6557063502643695
sep28k,deployment_deg_val,opus_16k,Prolongation,2,pr_auc,0.6557063502643695
sep28k,matched_retraining,opus_16k,Prolongation,2,pr_auc,0.6539833521304936
sep28k,majority_vote_fixed,opus_16k,Prolongation,2,pr_auc,0.42355635467657815
sep28k,deployment_fixed,opus_16k,Prolongation,2,ece,0.1252367086238761
sep28k,deployment_clean_val,opus_16k,Prolongation,2,ece,0.1252367086238761
sep28k,deployment_deg_val,opus_16k,Prolongation,2,ece,0.1252367086238761
sep28k,matched_retraining,opus_16k,Prolongation,2,ece,0.13173530989095852
sep28k,majority_vote_fixed,opus_16k,Prolongation,2,ece,0.3553528059240618
sep28k,deployment_fixed,opus_16k,Prolongation,2,brier,0.18714010733262687
sep28k,deployment_clean_val,opus_16k,Prolongation,2,brier,0.18714010733262687
sep28k,deployment_deg_val,opus_16k,Prolongation,2,brier,0.18714010733262687
sep28k,matched_retraining,opus_16k,Prolongation,2,brier,0.19031013196907606
sep28k,majority_vote_fixed,opus_16k,Prolongation,2,brier,0.21991565462090829
sep28k,deployment_fixed,opus_16k,SoundRep,2,f1,0.6343519494204426
sep28k,deployment_clean_val,opus_16k,SoundRep,2,f1,0.6343519494204426
sep28k,deployment_deg_val,opus_16k,SoundRep,2,f1,0.6223224351747464
sep28k,matched_retraining,opus_16k,SoundRep,2,f1,0.6309148264984227
sep28k,majority_vote_fixed,opus_16k,SoundRep,2,f1,0.4298507462686567
sep28k,deployment_fixed,opus_16k,SoundRep,2,precision,0.6193415637860082
sep28k,deployment_clean_val,opus_16k,SoundRep,2,precision,0.6193415637860082
sep28k,deployment_deg_val,opus_16k,SoundRep,2,precision,0.6509433962264151
sep28k,matched_retraining,opus_16k,SoundRep,2,precision,0.6147540983606558
sep28k,majority_vote_fixed,opus_16k,SoundRep,2,precision,0.2962962962962963
sep28k,deployment_fixed,opus_16k,SoundRep,2,recall,0.6501079913606912
sep28k,deployment_clean_val,opus_16k,SoundRep,2,recall,0.6501079913606912
sep28k,deployment_deg_val,opus_16k,SoundRep,2,recall,0.5961123110151187
sep28k,matched_retraining,opus_16k,SoundRep,2,recall,0.6479481641468683
sep28k,majority_vote_fixed,opus_16k,SoundRep,2,recall,0.782608695652174
sep28k,deployment_fixed,opus_16k,SoundRep,2,auc,0.8336704894594349
sep28k,deployment_clean_val,opus_16k,SoundRep,2,auc,0.8336704894594349
sep28k,deployment_deg_val,opus_16k,SoundRep,2,auc,0.8336704894594349
sep28k,matched_retraining,opus_16k,SoundRep,2,auc,0.8356763149088919
sep28k,majority_vote_fixed,opus_16k,SoundRep,2,auc,0.8590182823782455
sep28k,deployment_fixed,opus_16k,SoundRep,2,pr_auc,0.7037012094403724
sep28k,deployment_clean_val,opus_16k,SoundRep,2,pr_auc,0.7037012094403724
sep28k,deployment_deg_val,opus_16k,SoundRep,2,pr_auc,0.7037012094403724
sep28k,matched_retraining,opus_16k,SoundRep,2,pr_auc,0.7050053024692226
sep28k,majority_vote_fixed,opus_16k,SoundRep,2,pr_auc,0.48168148745769696
sep28k,deployment_fixed,opus_16k,SoundRep,2,ece,0.08623272068536628
sep28k,deployment_clean_val,opus_16k,SoundRep,2,ece,0.08623272068536628
sep28k,deployment_deg_val,opus_16k,SoundRep,2,ece,0.08623272068536628
sep28k,matched_retraining,opus_16k,SoundRep,2,ece,0.08461181233293434
sep28k,majority_vote_fixed,opus_16k,SoundRep,2,ece,0.2607167732181993
sep28k,deployment_fixed,opus_16k,SoundRep,2,brier,0.15050842870729514
sep28k,deployment_clean_val,opus_16k,SoundRep,2,brier,0.15050842870729514
sep28k,deployment_deg_val,opus_16k,SoundRep,2,brier,0.15050842870729514
sep28k,matched_retraining,opus_16k,SoundRep,2,brier,0.1498025630320272
sep28k,majority_vote_fixed,opus_16k,SoundRep,2,brier,0.16732514248961766
sep28k,deployment_fixed,opus_16k,WordRep,2,f1,0.6577319587628866
sep28k,deployment_clean_val,opus_16k,WordRep,2,f1,0.6577319587628866
sep28k,deployment_deg_val,opus_16k,WordRep,2,f1,0.6651532349602725
sep28k,matched_retraining,opus_16k,WordRep,2,f1,0.6625129802699896
sep28k,majority_vote_fixed,opus_16k,WordRep,2,f1,0.54
sep28k,deployment_fixed,opus_16k,WordRep,2,precision,0.581056466302368
sep28k,deployment_clean_val,opus_16k,WordRep,2,precision,0.581056466302368
sep28k,deployment_deg_val,opus_16k,WordRep,2,precision,0.6369565217391304
sep28k,matched_retraining,opus_16k,WordRep,2,precision,0.5885608856088561
sep28k,majority_vote_fixed,opus_16k,WordRep,2,precision,0.39344262295081966
sep28k,deployment_fixed,opus_16k,WordRep,2,recall,0.7577197149643705
sep28k,deployment_clean_val,opus_16k,WordRep,2,recall,0.7577197149643705
sep28k,deployment_deg_val,opus_16k,WordRep,2,recall,0.6959619952494062
sep28k,matched_retraining,opus_16k,WordRep,2,recall,0.7577197149643705
sep28k,majority_vote_fixed,opus_16k,WordRep,2,recall,0.8605577689243028
sep28k,deployment_fixed,opus_16k,WordRep,2,auc,0.8562421109090248
sep28k,deployment_clean_val,opus_16k,WordRep,2,auc,0.8562421109090248
sep28k,deployment_deg_val,opus_16k,WordRep,2,auc,0.8562421109090248
sep28k,matched_retraining,opus_16k,WordRep,2,auc,0.8588916356480043
sep28k,majority_vote_fixed,opus_16k,WordRep,2,auc,0.8801322898317709
sep28k,deployment_fixed,opus_16k,WordRep,2,pr_auc,0.6866276166653285
sep28k,deployment_clean_val,opus_16k,WordRep,2,pr_auc,0.6866276166653285
sep28k,deployment_deg_val,opus_16k,WordRep,2,pr_auc,0.6866276166653285
sep28k,matched_retraining,opus_16k,WordRep,2,pr_auc,0.688001820082142
sep28k,majority_vote_fixed,opus_16k,WordRep,2,pr_auc,0.554707125656005
sep28k,deployment_fixed,opus_16k,WordRep,2,ece,0.15073898337636546
sep28k,deployment_clean_val,opus_16k,WordRep,2,ece,0.15073898337636546
sep28k,deployment_deg_val,opus_16k,WordRep,2,ece,0.15073898337636546
sep28k,matched_retraining,opus_16k,WordRep,2,ece,0.14663148273819626
sep28k,majority_vote_fixed,opus_16k,WordRep,2,ece,0.25705543115622786
sep28k,deployment_fixed,opus_16k,WordRep,2,brier,0.1513081774398615
sep28k,deployment_clean_val,opus_16k,WordRep,2,brier,0.1513081774398615
sep28k,deployment_deg_val,opus_16k,WordRep,2,brier,0.1513081774398615
sep28k,matched_retraining,opus_16k,WordRep,2,brier,0.14885338422196354
sep28k,majority_vote_fixed,opus_16k,WordRep,2,brier,0.1687888303590167
sep28k,deployment_fixed,opus_16k,Interjection,2,f1,0.7816793893129771
sep28k,deployment_clean_val,opus_16k,Interjection,2,f1,0.7767295597484277
sep28k,deployment_deg_val,opus_16k,Interjection,2,f1,0.7825421133231241
sep28k,matched_retraining,opus_16k,Interjection,2,f1,0.7795575896262396
sep28k,majority_vote_fixed,opus_16k,Interjection,2,f1,0.7281279397930386
sep28k,deployment_fixed,opus_16k,Interjection,2,precision,0.7987519500780031
sep28k,deployment_clean_val,opus_16k,Interjection,2,precision,0.8192371475953566
sep28k,deployment_deg_val,opus_16k,Interjection,2,precision,0.8021978021978022
sep28k,matched_retraining,opus_16k,Interjection,2,precision,0.7959501557632399
sep28k,majority_vote_fixed,opus_16k,Interjection,2,precision,0.6037441497659907
sep28k,deployment_fixed,opus_16k,Interjection,2,recall,0.7653213751868461
sep28k,deployment_clean_val,opus_16k,Interjection,2,recall,0.7384155455904334
sep28k,deployment_deg_val,opus_16k,Interjection,2,recall,0.7638266068759342
sep28k,matched_retraining,opus_16k,Interjection,2,recall,0.7638266068759342
sep28k,majority_vote_fixed,opus_16k,Interjection,2,recall,0.9170616113744076
sep28k,deployment_fixed,opus_16k,Interjection,2,auc,0.8868090714756417
sep28k,deployment_clean_val,opus_16k,Interjection,2,auc,0.8868090714756417
sep28k,deployment_deg_val,opus_16k,Interjection,2,auc,0.8868090714756417
sep28k,matched_retraining,opus_16k,Interjection,2,auc,0.8837793529099764
sep28k,majority_vote_fixed,opus_16k,Interjection,2,auc,0.926179901508776
sep28k,deployment_fixed,opus_16k,Interjection,2,pr_auc,0.8795491776932494
sep28k,deployment_clean_val,opus_16k,Interjection,2,pr_auc,0.8795491776932494
sep28k,deployment_deg_val,opus_16k,Interjection,2,pr_auc,0.8795491776932494
sep28k,matched_retraining,opus_16k,Interjection,2,pr_auc,0.8771407555906985
sep28k,majority_vote_fixed,opus_16k,Interjection,2,pr_auc,0.8288881541836762
sep28k,deployment_fixed,opus_16k,Interjection,2,ece,0.06254985387010684
sep28k,deployment_clean_val,opus_16k,Interjection,2,ece,0.06254985387010684
sep28k,deployment_deg_val,opus_16k,Interjection,2,ece,0.06254985387010684
sep28k,matched_retraining,opus_16k,Interjection,2,ece,0.06004649238525199
sep28k,majority_vote_fixed,opus_16k,Interjection,2,ece,0.21103042285226054
sep28k,deployment_fixed,opus_16k,Interjection,2,brier,0.13140119414286971
sep28k,deployment_clean_val,opus_16k,Interjection,2,brier,0.13140119414286971
sep28k,deployment_deg_val,opus_16k,Interjection,2,brier,0.13140119414286971
sep28k,matched_retraining,opus_16k,Interjection,2,brier,0.132614983804124
sep28k,majority_vote_fixed,opus_16k,Interjection,2,brier,0.1438024366539463
sep28k,deployment_fixed,opus_8k,Block,2,f1,0.6136534133533383
sep28k,deployment_clean_val,opus_8k,Block,2,f1,0.6599552572706935
sep28k,deployment_deg_val,opus_8k,Block,2,f1,0.6604086140254003
sep28k,matched_retraining,opus_8k,Block,2,f1,0.6251788268955651
sep28k,majority_vote_fixed,opus_8k,Block,2,f1,0.34970059880239523
sep28k,deployment_fixed,opus_8k,Block,2,precision,0.6430817610062893
sep28k,deployment_clean_val,opus_8k,Block,2,precision,0.5407882676443629
sep28k,deployment_deg_val,opus_8k,Block,2,precision,0.5368043087971275
sep28k,matched_retraining,opus_8k,Block,2,precision,0.62339514978602
sep28k,majority_vote_fixed,opus_8k,Block,2,precision,0.22955974842767296
sep28k,deployment_fixed,opus_8k,Block,2,recall,0.5868005738880918
sep28k,deployment_clean_val,opus_8k,Block,2,recall,0.8464849354375896
sep28k,deployment_deg_val,opus_8k,Block,2,recall,0.8579626972740315
sep28k,matched_retraining,opus_8k,Block,2,recall,0.6269727403156384
sep28k,majority_vote_fixed,opus_8k,Block,2,recall,0.7336683417085427
sep28k,deployment_fixed,opus_8k,Block,2,auc,0.7261624892236922
sep28k,deployment_clean_val,opus_8k,Block,2,auc,0.7261624892236922
sep28k,deployment_deg_val,opus_8k,Block,2,auc,0.7261624892236922
sep28k,matched_retraining,opus_8k,Block,2,auc,0.7257362087120283
sep28k,majority_vote_fixed,opus_8k,Block,2,auc,0.7548061737257716
sep28k,deployment_fixed,opus_8k,Block,2,pr_auc,0.6616595137274826
sep28k,deployment_clean_val,opus_8k,Block,2,pr_auc,0.6616595137274826
sep28k,deployment_deg_val,opus_8k,Block,2,pr_auc,0.6616595137274826
sep28k,matched_retraining,opus_8k,Block,2,pr_auc,0.6560956921406411
sep28k,majority_vote_fixed,opus_8k,Block,2,pr_auc,0.2983927023055334
sep28k,deployment_fixed,opus_8k,Block,2,ece,0.029370228812807934
sep28k,deployment_clean_val,opus_8k,Block,2,ece,0.029370228812807934
sep28k,deployment_deg_val,opus_8k,Block,2,ece,0.029370228812807934
sep28k,matched_retraining,opus_8k,Block,2,ece,0.041649327678999856
sep28k,majority_vote_fixed,opus_8k,Block,2,ece,0.32967697136020135
sep28k,deployment_fixed,opus_8k,Block,2,brier,0.20915901570679746
sep28k,deployment_clean_val,opus_8k,Block,2,brier,0.20915901570679746
sep28k,deployment_deg_val,opus_8k,Block,2,brier,0.20915901570679746
sep28k,matched_retraining,opus_8k,Block,2,brier,0.21076550211725212
sep28k,majority_vote_fixed,opus_8k,Block,2,brier,0.21687882487974727
sep28k,deployment_fixed,opus_8k,Prolongation,2,f1,0.6040515653775322
sep28k,deployment_clean_val,opus_8k,Prolongation,2,f1,0.6090026478375993
sep28k,deployment_deg_val,opus_8k,Prolongation,2,f1,0.614516129032258
sep28k,matched_retraining,opus_8k,Prolongation,2,f1,0.626057529610829
sep28k,majority_vote_fixed,opus_8k,Prolongation,2,f1,0.3384615384615385
sep28k,deployment_fixed,opus_8k,Prolongation,2,precision,0.5836298932384342
sep28k,deployment_clean_val,opus_8k,Prolongation,2,precision,0.5665024630541872
sep28k,deployment_deg_val,opus_8k,Prolongation,2,precision,0.5321229050279329
sep28k,matched_retraining,opus_8k,Prolongation,2,precision,0.5623100303951368
sep28k,majority_vote_fixed,opus_8k,Prolongation,2,precision,0.21530249110320285
sep28k,deployment_fixed,opus_8k,Prolongation,2,recall,0.6259541984732825
sep28k,deployment_clean_val,opus_8k,Prolongation,2,recall,0.6583969465648855
sep28k,deployment_deg_val,opus_8k,Prolongation,2,recall,0.7270992366412213
sep28k,matched_retraining,opus_8k,Prolongation,2,recall,0.7061068702290076
sep28k,majority_vote_fixed,opus_8k,Prolongation,2,recall,0.7908496732026143
sep28k,deployment_fixed,opus_8k,Prolongation,2,auc,0.7802822652227942
sep28k,deployment_clean_val,opus_8k,Prolongation,2,auc,0.7802822652227942
sep28k,deployment_deg_val,opus_8k,Prolongation,2,auc,0.7802822652227942
sep28k,matched_retraining,opus_8k,Prolongation,2,auc,0.7813030356825847
sep28k,majority_vote_fixed,opus_8k,Prolongation,2,auc,0.8270866668474675
sep28k,deployment_fixed,opus_8k,Prolongation,2,pr_auc,0.6505662055252339
sep28k,deployment_clean_val,opus_8k,Prolongation,2,pr_auc,0.6505662055252339
sep28k,deployment_deg_val,opus_8k,Prolongation,2,pr_auc,0.6505662055252339
sep28k,matched_retraining,opus_8k,Prolongation,2,pr_auc,0.6530788255966911
sep28k,majority_vote_fixed,opus_8k,Prolongation,2,pr_auc,0.38838478542839033
sep28k,deployment_fixed,opus_8k,Prolongation,2,ece,0.09889533148742377
sep28k,deployment_clean_val,opus_8k,Prolongation,2,ece,0.09889533148742377
sep28k,deployment_deg_val,opus_8k,Prolongation,2,ece,0.09889533148742377
sep28k,matched_retraining,opus_8k,Prolongation,2,ece,0.1301326088713076
sep28k,majority_vote_fixed,opus_8k,Prolongation,2,ece,0.3309153439952412
sep28k,deployment_fixed,opus_8k,Prolongation,2,brier,0.18169208617363589
sep28k,deployment_clean_val,opus_8k,Prolongation,2,brier,0.18169208617363589
sep28k,deployment_deg_val,opus_8k,Prolongation,2,brier,0.18169208617363589
sep28k,matched_retraining,opus_8k,Prolongation,2,brier,0.18904049806393786
sep28k,majority_vote_fixed,opus_8k,Prolongation,2,brier,0.20332210178784885
sep28k,deployment_fixed,opus_8k,SoundRep,2,f1,0.61328125
sep28k,deployment_clean_val,opus_8k,SoundRep,2,f1,0.61328125
sep28k,deployment_deg_val,opus_8k,SoundRep,2,f1,0.6130952380952381
sep28k,matched_retraining,opus_8k,SoundRep,2,f1,0.6251298026998962
sep28k,majority_vote_fixed,opus_8k,SoundRep,2,f1,0.4
sep28k,deployment_fixed,opus_8k,SoundRep,2,precision,0.5597147950089126
sep28k,deployment_clean_val,opus_8k,SoundRep,2,precision,0.5597147950089126
sep28k,deployment_deg_val,opus_8k,SoundRep,2,precision,0.5669724770642202
sep28k,matched_retraining,opus_8k,SoundRep,2,precision,0.602
sep28k,majority_vote_fixed,opus_8k,SoundRep,2,precision,0.26559714795008915
sep28k,deployment_fixed,opus_8k,SoundRep,2,recall,0.6781857451403888
sep28k,deployment_clean_val,opus_8k,SoundRep,2,recall,0.6781857451403888
sep28k,deployment_deg_val,opus_8k,SoundRep,2,recall,0.6673866090712743
sep28k,matched_retraining,opus_8k,SoundRep,2,recall,0.6501079913606912
sep28k,majority_vote_fixed,opus_8k,SoundRep,2,recall,0.8097826086956522
sep28k,deployment_fixed,opus_8k,SoundRep,2,auc,0.8182817205609466
sep28k,deployment_clean_val,opus_8k,SoundRep,2,auc,0.8182817205609466
sep28k,deployment_deg_val,opus_8k,SoundRep,2,auc,0.8182817205609466
sep28k,matched_retraining,opus_8k,SoundRep,2,auc,0.8245653727983453
sep28k,majority_vote_fixed,opus_8k,SoundRep,2,auc,0.8526424950069135
sep28k,deployment_fixed,opus_8k,SoundRep,2,pr_auc,0.685385855395264
sep28k,deployment_clean_val,opus_8k,SoundRep,2,pr_auc,0.685385855395264
sep28k,deployment_deg_val,opus_8k,SoundRep,2,pr_auc,0.685385855395264
sep28k,matched_retraining,opus_8k,SoundRep,2,pr_auc,0.6862654034989152
sep28k,majority_vote_fixed,opus_8k,SoundRep,2,pr_auc,0.46686505456468097
sep28k,deployment_fixed,opus_8k,SoundRep,2,ece,0.12789191410537315
sep28k,deployment_clean_val,opus_8k,SoundRep,2,ece,0.12789191410537315
sep28k,deployment_deg_val,opus_8k,SoundRep,2,ece,0.12789191410537315
sep28k,matched_retraining,opus_8k,SoundRep,2,ece,0.09435417797674188
sep28k,majority_vote_fixed,opus_8k,SoundRep,2,ece,0.30237596663820615
sep28k,deployment_fixed,opus_8k,SoundRep,2,brier,0.1658270544071114
sep28k,deployment_clean_val,opus_8k,SoundRep,2,brier,0.1658270544071114
sep28k,deployment_deg_val,opus_8k,SoundRep,2,brier,0.1658270544071114
sep28k,matched_retraining,opus_8k,SoundRep,2,brier,0.15581909856222728
sep28k,majority_vote_fixed,opus_8k,SoundRep,2,brier,0.1905050364187367
sep28k,deployment_fixed,opus_8k,WordRep,2,f1,0.6253869969040248
sep28k,deployment_clean_val,opus_8k,WordRep,2,f1,0.6253869969040248
sep28k,deployment_deg_val,opus_8k,WordRep,2,f1,0.6244444444444445
sep28k,matched_retraining,opus_8k,WordRep,2,f1,0.6297071129707112
sep28k,majority_vote_fixed,opus_8k,WordRep,2,f1,0.5181476846057572
sep28k,deployment_fixed,opus_8k,WordRep,2,precision,0.5529197080291971
sep28k,deployment_clean_val,opus_8k,WordRep,2,precision,0.5529197080291971
sep28k,deployment_deg_val,opus_8k,WordRep,2,precision,0.5866388308977035
sep28k,matched_retraining,opus_8k,WordRep,2,precision,0.5626168224299065
sep28k,majority_vote_fixed,opus_8k,WordRep,2,precision,0.3777372262773723
sep28k,deployment_fixed,opus_8k,WordRep,2,recall,0.7197149643705463
sep28k,deployment_clean_val,opus_8k,WordRep,2,recall,0.7197149643705463
sep28k,deployment_deg_val,opus_8k,WordRep,2,recall,0.667458432304038
sep28k,matched_retraining,opus_8k,WordRep,2,recall,0.7149643705463183
sep28k,majority_vote_fixed,opus_8k,WordRep,2,recall,0.8247011952191236
sep28k,deployment_fixed,opus_8k,WordRep,2,auc,0.8440208251837932
sep28k,deployment_clean_val,opus_8k,WordRep,2,auc,0.8440208251837932
sep28k,deployment_deg_val,opus_8k,WordRep,2,auc,0.8440208251837932
sep28k,matched_retraining,opus_8k,WordRep,2,auc,0.8499751985127174
sep28k,majority_vote_fixed,opus_8k,WordRep,2,auc,0.8769314433660019
sep28k,deployment_fixed,opus_8k,WordRep,2,pr_auc,0.6804208914624236
sep28k,deployment_clean_val,opus_8k,WordRep,2,pr_auc,0.6804208914624236
sep28k,deployment_deg_val,opus_8k,WordRep,2,pr_auc,0.6804208914624236
sep28k,matched_retraining,opus_8k,WordRep,2,pr_auc,0.6845710363598592
sep28k,majority_vote_fixed,opus_8k,WordRep,2,pr_auc,0.5674216618214574
sep28k,deployment_fixed,opus_8k,WordRep,2,ece,0.15907791474549854
sep28k,deployment_clean_val,opus_8k,WordRep,2,ece,0.15907791474549854
sep28k,deployment_deg_val,opus_8k,WordRep,2,ece,0.15907791474549854
sep28k,matched_retraining,opus_8k,WordRep,2,ece,0.14980236076349268
sep28k,majority_vote_fixed,opus_8k,WordRep,2,ece,0.26539436252536097
sep28k,deployment_fixed,opus_8k,WordRep,2,brier,0.1587444156244218
sep28k,deployment_clean_val,opus_8k,WordRep,2,brier,0.1587444156244218
sep28k,deployment_deg_val,opus_8k,WordRep,2,brier,0.1587444156244218
sep28k,matched_retraining,opus_8k,WordRep,2,brier,0.15384412637241754
sep28k,majority_vote_fixed,opus_8k,WordRep,2,brier,0.17234940834412427
sep28k,deployment_fixed,opus_8k,Interjection,2,f1,0.7877428998505231
sep28k,deployment_clean_val,opus_8k,Interjection,2,f1,0.7788983708301008
sep28k,deployment_deg_val,opus_8k,Interjection,2,f1,0.7806955287437899
sep28k,matched_retraining,opus_8k,Interjection,2,f1,0.783206106870229
sep28k,majority_vote_fixed,opus_8k,Interjection,2,f1,0.7131072410632447
sep28k,deployment_fixed,opus_8k,Interjection,2,precision,0.7877428998505231
sep28k,deployment_clean_val,opus_8k,Interjection,2,precision,0.8096774193548387
sep28k,deployment_deg_val,opus_8k,Interjection,2,precision,0.7432432432432432
sep28k,matched_retraining,opus_8k,Interjection,2,precision,0.8003120124804992
sep28k,majority_vote_fixed,opus_8k,Interjection,2,precision,0.5814648729446936
sep28k,deployment_fixed,opus_8k,Interjection,2,recall,0.7877428998505231
sep28k,deployment_clean_val,opus_8k,Interjection,2,recall,0.750373692077728
sep28k,deployment_deg_val,opus_8k,Interjection,2,recall,0.8221225710014948
sep28k,matched_retraining,opus_8k,Interjection,2,recall,0.7668161434977578
sep28k,majority_vote_fixed,opus_8k,Interjection,2,recall,0.9218009478672986
sep28k,deployment_fixed,opus_8k,Interjection,2,auc,0.8863172444830191
sep28k,deployment_clean_val,opus_8k,Interjection,2,auc,0.8863172444830191
sep28k,deployment_deg_val,opus_8k,Interjection,2,auc,0.8863172444830191
sep28k,matched_retraining,opus_8k,Interjection,2,auc,0.8846488901747109
sep28k,majority_vote_fixed,opus_8k,Interjection,2,auc,0.9272107172625398
sep28k,deployment_fixed,opus_8k,Interjection,2,pr_auc,0.8771794978890675
sep28k,deployment_clean_val,opus_8k,Interjection,2,pr_auc,0.8771794978890675
sep28k,deployment_deg_val,opus_8k,Interjection,2,pr_auc,0.8771794978890675
sep28k,matched_retraining,opus_8k,Interjection,2,pr_auc,0.8755353659505811
sep28k,majority_vote_fixed,opus_8k,Interjection,2,pr_auc,0.8282817863658598
sep28k,deployment_fixed,opus_8k,Interjection,2,ece,0.06892451213035763
sep28k,deployment_clean_val,opus_8k,Interjection,2,ece,0.06892451213035763
sep28k,deployment_deg_val,opus_8k,Interjection,2,ece,0.06892451213035763
sep28k,matched_retraining,opus_8k,Interjection,2,ece,0.059076793428820475
sep28k,majority_vote_fixed,opus_8k,Interjection,2,ece,0.22087110480839203
sep28k,deployment_fixed,opus_8k,Interjection,2,brier,0.13411118983217873
sep28k,deployment_clean_val,opus_8k,Interjection,2,brier,0.13411118983217873
sep28k,deployment_deg_val,opus_8k,Interjection,2,brier,0.13411118983217873
sep28k,matched_retraining,opus_8k,Interjection,2,brier,0.1330485646874962
sep28k,majority_vote_fixed,opus_8k,Interjection,2,brier,0.1482670387717853
sep28k,deployment_fixed,opus_16k_voip,Block,2,f1,0.6440198159943383
sep28k,deployment_clean_val,opus_16k_voip,Block,2,f1,0.6629650194336479
sep28k,deployment_deg_val,opus_16k_voip,Block,2,f1,0.662020905923345
sep28k,matched_retraining,opus_16k_voip,Block,2,f1,0.6406803685329554
sep28k,majority_vote_fixed,opus_16k_voip,Block,2,f1,0.3584699453551913
sep28k,deployment_fixed,opus_16k_voip,Block,2,precision,0.6354748603351955
sep28k,deployment_clean_val,opus_16k_voip,Block,2,precision,0.5407608695652174
sep28k,deployment_deg_val,opus_16k_voip,Block,2,precision,0.5560975609756098
sep28k,matched_retraining,opus_16k_voip,Block,2,precision,0.6330532212885154
sep28k,majority_vote_fixed,opus_16k_voip,Block,2,precision,0.22905027932960895
sep28k,deployment_fixed,opus_16k_voip,Block,2,recall,0.6527977044476327
sep28k,deployment_clean_val,opus_16k_voip,Block,2,recall,0.8565279770444764
sep28k,deployment_deg_val,opus_16k_voip,Block,2,recall,0.8177905308464849
sep28k,matched_retraining,opus_16k_voip,Block,2,recall,0.648493543758967
sep28k,majority_vote_fixed,opus_16k_voip,Block,2,recall,0.8241206030150754
sep28k,deployment_fixed,opus_16k_voip,Block,2,auc,0.7325996430696013
sep28k,deployment_clean_val,opus_16k_voip,Block,2,auc,0.7325996430696013
sep28k,deployment_deg_val,opus_16k_voip,Block,2,auc,0.7325996430696013
sep28k,matched_retraining,opus_16k_voip,Block,2,auc,0.7335253716434387
sep28k,majority_vote_fixed,opus_16k_voip,Block,2,auc,0.7694687724335965
sep28k,deployment_fixed,opus_16k_voip,Block,2,pr_auc,0.6691032807612968
sep28k,deployment_clean_val,opus_16k_voip,Block,2,pr_auc,0.6691032807612968
sep28k,deployment_deg_val,opus_16k_voip,Block,2,pr_auc,0.6691032807612968
sep28k,matched_retraining,opus_16k_voip,Block,2,pr_auc,0.6715266183086603
sep28k,majority_vote_fixed,opus_16k_voip,Block,2,pr_auc,0.3169969730467088
sep28k,deployment_fixed,opus_16k_voip,Block,2,ece,0.041465966478971515
sep28k,deployment_clean_val,opus_16k_voip,Block,2,ece,0.041465966478971515
sep28k,deployment_deg_val,opus_16k_voip,Block,2,ece,0.041465966478971515
sep28k,matched_retraining,opus_16k_voip,Block,2,ece,0.04734531960158028
sep28k,majority_vote_fixed,opus_16k_voip,Block,2,ece,0.35108330833087864
sep28k,deployment_fixed,opus_16k_voip,Block,2,brier,0.20818943482940186
sep28k,deployment_clean_val,opus_16k_voip,Block,2,brier,0.20818943482940186
sep28k,deployment_deg_val,opus_16k_voip,Block,2,brier,0.20818943482940186
sep28k,matched_retraining,opus_16k_voip,Block,2,brier,0.20813851932637337
sep28k,majority_vote_fixed,opus_16k_voip,Block,2,brier,0.2327979242752569
sep28k,deployment_fixed,opus_16k_voip,Prolongation,2,f1,0.6222222222222222
sep28k,deployment_clean_val,opus_16k_voip,Prolongation,2,f1,0.6248969497114591
sep28k,deployment_deg_val,opus_16k_voip,Prolongation,2,f1,0.612681436210848
sep28k,matched_retraining,opus_16k_voip,Prolongation,2,f1,0.6168067226890757
sep28k,majority_vote_fixed,opus_16k_voip,Prolongation,2,f1,0.32540675844806005
sep28k,deployment_fixed,opus_16k_voip,Prolongation,2,precision,0.5634674922600619
sep28k,deployment_clean_val,opus_16k_voip,Prolongation,2,precision,0.5500725689404935
sep28k,deployment_deg_val,opus_16k_voip,Prolongation,2,precision,0.510828025477707
sep28k,matched_retraining,opus_16k_voip,Prolongation,2,precision,0.551051051051051
sep28k,majority_vote_fixed,opus_16k_voip,Prolongation,2,precision,0.20123839009287925
sep28k,deployment_fixed,opus_16k_voip,Prolongation,2,recall,0.6946564885496184
sep28k,deployment_clean_val,opus_16k_voip,Prolongation,2,recall,0.7232824427480916
sep28k,deployment_deg_val,opus_16k_voip,Prolongation,2,recall,0.7652671755725191
sep28k,matched_retraining,opus_16k_voip,Prolongation,2,recall,0.700381679389313
sep28k,majority_vote_fixed,opus_16k_voip,Prolongation,2,recall,0.8496732026143791
sep28k,deployment_fixed,opus_16k_voip,Prolongation,2,auc,0.7828830108290432
sep28k,deployment_clean_val,opus_16k_voip,Prolongation,2,auc,0.7828830108290432
sep28k,deployment_deg_val,opus_16k_voip,Prolongation,2,auc,0.7828830108290432
sep28k,matched_retraining,opus_16k_voip,Prolongation,2,auc,0.7814663589561512
sep28k,majority_vote_fixed,opus_16k_voip,Prolongation,2,auc,0.8485115576890045
sep28k,deployment_fixed,opus_16k_voip,Prolongation,2,pr_auc,0.6580155847948306
sep28k,deployment_clean_val,opus_16k_voip,Prolongation,2,pr_auc,0.6580155847948306
sep28k,deployment_deg_val,opus_16k_voip,Prolongation,2,pr_auc,0.6580155847948306
sep28k,matched_retraining,opus_16k_voip,Prolongation,2,pr_auc,0.6561825162629316
sep28k,majority_vote_fixed,opus_16k_voip,Prolongation,2,pr_auc,0.43348651116915954
sep28k,deployment_fixed,opus_16k_voip,Prolongation,2,ece,0.12574844976407445
sep28k,deployment_clean_val,opus_16k_voip,Prolongation,2,ece,0.12574844976407445
sep28k,deployment_deg_val,opus_16k_voip,Prolongation,2,ece,0.12574844976407445
sep28k,matched_retraining,opus_16k_voip,Prolongation,2,ece,0.1331535316897583
sep28k,majority_vote_fixed,opus_16k_voip,Prolongation,2,ece,0.3560592530075932
sep28k,deployment_fixed,opus_16k_voip,Prolongation,2,brier,0.18665663752650474
sep28k,deployment_clean_val,opus_16k_voip,Prolongation,2,brier,0.18665663752650474
sep28k,deployment_deg_val,opus_16k_voip,Prolongation,2,brier,0.18665663752650474
sep28k,matched_retraining,opus_16k_voip,Prolongation,2,brier,0.18997896565379405
sep28k,majority_vote_fixed,opus_16k_voip,Prolongation,2,brier,0.21968769162063184
sep28k,deployment_fixed,opus_16k_voip,SoundRep,2,f1,0.631578947368421
sep28k,deployment_clean_val,opus_16k_voip,SoundRep,2,f1,0.631578947368421
sep28k,deployment_deg_val,opus_16k_voip,SoundRep,2,f1,0.6383399209486166
sep28k,matched_retraining,opus_16k_voip,SoundRep,2,f1,0.6284501061571125
sep28k,majority_vote_fixed,opus_16k_voip,SoundRep,2,f1,0.4262295081967213
sep28k,deployment_fixed,opus_16k_voip,SoundRep,2,precision,0.6160164271047228
sep28k,deployment_clean_val,opus_16k_voip,SoundRep,2,precision,0.6160164271047228
sep28k,deployment_deg_val,opus_16k_voip,SoundRep,2,precision,0.5883424408014571
sep28k,matched_retraining,opus_16k_voip,SoundRep,2,precision,0.6179540709812108
sep28k,majority_vote_fixed,opus_16k_voip,SoundRep,2,precision,0.2936344969199179
sep28k,deployment_fixed,opus_16k_voip,SoundRep,2,recall,0.6479481641468683
sep28k,deployment_clean_val,opus_16k_voip,SoundRep,2,recall,0.6479481641468683
sep28k,deployment_deg_val,opus_16k_voip,SoundRep,2,recall,0.6976241900647948
sep28k,matched_retraining,opus_16k_voip,SoundRep,2,recall,0.6393088552915767
sep28k,majority_vote_fixed,opus_16k_voip,SoundRep,2,recall,0.7771739130434783
sep28k,deployment_fixed,opus_16k_voip,SoundRep,2,auc,0.8333187570346484
sep28k,deployment_clean_val,opus_16k_voip,SoundRep,2,auc,0.8333187570346484
sep28k,deployment_deg_val,opus_16k_voip,SoundRep,2,auc,0.8333187570346484
sep28k,matched_retraining,opus_16k_voip,SoundRep,2,auc,0.8358512304931099
sep28k,majority_vote_fixed,opus_16k_voip,SoundRep,2,auc,0.8593601167614072
sep28k,deployment_fixed,opus_16k_voip,SoundRep,2,pr_auc,0.7055986755829231
sep28k,deployment_clean_val,opus_16k_voip,SoundRep,2,pr_auc,0.7055986755829231
sep28k,deployment_deg_val,opus_16k_voip,SoundRep,2,pr_auc,0.7055986755829231
sep28k,matched_retraining,opus_16k_voip,SoundRep,2,pr_auc,0.7082482935779812
sep28k,majority_vote_fixed,opus_16k_voip,SoundRep,2,pr_auc,0.47751370726724335
sep28k,deployment_fixed,opus_16k_voip,SoundRep,2,ece,0.08692187850552421
sep28k,deployment_clean_val,opus_16k_voip,SoundRep,2,ece,0.08692187850552421
sep28k,deployment_deg_val,opus_16k_voip,SoundRep,2,ece,0.08692187850552421
sep28k,matched_retraining,opus_16k_voip,SoundRep,2,ece,0.08405497397650359
sep28k,majority_vote_fixed,opus_16k_voip,SoundRep,2,ece,0.26140593103835724
sep28k,deployment_fixed,opus_16k_voip,SoundRep,2,brier,0.15043234399677843
sep28k,deployment_clean_val,opus_16k_voip,SoundRep,2,brier,0.15043234399677843
sep28k,deployment_deg_val,opus_16k_voip,SoundRep,2,brier,0.15043234399677843
sep28k,matched_retraining,opus_16k_voip,SoundRep,2,brier,0.14900141814997178
sep28k,majority_vote_fixed,opus_16k_voip,SoundRep,2,brier,0.16749438012711126
sep28k,deployment_fixed,opus_16k_voip,WordRep,2,f1,0.6591375770020534
sep28k,deployment_clean_val,opus_16k_voip,WordRep,2,f1,0.6591375770020534
sep28k,deployment_deg_val,opus_16k_voip,WordRep,2,f1,0.6631908237747653
sep28k,matched_retraining,opus_16k_voip,WordRep,2,f1,0.656964656964657
sep28k,majority_vote_fixed,opus_16k_voip,WordRep,2,f1,0.5398009950248757
sep28k,deployment_fixed,opus_16k_voip,WordRep,2,precision,0.5804701627486437
sep28k,deployment_clean_val,opus_16k_voip,WordRep,2,precision,0.5804701627486437
sep28k,deployment_deg_val,opus_16k_voip,WordRep,2,precision,0.5910780669144982
sep28k,matched_retraining,opus_16k_voip,WordRep,2,precision,0.5841035120147874
sep28k,majority_vote_fixed,opus_16k_voip,WordRep,2,precision,0.3924050632911392
sep28k,deployment_fixed,opus_16k_voip,WordRep,2,recall,0.7624703087885986
sep28k,deployment_clean_val,opus_16k_voip,WordRep,2,recall,0.7624703087885986
sep28k,deployment_deg_val,opus_16k_voip,WordRep,2,recall,0.7553444180522565
sep28k,matched_retraining,opus_16k_voip,WordRep,2,recall,0.7505938242280285
sep28k,majority_vote_fixed,opus_16k_voip,WordRep,2,recall,0.8645418326693227
sep28k,deployment_fixed,opus_16k_voip,WordRep,2,auc,0.8584399662861084
sep28k,deployment_clean_val,opus_16k_voip,WordRep,2,auc,0.8584399662861084
sep28k,deployment_deg_val,opus_16k_voip,WordRep,2,auc,0.8584399662861084
sep28k,matched_retraining,opus_16k_voip,WordRep,2,auc,0.86142219390327
sep28k,majority_vote_fixed,opus_16k_voip,WordRep,2,auc,0.8825972076087343
sep28k,deployment_fixed,opus_16k_voip,WordRep,2,pr_auc,0.6933611326029844
sep28k,deployment_clean_val,opus_16k_voip,WordRep,2,pr_auc,0.6933611326029844
sep28k,deployment_deg_val,opus_16k_voip,WordRep,2,pr_auc,0.6933611326029844
sep28k,matched_retraining,opus_16k_voip,WordRep,2,pr_auc,0.6967100208944522
sep28k,majority_vote_fixed,opus_16k_voip,WordRep,2,pr_auc,0.5614414367847136
sep28k,deployment_fixed,opus_16k_voip,WordRep,2,ece,0.15139556277681704
sep28k,deployment_clean_val,opus_16k_voip,WordRep,2,ece,0.15139556277681704
sep28k,deployment_deg_val,opus_16k_voip,WordRep,2,ece,0.15139556277681704
sep28k,matched_retraining,opus_16k_voip,WordRep,2,ece,0.14741981700665568
sep28k,majority_vote_fixed,opus_16k_voip,WordRep,2,ece,0.25771201055667947
sep28k,deployment_fixed,opus_16k_voip,WordRep,2,brier,0.15075016724316373
sep28k,deployment_clean_val,opus_16k_voip,WordRep,2,brier,0.15075016724316373
sep28k,deployment_deg_val,opus_16k_voip,WordRep,2,brier,0.15075016724316373
sep28k,matched_retraining,opus_16k_voip,WordRep,2,brier,0.14860635747678363
sep28k,majority_vote_fixed,opus_16k_voip,WordRep,2,brier,0.1683744723304258
sep28k,deployment_fixed,opus_16k_voip,Interjection,2,f1,0.7802281368821293
sep28k,deployment_clean_val,opus_16k_voip,Interjection,2,f1,0.7817896389324961
sep28k,deployment_deg_val,opus_16k_voip,Interjection,2,f1,0.7802281368821293
sep28k,matched_retraining,opus_16k_voip,Interjection,2,f1,0.7780320366132724
sep28k,majority_vote_fixed,opus_16k_voip,Interjection,2,f1,0.7209737827715356
sep28k,deployment_fixed,opus_16k_voip,Interjection,2,precision,0.7941176470588235
sep28k,deployment_clean_val,opus_16k_voip,Interjection,2,precision,0.8231404958677686
sep28k,deployment_deg_val,opus_16k_voip,Interjection,2,precision,0.7941176470588235
sep28k,matched_retraining,opus_16k_voip,Interjection,2,precision,0.794392523364486
sep28k,majority_vote_fixed,opus_16k_voip,Interjection,2,precision,0.5959752321981424
sep28k,deployment_fixed,opus_16k_voip,Interjection,2,recall,0.7668161434977578
sep28k,deployment_clean_val,opus_16k_voip,Interjection,2,recall,0.7443946188340808
sep28k,deployment_deg_val,opus_16k_voip,Interjection,2,recall,0.7668161434977578
sep28k,matched_retraining,opus_16k_voip,Interjection,2,recall,0.7623318385650224
sep28k,majority_vote_fixed,opus_16k_voip,Interjection,2,recall,0.9123222748815166
sep28k,deployment_fixed,opus_16k_voip,Interjection,2,auc,0.8886767282254047
sep28k,deployment_clean_val,opus_16k_voip,Interjection,2,auc,0.8886767282254047
sep28k,deployment_deg_val,opus_16k_voip,Interjection,2,auc,0.8886767282254047
sep28k,matched_retraining,opus_16k_voip,Interjection,2,auc,0.8860182908208367
sep28k,majority_vote_fixed,opus_16k_voip,Interjection,2,auc,0.927559020241839
sep28k,deployment_fixed,opus_16k_voip,Interjection,2,pr_auc,0.8820919331920726
sep28k,deployment_clean_val,opus_16k_voip,Interjection,2,pr_auc,0.8820919331920726
sep28k,deployment_deg_val,opus_16k_voip,Interjection,2,pr_auc,0.8820919331920726
sep28k,matched_retraining,opus_16k_voip,Interjection,2,pr_auc,0.8799357898393939
sep28k,majority_vote_fixed,opus_16k_voip,Interjection,2,pr_auc,0.8304953893392953
sep28k,deployment_fixed,opus_16k_voip,Interjection,2,ece,0.06558420770294567
sep28k,deployment_clean_val,opus_16k_voip,Interjection,2,ece,0.06558420770294567
sep28k,deployment_deg_val,opus_16k_voip,Interjection,2,ece,0.06558420770294567
sep28k,matched_retraining,opus_16k_voip,Interjection,2,ece,0.06116469429584795
sep28k,majority_vote_fixed,opus_16k_voip,Interjection,2,ece,0.21181189833118566
sep28k,deployment_fixed,opus_16k_voip,Interjection,2,brier,0.1303492184050526
sep28k,deployment_clean_val,opus_16k_voip,Interjection,2,brier,0.1303492184050526
sep28k,deployment_deg_val,opus_16k_voip,Interjection,2,brier,0.1303492184050526
sep28k,matched_retraining,opus_16k_voip,Interjection,2,brier,0.1312669932417452
sep28k,majority_vote_fixed,opus_16k_voip,Interjection,2,brier,0.14347877026080758
sep28k,deployment_fixed,vad_agg3,Block,2,f1,0.5029142381348876
sep28k,deployment_clean_val,vad_agg3,Block,2,f1,0.5974185617701291
sep28k,deployment_deg_val,vad_agg3,Block,2,f1,0.6084507042253521
sep28k,matched_retraining,vad_agg3,Block,2,f1,0.5751905751905751
sep28k,majority_vote_fixed,vad_agg3,Block,2,f1,0.3357041251778094
sep28k,deployment_fixed,vad_agg3,Block,2,precision,0.5992063492063492
sep28k,deployment_clean_val,vad_agg3,Block,2,precision,0.5225806451612903
sep28k,deployment_deg_val,vad_agg3,Block,2,precision,0.4521981856245639
sep28k,matched_retraining,vad_agg3,Block,2,precision,0.5563002680965148
sep28k,majority_vote_fixed,vad_agg3,Block,2,precision,0.23412698412698413
sep28k,deployment_fixed,vad_agg3,Block,2,recall,0.4332855093256815
sep28k,deployment_clean_val,vad_agg3,Block,2,recall,0.697274031563845
sep28k,deployment_deg_val,vad_agg3,Block,2,recall,0.9296987087517934
sep28k,matched_retraining,vad_agg3,Block,2,recall,0.5954088952654233
sep28k,majority_vote_fixed,vad_agg3,Block,2,recall,0.592964824120603
sep28k,deployment_fixed,vad_agg3,Block,2,auc,0.6504961078044327
sep28k,deployment_clean_val,vad_agg3,Block,2,auc,0.6504961078044327
sep28k,deployment_deg_val,vad_agg3,Block,2,auc,0.6504961078044327
sep28k,matched_retraining,vad_agg3,Block,2,auc,0.6508842139419176
sep28k,majority_vote_fixed,vad_agg3,Block,2,auc,0.6963208901651112
sep28k,deployment_fixed,vad_agg3,Block,2,pr_auc,0.5886151904856649
sep28k,deployment_clean_val,vad_agg3,Block,2,pr_auc,0.5886151904856649
sep28k,deployment_deg_val,vad_agg3,Block,2,pr_auc,0.5886151904856649
sep28k,matched_retraining,vad_agg3,Block,2,pr_auc,0.5917507718301684
sep28k,majority_vote_fixed,vad_agg3,Block,2,pr_auc,0.2720658761496377
sep28k,deployment_fixed,vad_agg3,Block,2,ece,0.06287482468771388
sep28k,deployment_clean_val,vad_agg3,Block,2,ece,0.06287482468771388
sep28k,deployment_deg_val,vad_agg3,Block,2,ece,0.06287482468771388
sep28k,matched_retraining,vad_agg3,Block,2,ece,0.07079962892819695
sep28k,majority_vote_fixed,vad_agg3,Block,2,ece,0.2857986554836268
sep28k,deployment_fixed,vad_agg3,Block,2,brier,0.23468556855929495
sep28k,deployment_clean_val,vad_agg3,Block,2,brier,0.23468556855929495
sep28k,deployment_deg_val,vad_agg3,Block,2,brier,0.23468556855929495
sep28k,matched_retraining,vad_agg3,Block,2,brier,0.2352082454020325
sep28k,majority_vote_fixed,vad_agg3,Block,2,brier,0.19939262359701662
sep28k,deployment_fixed,vad_agg3,Prolongation,2,f1,0.5932504440497336
sep28k,deployment_clean_val,vad_agg3,Prolongation,2,f1,0.5961871750433275
sep28k,deployment_deg_val,vad_agg3,Prolongation,2,f1,0.6045777426992897
sep28k,matched_retraining,vad_agg3,Prolongation,2,f1,0.5933682373472949
sep28k,majority_vote_fixed,vad_agg3,Prolongation,2,f1,0.33112582781456956
sep28k,deployment_fixed,vad_agg3,Prolongation,2,precision,0.5548172757475083
sep28k,deployment_clean_val,vad_agg3,Prolongation,2,precision,0.546031746031746
sep28k,deployment_deg_val,vad_agg3,Prolongation,2,precision,0.5154777927321669
sep28k,matched_retraining,vad_agg3,Prolongation,2,precision,0.5466237942122186
sep28k,majority_vote_fixed,vad_agg3,Prolongation,2,precision,0.20764119601328904
sep28k,deployment_fixed,vad_agg3,Prolongation,2,recall,0.6374045801526718
sep28k,deployment_clean_val,vad_agg3,Prolongation,2,recall,0.6564885496183206
sep28k,deployment_deg_val,vad_agg3,Prolongation,2,recall,0.7309160305343512
sep28k,matched_retraining,vad_agg3,Prolongation,2,recall,0.648854961832061
sep28k,majority_vote_fixed,vad_agg3,Prolongation,2,recall,0.8169934640522876
sep28k,deployment_fixed,vad_agg3,Prolongation,2,auc,0.7652440972838629
sep28k,deployment_clean_val,vad_agg3,Prolongation,2,auc,0.7652440972838629
sep28k,deployment_deg_val,vad_agg3,Prolongation,2,auc,0.7652440972838629
sep28k,matched_retraining,vad_agg3,Prolongation,2,auc,0.7528279779868632
sep28k,majority_vote_fixed,vad_agg3,Prolongation,2,auc,0.8188331118523944
sep28k,deployment_fixed,vad_agg3,Prolongation,2,pr_auc,0.6353704512000138
sep28k,deployment_clean_val,vad_agg3,Prolongation,2,pr_auc,0.6353704512000138
sep28k,deployment_deg_val,vad_agg3,Prolongation,2,pr_auc,0.6353704512000138
sep28k,matched_retraining,vad_agg3,Prolongation,2,pr_auc,0.6197437468096241
sep28k,majority_vote_fixed,vad_agg3,Prolongation,2,pr_auc,0.39642366526139244
sep28k,deployment_fixed,vad_agg3,Prolongation,2,ece,0.11358718879035706
sep28k,deployment_clean_val,vad_agg3,Prolongation,2,ece,0.11358718879035706
sep28k,deployment_deg_val,vad_agg3,Prolongation,2,ece,0.11358718879035706
sep28k,matched_retraining,vad_agg3,Prolongation,2,ece,0.11939886657184394
sep28k,majority_vote_fixed,vad_agg3,Prolongation,2,ece,0.3323391479071922
sep28k,deployment_fixed,vad_agg3,Prolongation,2,brier,0.19464592983583892
sep28k,deployment_clean_val,vad_agg3,Prolongation,2,brier,0.19464592983583892
sep28k,deployment_deg_val,vad_agg3,Prolongation,2,brier,0.19464592983583892
sep28k,matched_retraining,vad_agg3,Prolongation,2,brier,0.19677127520065266
sep28k,majority_vote_fixed,vad_agg3,Prolongation,2,brier,0.22527287345021416
sep28k,deployment_fixed,vad_agg3,SoundRep,2,f1,0.5910652920962199
sep28k,deployment_clean_val,vad_agg3,SoundRep,2,f1,0.5910652920962199
sep28k,deployment_deg_val,vad_agg3,SoundRep,2,f1,0.6097814776274714
sep28k,matched_retraining,vad_agg3,SoundRep,2,f1,0.6006458557588805
sep28k,majority_vote_fixed,vad_agg3,SoundRep,2,f1,0.42424242424242425
sep28k,deployment_fixed,vad_agg3,SoundRep,2,precision,0.6292682926829268
sep28k,deployment_clean_val,vad_agg3,SoundRep,2,precision,0.6292682926829268
sep28k,deployment_deg_val,vad_agg3,SoundRep,2,precision,0.5883534136546185
sep28k,matched_retraining,vad_agg3,SoundRep,2,precision,0.5987124463519313
sep28k,majority_vote_fixed,vad_agg3,SoundRep,2,precision,0.3073170731707317
sep28k,deployment_fixed,vad_agg3,SoundRep,2,recall,0.5572354211663066
sep28k,deployment_clean_val,vad_agg3,SoundRep,2,recall,0.5572354211663066
sep28k,deployment_deg_val,vad_agg3,SoundRep,2,recall,0.6328293736501079
sep28k,matched_retraining,vad_agg3,SoundRep,2,recall,0.6025917926565875
sep28k,majority_vote_fixed,vad_agg3,SoundRep,2,recall,0.6847826086956522
sep28k,deployment_fixed,vad_agg3,SoundRep,2,auc,0.7995543455115142
sep28k,deployment_clean_val,vad_agg3,SoundRep,2,auc,0.7995543455115142
sep28k,deployment_deg_val,vad_agg3,SoundRep,2,auc,0.7995543455115142
sep28k,matched_retraining,vad_agg3,SoundRep,2,auc,0.7989326346849998
sep28k,majority_vote_fixed,vad_agg3,SoundRep,2,auc,0.8403556613919189
sep28k,deployment_fixed,vad_agg3,SoundRep,2,pr_auc,0.6638033747982391
sep28k,deployment_clean_val,vad_agg3,SoundRep,2,pr_auc,0.6638033747982391
sep28k,deployment_deg_val,vad_agg3,SoundRep,2,pr_auc,0.6638033747982391
sep28k,matched_retraining,vad_agg3,SoundRep,2,pr_auc,0.6582473232859967
sep28k,majority_vote_fixed,vad_agg3,SoundRep,2,pr_auc,0.49958806137111944
sep28k,deployment_fixed,vad_agg3,SoundRep,2,ece,0.06211071372011768
sep28k,deployment_clean_val,vad_agg3,SoundRep,2,ece,0.06211071372011768
sep28k,deployment_deg_val,vad_agg3,SoundRep,2,ece,0.06211071372011768
sep28k,matched_retraining,vad_agg3,SoundRep,2,ece,0.09787567684139745
sep28k,majority_vote_fixed,vad_agg3,SoundRep,2,ece,0.21784286742526143
sep28k,deployment_fixed,vad_agg3,SoundRep,2,brier,0.1589231299700297
sep28k,deployment_clean_val,vad_agg3,SoundRep,2,brier,0.1589231299700297
sep28k,deployment_deg_val,vad_agg3,SoundRep,2,brier,0.1589231299700297
sep28k,matched_retraining,vad_agg3,SoundRep,2,brier,0.16463991709605252
sep28k,majority_vote_fixed,vad_agg3,SoundRep,2,brier,0.1546506853488051
sep28k,deployment_fixed,vad_agg3,WordRep,2,f1,0.5945945945945946
sep28k,deployment_clean_val,vad_agg3,WordRep,2,f1,0.5945945945945946
sep28k,deployment_deg_val,vad_agg3,WordRep,2,f1,0.6520618556701031
sep28k,matched_retraining,vad_agg3,WordRep,2,f1,0.6701680672268907
sep28k,majority_vote_fixed,vad_agg3,WordRep,2,f1,0.4457593688362919
sep28k,deployment_fixed,vad_agg3,WordRep,2,precision,0.4613368283093054
sep28k,deployment_clean_val,vad_agg3,WordRep,2,precision,0.4613368283093054
sep28k,deployment_deg_val,vad_agg3,WordRep,2,precision,0.7126760563380282
sep28k,matched_retraining,vad_agg3,WordRep,2,precision,0.60075329566855
sep28k,majority_vote_fixed,vad_agg3,WordRep,2,precision,0.2961992136304063
sep28k,deployment_fixed,vad_agg3,WordRep,2,recall,0.836104513064133
sep28k,deployment_clean_val,vad_agg3,WordRep,2,recall,0.836104513064133
sep28k,deployment_deg_val,vad_agg3,WordRep,2,recall,0.6009501187648456
sep28k,matched_retraining,vad_agg3,WordRep,2,recall,0.7577197149643705
sep28k,majority_vote_fixed,vad_agg3,WordRep,2,recall,0.900398406374502
sep28k,deployment_fixed,vad_agg3,WordRep,2,auc,0.8478963096193477
sep28k,deployment_clean_val,vad_agg3,WordRep,2,auc,0.8478963096193477
sep28k,deployment_deg_val,vad_agg3,WordRep,2,auc,0.8478963096193477
sep28k,matched_retraining,vad_agg3,WordRep,2,auc,0.8660578540059443
sep28k,majority_vote_fixed,vad_agg3,WordRep,2,auc,0.867151571754525
sep28k,deployment_fixed,vad_agg3,WordRep,2,pr_auc,0.681508179074784
sep28k,deployment_clean_val,vad_agg3,WordRep,2,pr_auc,0.681508179074784
sep28k,deployment_deg_val,vad_agg3,WordRep,2,pr_auc,0.681508179074784
sep28k,matched_retraining,vad_agg3,WordRep,2,pr_auc,0.7053022770894245
sep28k,majority_vote_fixed,vad_agg3,WordRep,2,pr_auc,0.5413951194918679
sep28k,deployment_fixed,vad_agg3,WordRep,2,ece,0.24056875814495227
sep28k,deployment_clean_val,vad_agg3,WordRep,2,ece,0.24056875814495227
sep28k,deployment_deg_val,vad_agg3,WordRep,2,ece,0.24056875814495227
sep28k,matched_retraining,vad_agg3,WordRep,2,ece,0.14134345227268358
sep28k,majority_vote_fixed,vad_agg3,WordRep,2,ece,0.34688520592481464
sep28k,deployment_fixed,vad_agg3,WordRep,2,brier,0.20346839824039767
sep28k,deployment_clean_val,vad_agg3,WordRep,2,brier,0.20346839824039767
sep28k,deployment_deg_val,vad_agg3,WordRep,2,brier,0.20346839824039767
sep28k,matched_retraining,vad_agg3,WordRep,2,brier,0.14420889991423413
sep28k,majority_vote_fixed,vad_agg3,WordRep,2,brier,0.24622029541693582
sep28k,deployment_fixed,vad_agg3,Interjection,2,f1,0.7691143073429221
sep28k,deployment_clean_val,vad_agg3,Interjection,2,f1,0.7661227661227661
sep28k,deployment_deg_val,vad_agg3,Interjection,2,f1,0.7583274273564847
sep28k,matched_retraining,vad_agg3,Interjection,2,f1,0.7702805155420773
sep28k,majority_vote_fixed,vad_agg3,Interjection,2,f1,0.7132216014897579
sep28k,deployment_fixed,vad_agg3,Interjection,2,precision,0.7791411042944786
sep28k,deployment_clean_val,vad_agg3,Interjection,2,precision,0.7977346278317152
sep28k,deployment_deg_val,vad_agg3,Interjection,2,precision,0.7210242587601078
sep28k,matched_retraining,vad_agg3,Interjection,2,precision,0.7815384615384615
sep28k,majority_vote_fixed,vad_agg3,Interjection,2,precision,0.5874233128834356
sep28k,deployment_fixed,vad_agg3,Interjection,2,recall,0.7593423019431988
sep28k,deployment_clean_val,vad_agg3,Interjection,2,recall,0.7369207772795217
sep28k,deployment_deg_val,vad_agg3,Interjection,2,recall,0.7997010463378177
sep28k,matched_retraining,vad_agg3,Interjection,2,recall,0.7593423019431988
sep28k,majority_vote_fixed,vad_agg3,Interjection,2,recall,0.9075829383886256
sep28k,deployment_fixed,vad_agg3,Interjection,2,auc,0.8728996897953936
sep28k,deployment_clean_val,vad_agg3,Interjection,2,auc,0.8728996897953936
sep28k,deployment_deg_val,vad_agg3,Interjection,2,auc,0.8728996897953936
sep28k,matched_retraining,vad_agg3,Interjection,2,auc,0.8704244820547439
sep28k,majority_vote_fixed,vad_agg3,Interjection,2,auc,0.9210681022923571
sep28k,deployment_fixed,vad_agg3,Interjection,2,pr_auc,0.8617930964526748
sep28k,deployment_clean_val,vad_agg3,Interjection,2,pr_auc,0.8617930964526748
sep28k,deployment_deg_val,vad_agg3,Interjection,2,pr_auc,0.8617930964526748
sep28k,matched_retraining,vad_agg3,Interjection,2,pr_auc,0.8627622901660655
sep28k,majority_vote_fixed,vad_agg3,Interjection,2,pr_auc,0.8176242351979246
sep28k,deployment_fixed,vad_agg3,Interjection,2,ece,0.0475681629714116
sep28k,deployment_clean_val,vad_agg3,Interjection,2,ece,0.0475681629714116
sep28k,deployment_deg_val,vad_agg3,Interjection,2,ece,0.0475681629714116
sep28k,matched_retraining,vad_agg3,Interjection,2,ece,0.06365020395899611
sep28k,majority_vote_fixed,vad_agg3,Interjection,2,ece,0.19257982709759575
sep28k,deployment_fixed,vad_agg3,Interjection,2,brier,0.13862115434254899
sep28k,deployment_clean_val,vad_agg3,Interjection,2,brier,0.13862115434254899
sep28k,deployment_deg_val,vad_agg3,Interjection,2,brier,0.13862115434254899
sep28k,matched_retraining,vad_agg3,Interjection,2,brier,0.1401370048654104
sep28k,majority_vote_fixed,vad_agg3,Interjection,2,brier,0.14522231558520132
sep28k,deployment_fixed,vad_zero,Block,2,f1,0.5293644408688657
sep28k,deployment_clean_val,vad_zero,Block,2,f1,0.6165501165501166
sep28k,deployment_deg_val,vad_zero,Block,2,f1,0.617195496417605
sep28k,matched_retraining,vad_zero,Block,2,f1,0.5788005578800558
sep28k,majority_vote_fixed,vad_zero,Block,2,f1,0.3167785234899329
sep28k,deployment_fixed,vad_zero,Block,2,precision,0.6025641025641025
sep28k,deployment_clean_val,vad_zero,Block,2,precision,0.5191364082433758
sep28k,deployment_deg_val,vad_zero,Block,2,precision,0.4797136038186158
sep28k,matched_retraining,vad_zero,Block,2,precision,0.5630936227951153
sep28k,majority_vote_fixed,vad_zero,Block,2,precision,0.21611721611721613
sep28k,deployment_fixed,vad_zero,Block,2,recall,0.4720229555236729
sep28k,deployment_clean_val,vad_zero,Block,2,recall,0.7589670014347202
sep28k,deployment_deg_val,vad_zero,Block,2,recall,0.8651362984218077
sep28k,matched_retraining,vad_zero,Block,2,recall,0.5954088952654233
sep28k,majority_vote_fixed,vad_zero,Block,2,recall,0.592964824120603
sep28k,deployment_fixed,vad_zero,Block,2,auc,0.6679688369858786
sep28k,deployment_clean_val,vad_zero,Block,2,auc,0.6679688369858786
sep28k,deployment_deg_val,vad_zero,Block,2,auc,0.6679688369858786
sep28k,matched_retraining,vad_zero,Block,2,auc,0.675077223577766
sep28k,majority_vote_fixed,vad_zero,Block,2,auc,0.7089662598707825
sep28k,deployment_fixed,vad_zero,Block,2,pr_auc,0.6198141157644574
sep28k,deployment_clean_val,vad_zero,Block,2,pr_auc,0.6198141157644574
sep28k,deployment_deg_val,vad_zero,Block,2,pr_auc,0.6198141157644574
sep28k,matched_retraining,vad_zero,Block,2,pr_auc,0.6034136258167875
sep28k,majority_vote_fixed,vad_zero,Block,2,pr_auc,0.26632217657738294
sep28k,deployment_fixed,vad_zero,Block,2,ece,0.03557047584657287
sep28k,deployment_clean_val,vad_zero,Block,2,ece,0.03557047584657287
sep28k,deployment_deg_val,vad_zero,Block,2,ece,0.03557047584657287
sep28k,matched_retraining,vad_zero,Block,2,ece,0.059624352121217104
sep28k,majority_vote_fixed,vad_zero,Block,2,ece,0.30212875822284097
sep28k,deployment_fixed,vad_zero,Block,2,brier,0.2256595812132389
sep28k,deployment_clean_val,vad_zero,Block,2,brier,0.2256595812132389
sep28k,deployment_deg_val,vad_zero,Block,2,brier,0.2256595812132389
sep28k,matched_retraining,vad_zero,Block,2,brier,0.22725462404628444
sep28k,majority_vote_fixed,vad_zero,Block,2,brier,0.20383352352039977
sep28k,deployment_fixed,vad_zero,Prolongation,2,f1,0.5615514333895447
sep28k,deployment_clean_val,vad_zero,Prolongation,2,f1,0.5795918367346938
sep28k,deployment_deg_val,vad_zero,Prolongation,2,f1,0.5462392108508015
sep28k,matched_retraining,vad_zero,Prolongation,2,f1,0.5939914163090129
sep28k,majority_vote_fixed,vad_zero,Prolongation,2,f1,0.2773006134969325
sep28k,deployment_fixed,vad_zero,Prolongation,2,precision,0.5030211480362538
sep28k,deployment_clean_val,vad_zero,Prolongation,2,precision,0.5064194008559201
sep28k,deployment_deg_val,vad_zero,Prolongation,2,precision,0.4034608378870674
sep28k,matched_retraining,vad_zero,Prolongation,2,precision,0.5397815912636506
sep28k,majority_vote_fixed,vad_zero,Prolongation,2,precision,0.17069486404833836
sep28k,deployment_fixed,vad_zero,Prolongation,2,recall,0.6354961832061069
sep28k,deployment_clean_val,vad_zero,Prolongation,2,recall,0.6774809160305344
sep28k,deployment_deg_val,vad_zero,Prolongation,2,recall,0.8454198473282443
sep28k,matched_retraining,vad_zero,Prolongation,2,recall,0.6603053435114504
sep28k,majority_vote_fixed,vad_zero,Prolongation,2,recall,0.738562091503268
sep28k,deployment_fixed,vad_zero,Prolongation,2,auc,0.7278040120717202
sep28k,deployment_clean_val,vad_zero,Prolongation,2,auc,0.7278040120717202
sep28k,deployment_deg_val,vad_zero,Prolongation,2,auc,0.7278040120717202
sep28k,matched_retraining,vad_zero,Prolongation,2,auc,0.7536978519439022
sep28k,majority_vote_fixed,vad_zero,Prolongation,2,auc,0.7539889169130077
sep28k,deployment_fixed,vad_zero,Prolongation,2,pr_auc,0.6071337249170685
sep28k,deployment_clean_val,vad_zero,Prolongation,2,pr_auc,0.6071337249170685
sep28k,deployment_deg_val,vad_zero,Prolongation,2,pr_auc,0.6071337249170685
sep28k,matched_retraining,vad_zero,Prolongation,2,pr_auc,0.6177529803357885
sep28k,majority_vote_fixed,vad_zero,Prolongation,2,pr_auc,0.3336954132327046
sep28k,deployment_fixed,vad_zero,Prolongation,2,ece,0.13607897839522648
sep28k,deployment_clean_val,vad_zero,Prolongation,2,ece,0.13607897839522648
sep28k,deployment_deg_val,vad_zero,Prolongation,2,ece,0.13607897839522648
sep28k,matched_retraining,vad_zero,Prolongation,2,ece,0.1218788080256896
sep28k,majority_vote_fixed,vad_zero,Prolongation,2,ece,0.359731603910215
sep28k,deployment_fixed,vad_zero,Prolongation,2,brier,0.2065110721031511
sep28k,deployment_clean_val,vad_zero,Prolongation,2,brier,0.2065110721031511
sep28k,deployment_deg_val,vad_zero,Prolongation,2,brier,0.2065110721031511
sep28k,matched_retraining,vad_zero,Prolongation,2,brier,0.19731115316270825
sep28k,majority_vote_fixed,vad_zero,Prolongation,2,brier,0.2322827207742171
sep28k,deployment_fixed,vad_zero,SoundRep,2,f1,0.5787631271878646
sep28k,deployment_clean_val,vad_zero,SoundRep,2,f1,0.5787631271878646
sep28k,deployment_deg_val,vad_zero,SoundRep,2,f1,0.5938775510204082
sep28k,matched_retraining,vad_zero,SoundRep,2,f1,0.6397578203834511
sep28k,majority_vote_fixed,vad_zero,SoundRep,2,f1,0.42214532871972316
sep28k,deployment_fixed,vad_zero,SoundRep,2,precision,0.6294416243654822
sep28k,deployment_clean_val,vad_zero,SoundRep,2,precision,0.6294416243654822
sep28k,deployment_deg_val,vad_zero,SoundRep,2,precision,0.562862669245648
sep28k,matched_retraining,vad_zero,SoundRep,2,precision,0.6003787878787878
sep28k,majority_vote_fixed,vad_zero,SoundRep,2,precision,0.3096446700507614
sep28k,deployment_fixed,vad_zero,SoundRep,2,recall,0.5356371490280778
sep28k,deployment_clean_val,vad_zero,SoundRep,2,recall,0.5356371490280778
sep28k,deployment_deg_val,vad_zero,SoundRep,2,recall,0.6285097192224622
sep28k,matched_retraining,vad_zero,SoundRep,2,recall,0.6846652267818575
sep28k,majority_vote_fixed,vad_zero,SoundRep,2,recall,0.6630434782608695
sep28k,deployment_fixed,vad_zero,SoundRep,2,auc,0.7864090591062575
sep28k,deployment_clean_val,vad_zero,SoundRep,2,auc,0.7864090591062575
sep28k,deployment_deg_val,vad_zero,SoundRep,2,auc,0.7864090591062575
sep28k,matched_retraining,vad_zero,SoundRep,2,auc,0.8177892951662458
sep28k,majority_vote_fixed,vad_zero,SoundRep,2,auc,0.816415732063297
sep28k,deployment_fixed,vad_zero,SoundRep,2,pr_auc,0.6546803822385212
sep28k,deployment_clean_val,vad_zero,SoundRep,2,pr_auc,0.6546803822385212
sep28k,deployment_deg_val,vad_zero,SoundRep,2,pr_auc,0.6546803822385212
sep28k,matched_retraining,vad_zero,SoundRep,2,pr_auc,0.6878568845450532
sep28k,majority_vote_fixed,vad_zero,SoundRep,2,pr_auc,0.4575265433797738
sep28k,deployment_fixed,vad_zero,SoundRep,2,ece,0.052650460425310776
sep28k,deployment_clean_val,vad_zero,SoundRep,2,ece,0.052650460425310776
sep28k,deployment_deg_val,vad_zero,SoundRep,2,ece,0.052650460425310776
sep28k,matched_retraining,vad_zero,SoundRep,2,ece,0.10745217029857913
sep28k,majority_vote_fixed,vad_zero,SoundRep,2,ece,0.22279992483258554
sep28k,deployment_fixed,vad_zero,SoundRep,2,brier,0.15907912109608613
sep28k,deployment_clean_val,vad_zero,SoundRep,2,brier,0.15907912109608613
sep28k,deployment_deg_val,vad_zero,SoundRep,2,brier,0.15907912109608613
sep28k,matched_retraining,vad_zero,SoundRep,2,brier,0.16021601905112332
sep28k,majority_vote_fixed,vad_zero,SoundRep,2,brier,0.1488469496779774
sep28k,deployment_fixed,vad_zero,WordRep,2,f1,0.6389850057670127
sep28k,deployment_clean_val,vad_zero,WordRep,2,f1,0.6389850057670127
sep28k,deployment_deg_val,vad_zero,WordRep,2,f1,0.6434977578475336
sep28k,matched_retraining,vad_zero,WordRep,2,f1,0.64375
sep28k,majority_vote_fixed,vad_zero,WordRep,2,f1,0.5566714490674318
sep28k,deployment_fixed,vad_zero,WordRep,2,precision,0.6210762331838565
sep28k,deployment_clean_val,vad_zero,WordRep,2,precision,0.6210762331838565
sep28k,deployment_deg_val,vad_zero,WordRep,2,precision,0.6093418259023354
sep28k,matched_retraining,vad_zero,WordRep,2,precision,0.5732838589981447
sep28k,majority_vote_fixed,vad_zero,WordRep,2,precision,0.4349775784753363
sep28k,deployment_fixed,vad_zero,WordRep,2,recall,0.6579572446555819
sep28k,deployment_clean_val,vad_zero,WordRep,2,recall,0.6579572446555819
sep28k,deployment_deg_val,vad_zero,WordRep,2,recall,0.6817102137767221
sep28k,matched_retraining,vad_zero,WordRep,2,recall,0.7339667458432304
sep28k,majority_vote_fixed,vad_zero,WordRep,2,recall,0.7729083665338645
sep28k,deployment_fixed,vad_zero,WordRep,2,auc,0.8420750174416963
sep28k,deployment_clean_val,vad_zero,WordRep,2,auc,0.8420750174416963
sep28k,deployment_deg_val,vad_zero,WordRep,2,auc,0.8420750174416963
sep28k,matched_retraining,vad_zero,WordRep,2,auc,0.8557601958309304
sep28k,majority_vote_fixed,vad_zero,WordRep,2,auc,0.8658570465910838
sep28k,deployment_fixed,vad_zero,WordRep,2,pr_auc,0.6845253220591554
sep28k,deployment_clean_val,vad_zero,WordRep,2,pr_auc,0.6845253220591554
sep28k,deployment_deg_val,vad_zero,WordRep,2,pr_auc,0.6845253220591554
sep28k,matched_retraining,vad_zero,WordRep,2,pr_auc,0.6818851935543491
sep28k,majority_vote_fixed,vad_zero,WordRep,2,pr_auc,0.5518999686380681
sep28k,deployment_fixed,vad_zero,WordRep,2,ece,0.09136131594672782
sep28k,deployment_clean_val,vad_zero,WordRep,2,ece,0.09136131594672782
sep28k,deployment_deg_val,vad_zero,WordRep,2,ece,0.09136131594672782
sep28k,matched_retraining,vad_zero,WordRep,2,ece,0.14653898761060774
sep28k,majority_vote_fixed,vad_zero,WordRep,2,ece,0.19767776372659024
sep28k,deployment_fixed,vad_zero,WordRep,2,brier,0.1398714293551901
sep28k,deployment_clean_val,vad_zero,WordRep,2,brier,0.1398714293551901
sep28k,deployment_deg_val,vad_zero,WordRep,2,brier,0.1398714293551901
sep28k,matched_retraining,vad_zero,WordRep,2,brier,0.15039286013368197
sep28k,majority_vote_fixed,vad_zero,WordRep,2,brier,0.14095647208551862
sep28k,deployment_fixed,vad_zero,Interjection,2,f1,0.7543859649122807
sep28k,deployment_clean_val,vad_zero,Interjection,2,f1,0.7485572959604286
sep28k,deployment_deg_val,vad_zero,Interjection,2,f1,0.7408963585434174
sep28k,matched_retraining,vad_zero,Interjection,2,f1,0.756468797564688
sep28k,majority_vote_fixed,vad_zero,Interjection,2,f1,0.7408142999006951
sep28k,deployment_fixed,vad_zero,Interjection,2,precision,0.8085470085470086
sep28k,deployment_clean_val,vad_zero,Interjection,2,precision,0.8345588235294118
sep28k,deployment_deg_val,vad_zero,Interjection,2,precision,0.696969696969697
sep28k,matched_retraining,vad_zero,Interjection,2,precision,0.7705426356589147
sep28k,majority_vote_fixed,vad_zero,Interjection,2,precision,0.6376068376068376
sep28k,deployment_fixed,vad_zero,Interjection,2,recall,0.7070254110612855
sep28k,deployment_clean_val,vad_zero,Interjection,2,recall,0.6786248131539612
sep28k,deployment_deg_val,vad_zero,Interjection,2,recall,0.7907324364723468
sep28k,matched_retraining,vad_zero,Interjection,2,recall,0.7428998505231689
sep28k,majority_vote_fixed,vad_zero,Interjection,2,recall,0.8838862559241706
sep28k,deployment_fixed,vad_zero,Interjection,2,auc,0.8654306700740955
sep28k,deployment_clean_val,vad_zero,Interjection,2,auc,0.8654306700740955
sep28k,deployment_deg_val,vad_zero,Interjection,2,auc,0.8654306700740955
sep28k,matched_retraining,vad_zero,Interjection,2,auc,0.8698265747303792
sep28k,majority_vote_fixed,vad_zero,Interjection,2,auc,0.9154690815673232
sep28k,deployment_fixed,vad_zero,Interjection,2,pr_auc,0.8571526114551622
sep28k,deployment_clean_val,vad_zero,Interjection,2,pr_auc,0.8571526114551622
sep28k,deployment_deg_val,vad_zero,Interjection,2,pr_auc,0.8571526114551622
sep28k,matched_retraining,vad_zero,Interjection,2,pr_auc,0.8598098315421744
sep28k,majority_vote_fixed,vad_zero,Interjection,2,pr_auc,0.8183323097898422
sep28k,deployment_fixed,vad_zero,Interjection,2,ece,0.03915029526360391
sep28k,deployment_clean_val,vad_zero,Interjection,2,ece,0.03915029526360391
sep28k,deployment_deg_val,vad_zero,Interjection,2,ece,0.03915029526360391
sep28k,matched_retraining,vad_zero,Interjection,2,ece,0.06010218992675901
sep28k,majority_vote_fixed,vad_zero,Interjection,2,ece,0.174443912243489
sep28k,deployment_fixed,vad_zero,Interjection,2,brier,0.14027262316061398
sep28k,deployment_clean_val,vad_zero,Interjection,2,brier,0.14027262316061398
sep28k,deployment_deg_val,vad_zero,Interjection,2,brier,0.14027262316061398
sep28k,matched_retraining,vad_zero,Interjection,2,brier,0.14131016682073347
sep28k,majority_vote_fixed,vad_zero,Interjection,2,brier,0.13152454131504437
sep28k,deployment_fixed,denoise,Block,2,f1,0.5090595340811044
sep28k,deployment_clean_val,denoise,Block,2,f1,0.6245259165613148
sep28k,deployment_deg_val,denoise,Block,2,f1,0.6342765616657768
sep28k,matched_retraining,denoise,Block,2,f1,0.5998588567395907
sep28k,majority_vote_fixed,denoise,Block,2,f1,0.3388804841149773
sep28k,deployment_fixed,denoise,Block,2,precision,0.6385281385281385
sep28k,deployment_clean_val,denoise,Block,2,precision,0.5581920903954802
sep28k,deployment_deg_val,denoise,Block,2,precision,0.5051020408163265
sep28k,matched_retraining,denoise,Block,2,precision,0.5902777777777778
sep28k,majority_vote_fixed,denoise,Block,2,precision,0.24242424242424243
sep28k,deployment_fixed,denoise,Block,2,recall,0.4232424677187948
sep28k,deployment_clean_val,denoise,Block,2,recall,0.7087517934002869
sep28k,deployment_deg_val,denoise,Block,2,recall,0.8522238163558106
sep28k,matched_retraining,denoise,Block,2,recall,0.6097560975609756
sep28k,majority_vote_fixed,denoise,Block,2,recall,0.5628140703517588
sep28k,deployment_fixed,denoise,Block,2,auc,0.6913108761973235
sep28k,deployment_clean_val,denoise,Block,2,auc,0.6913108761973235
sep28k,deployment_deg_val,denoise,Block,2,auc,0.6913108761973235
sep28k,matched_retraining,denoise,Block,2,auc,0.7085815993154062
sep28k,majority_vote_fixed,denoise,Block,2,auc,0.7310696338837042
sep28k,deployment_fixed,denoise,Block,2,pr_auc,0.6394937017023175
sep28k,deployment_clean_val,denoise,Block,2,pr_auc,0.6394937017023175
sep28k,deployment_deg_val,denoise,Block,2,pr_auc,0.6394937017023175
sep28k,matched_retraining,denoise,Block,2,pr_auc,0.645572312549985
sep28k,majority_vote_fixed,denoise,Block,2,pr_auc,0.3055729864564459
sep28k,deployment_fixed,denoise,Block,2,ece,0.04984516913043994
sep28k,deployment_clean_val,denoise,Block,2,ece,0.04984516913043994
sep28k,deployment_deg_val,denoise,Block,2,ece,0.04984516913043994
sep28k,matched_retraining,denoise,Block,2,ece,0.05709034369797575
sep28k,majority_vote_fixed,denoise,Block,2,ece,0.2713913959898841
sep28k,deployment_fixed,denoise,Block,2,brier,0.2202458546737979
sep28k,deployment_clean_val,denoise,Block,2,brier,0.2202458546737979
sep28k,deployment_deg_val,denoise,Block,2,brier,0.2202458546737979
sep28k,matched_retraining,denoise,Block,2,brier,0.21681198702223556
sep28k,majority_vote_fixed,denoise,Block,2,brier,0.18271197988650403
sep28k,deployment_fixed,denoise,Prolongation,2,f1,0.6071428571428571
sep28k,deployment_clean_val,denoise,Prolongation,2,f1,0.6090909090909091
sep28k,deployment_deg_val,denoise,Prolongation,2,f1,0.6072463768115942
sep28k,matched_retraining,denoise,Prolongation,2,f1,0.6073567151411463
sep28k,majority_vote_fixed,denoise,Prolongation,2,f1,0.36075036075036077
sep28k,deployment_fixed,denoise,Prolongation,2,precision,0.5981481481481481
sep28k,deployment_clean_val,denoise,Prolongation,2,precision,0.5815972222222222
sep28k,deployment_deg_val,denoise,Prolongation,2,precision,0.4894859813084112
sep28k,matched_retraining,denoise,Prolongation,2,precision,0.5503875968992248
sep28k,majority_vote_fixed,denoise,Prolongation,2,precision,0.23148148148148148
sep28k,deployment_fixed,denoise,Prolongation,2,recall,0.6164122137404581
sep28k,deployment_clean_val,denoise,Prolongation,2,recall,0.6393129770992366
sep28k,deployment_deg_val,denoise,Prolongation,2,recall,0.799618320610687
sep28k,matched_retraining,denoise,Prolongation,2,recall,0.6774809160305344
sep28k,majority_vote_fixed,denoise,Prolongation,2,recall,0.8169934640522876
sep28k,deployment_fixed,denoise,Prolongation,2,auc,0.7794407953133321
sep28k,deployment_clean_val,denoise,Prolongation,2,auc,0.7794407953133321
sep28k,deployment_deg_val,denoise,Prolongation,2,auc,0.7794407953133321
sep28k,matched_retraining,denoise,Prolongation,2,auc,0.7813243387182673
sep28k,majority_vote_fixed,denoise,Prolongation,2,auc,0.8384319149513194
sep28k,deployment_fixed,denoise,Prolongation,2,pr_auc,0.6556439987947884
sep28k,deployment_clean_val,denoise,Prolongation,2,pr_auc,0.6556439987947884
sep28k,deployment_deg_val,denoise,Prolongation,2,pr_auc,0.6556439987947884
sep28k,matched_retraining,denoise,Prolongation,2,pr_auc,0.6644291726710885
sep28k,majority_vote_fixed,denoise,Prolongation,2,pr_auc,0.40889800794726533
sep28k,deployment_fixed,denoise,Prolongation,2,ece,0.08547772397397184
sep28k,deployment_clean_val,denoise,Prolongation,2,ece,0.08547772397397184
sep28k,deployment_deg_val,denoise,Prolongation,2,ece,0.08547772397397184
sep28k,matched_retraining,denoise,Prolongation,2,ece,0.12488606093574796
sep28k,majority_vote_fixed,denoise,Prolongation,2,ece,0.31749773648178925
sep28k,deployment_fixed,denoise,Prolongation,2,brier,0.17892332969326416
sep28k,deployment_clean_val,denoise,Prolongation,2,brier,0.17892332969326416
sep28k,deployment_deg_val,denoise,Prolongation,2,brier,0.17892332969326416
sep28k,matched_retraining,denoise,Prolongation,2,brier,0.18748056183893724
sep28k,majority_vote_fixed,denoise,Prolongation,2,brier,0.19089111733808992
sep28k,deployment_fixed,denoise,SoundRep,2,f1,0.5941240478781284
sep28k,deployment_clean_val,denoise,SoundRep,2,f1,0.5941240478781284
sep28k,deployment_deg_val,denoise,SoundRep,2,f1,0.5853658536585366
sep28k,matched_retraining,denoise,SoundRep,2,f1,0.6474226804123712
sep28k,majority_vote_fixed,denoise,SoundRep,2,f1,0.421875
sep28k,deployment_fixed,denoise,SoundRep,2,precision,0.5986842105263158
sep28k,deployment_clean_val,denoise,SoundRep,2,precision,0.5986842105263158
sep28k,deployment_deg_val,denoise,SoundRep,2,precision,0.6013667425968109
sep28k,matched_retraining,denoise,SoundRep,2,precision,0.6193293885601578
sep28k,majority_vote_fixed,denoise,SoundRep,2,precision,0.29605263157894735
sep28k,deployment_fixed,denoise,SoundRep,2,recall,0.5896328293736501
sep28k,deployment_clean_val,denoise,SoundRep,2,recall,0.5896328293736501
sep28k,deployment_deg_val,denoise,SoundRep,2,recall,0.5701943844492441
sep28k,matched_retraining,denoise,SoundRep,2,recall,0.6781857451403888
sep28k,majority_vote_fixed,denoise,SoundRep,2,recall,0.7336956521739131
sep28k,deployment_fixed,denoise,SoundRep,2,auc,0.8085815106622456
sep28k,deployment_clean_val,denoise,SoundRep,2,auc,0.8085815106622456
sep28k,deployment_deg_val,denoise,SoundRep,2,auc,0.8085815106622456
sep28k,matched_retraining,denoise,SoundRep,2,auc,0.8307482584491832
sep28k,majority_vote_fixed,denoise,SoundRep,2,auc,0.8425718236288215
sep28k,deployment_fixed,denoise,SoundRep,2,pr_auc,0.6641414346607903
sep28k,deployment_clean_val,denoise,SoundRep,2,pr_auc,0.6641414346607903
sep28k,deployment_deg_val,denoise,SoundRep,2,pr_auc,0.6641414346607903
sep28k,matched_retraining,denoise,SoundRep,2,pr_auc,0.6919884281685518
sep28k,majority_vote_fixed,denoise,SoundRep,2,pr_auc,0.4594142342067521
sep28k,deployment_fixed,denoise,SoundRep,2,ece,0.08061250166864165
sep28k,deployment_clean_val,denoise,SoundRep,2,ece,0.08061250166864165
sep28k,deployment_deg_val,denoise,SoundRep,2,ece,0.08061250166864165
sep28k,matched_retraining,denoise,SoundRep,2,ece,0.09992374303789242
sep28k,majority_vote_fixed,denoise,SoundRep,2,ece,0.2550965542014746
sep28k,deployment_fixed,denoise,SoundRep,2,brier,0.15819608733540755
sep28k,deployment_clean_val,denoise,SoundRep,2,brier,0.15819608733540755
sep28k,deployment_deg_val,denoise,SoundRep,2,brier,0.15819608733540755
sep28k,matched_retraining,denoise,SoundRep,2,brier,0.15422092434289036
sep28k,majority_vote_fixed,denoise,SoundRep,2,brier,0.16011822316911023
sep28k,deployment_fixed,denoise,WordRep,2,f1,0.6293558606124604
sep28k,deployment_clean_val,denoise,WordRep,2,f1,0.6293558606124604
sep28k,deployment_deg_val,denoise,WordRep,2,f1,0.6410537870472008
sep28k,matched_retraining,denoise,WordRep,2,f1,0.6625258799171843
sep28k,majority_vote_fixed,denoise,WordRep,2,f1,0.5225225225225225
sep28k,deployment_fixed,denoise,WordRep,2,precision,0.5665399239543726
sep28k,deployment_clean_val,denoise,WordRep,2,precision,0.5665399239543726
sep28k,deployment_deg_val,denoise,WordRep,2,precision,0.5959183673469388
sep28k,matched_retraining,denoise,WordRep,2,precision,0.5871559633027523
sep28k,majority_vote_fixed,denoise,WordRep,2,precision,0.38593155893536124
sep28k,deployment_fixed,denoise,WordRep,2,recall,0.7078384798099763
sep28k,deployment_clean_val,denoise,WordRep,2,recall,0.7078384798099763
sep28k,deployment_deg_val,denoise,WordRep,2,recall,0.6935866983372921
sep28k,matched_retraining,denoise,WordRep,2,recall,0.7600950118764845
sep28k,majority_vote_fixed,denoise,WordRep,2,recall,0.8087649402390438
sep28k,deployment_fixed,denoise,WordRep,2,auc,0.8542862212615286
sep28k,deployment_clean_val,denoise,WordRep,2,auc,0.8542862212615286
sep28k,deployment_deg_val,denoise,WordRep,2,auc,0.8542862212615286
sep28k,matched_retraining,denoise,WordRep,2,auc,0.8626965467457626
sep28k,majority_vote_fixed,denoise,WordRep,2,auc,0.8776703275917104
sep28k,deployment_fixed,denoise,WordRep,2,pr_auc,0.7070192677496455
sep28k,deployment_clean_val,denoise,WordRep,2,pr_auc,0.7070192677496455
sep28k,deployment_deg_val,denoise,WordRep,2,pr_auc,0.7070192677496455
sep28k,matched_retraining,denoise,WordRep,2,pr_auc,0.700952942971027
sep28k,majority_vote_fixed,denoise,WordRep,2,pr_auc,0.5918699091706119
sep28k,deployment_fixed,denoise,WordRep,2,ece,0.1513076000591087
sep28k,deployment_clean_val,denoise,WordRep,2,ece,0.1513076000591087
sep28k,deployment_deg_val,denoise,WordRep,2,ece,0.1513076000591087
sep28k,matched_retraining,denoise,WordRep,2,ece,0.15191667139016782
sep28k,majority_vote_fixed,denoise,WordRep,2,ece,0.25762404783897114
sep28k,deployment_fixed,denoise,WordRep,2,brier,0.15115623985305413
sep28k,deployment_clean_val,denoise,WordRep,2,brier,0.15115623985305413
sep28k,deployment_deg_val,denoise,WordRep,2,brier,0.15115623985305413
sep28k,matched_retraining,denoise,WordRep,2,brier,0.14953550577527694
sep28k,majority_vote_fixed,denoise,WordRep,2,brier,0.16456685363996165
sep28k,deployment_fixed,denoise,Interjection,2,f1,0.7724358974358975
sep28k,deployment_clean_val,denoise,Interjection,2,f1,0.7674418604651163
sep28k,deployment_deg_val,denoise,Interjection,2,f1,0.7754800590841949
sep28k,matched_retraining,denoise,Interjection,2,f1,0.7871853546910755
sep28k,majority_vote_fixed,denoise,Interjection,2,f1,0.7512487512487512
sep28k,deployment_fixed,denoise,Interjection,2,precision,0.8324697754749568
sep28k,deployment_clean_val,denoise,Interjection,2,precision,0.8635514018691589
sep28k,deployment_deg_val,denoise,Interjection,2,precision,0.7664233576642335
sep28k,matched_retraining,denoise,Interjection,2,precision,0.8037383177570093
sep28k,majority_vote_fixed,denoise,Interjection,2,precision,0.6493955094991365
sep28k,deployment_fixed,denoise,Interjection,2,recall,0.7204783258594918
sep28k,deployment_clean_val,denoise,Interjection,2,recall,0.6905829596412556
sep28k,deployment_deg_val,denoise,Interjection,2,recall,0.7847533632286996
sep28k,matched_retraining,denoise,Interjection,2,recall,0.7713004484304933
sep28k,majority_vote_fixed,denoise,Interjection,2,recall,0.8909952606635071
sep28k,deployment_fixed,denoise,Interjection,2,auc,0.8829660703666202
sep28k,deployment_clean_val,denoise,Interjection,2,auc,0.8829660703666202
sep28k,deployment_deg_val,denoise,Interjection,2,auc,0.8829660703666202
sep28k,matched_retraining,denoise,Interjection,2,auc,0.8900268415384862
sep28k,majority_vote_fixed,denoise,Interjection,2,auc,0.9298441293834835
sep28k,deployment_fixed,denoise,Interjection,2,pr_auc,0.8767244331943099
sep28k,deployment_clean_val,denoise,Interjection,2,pr_auc,0.8767244331943099
sep28k,deployment_deg_val,denoise,Interjection,2,pr_auc,0.8767244331943099
sep28k,matched_retraining,denoise,Interjection,2,pr_auc,0.8825894246970787
sep28k,majority_vote_fixed,denoise,Interjection,2,pr_auc,0.8430024500553308
sep28k,deployment_fixed,denoise,Interjection,2,ece,0.047209013853273446
sep28k,deployment_clean_val,denoise,Interjection,2,ece,0.047209013853273446
sep28k,deployment_deg_val,denoise,Interjection,2,ece,0.047209013853273446
sep28k,matched_retraining,denoise,Interjection,2,ece,0.05735684169269845
sep28k,majority_vote_fixed,denoise,Interjection,2,ece,0.17638424428313068
sep28k,deployment_fixed,denoise,Interjection,2,brier,0.13070633207643678
sep28k,deployment_clean_val,denoise,Interjection,2,brier,0.13070633207643678
sep28k,deployment_deg_val,denoise,Interjection,2,brier,0.13070633207643678
sep28k,matched_retraining,denoise,Interjection,2,brier,0.1291985664466564
sep28k,majority_vote_fixed,denoise,Interjection,2,brier,0.12423735103968353
sep28k,deployment_fixed,full_chain_novad,Block,2,f1,0.5180102915951973
sep28k,deployment_clean_val,full_chain_novad,Block,2,f1,0.6192519926425506
sep28k,deployment_deg_val,full_chain_novad,Block,2,f1,0.6288659793814433
sep28k,matched_retraining,full_chain_novad,Block,2,f1,0.6118466898954704
sep28k,majority_vote_fixed,full_chain_novad,Block,2,f1,0.3413173652694611
sep28k,deployment_fixed,full_chain_novad,Block,2,precision,0.6439232409381663
sep28k,deployment_clean_val,full_chain_novad,Block,2,precision,0.5406852248394004
sep28k,deployment_deg_val,full_chain_novad,Block,2,precision,0.4907481898632341
sep28k,matched_retraining,full_chain_novad,Block,2,precision,0.5948509485094851
sep28k,majority_vote_fixed,full_chain_novad,Block,2,precision,0.24307036247334754
sep28k,deployment_fixed,full_chain_novad,Block,2,recall,0.4332855093256815
sep28k,deployment_clean_val,full_chain_novad,Block,2,recall,0.7245337159253945
sep28k,deployment_deg_val,full_chain_novad,Block,2,recall,0.8751793400286944
sep28k,matched_retraining,full_chain_novad,Block,2,recall,0.629842180774749
sep28k,majority_vote_fixed,full_chain_novad,Block,2,recall,0.5728643216080402
sep28k,deployment_fixed,full_chain_novad,Block,2,auc,0.6888025016939878
sep28k,deployment_clean_val,full_chain_novad,Block,2,auc,0.6888025016939878
sep28k,deployment_deg_val,full_chain_novad,Block,2,auc,0.6888025016939878
sep28k,matched_retraining,full_chain_novad,Block,2,auc,0.6963817055674144
sep28k,majority_vote_fixed,full_chain_novad,Block,2,auc,0.7268377602297201
sep28k,deployment_fixed,full_chain_novad,Block,2,pr_auc,0.6346400479764313
sep28k,deployment_clean_val,full_chain_novad,Block,2,pr_auc,0.6346400479764313
sep28k,deployment_deg_val,full_chain_novad,Block,2,pr_auc,0.6346400479764313
sep28k,matched_retraining,full_chain_novad,Block,2,pr_auc,0.6367042267177394
sep28k,majority_vote_fixed,full_chain_novad,Block,2,pr_auc,0.30254377366394325
sep28k,deployment_fixed,full_chain_novad,Block,2,ece,0.038067051087245445
sep28k,deployment_clean_val,full_chain_novad,Block,2,ece,0.038067051087245445
sep28k,deployment_deg_val,full_chain_novad,Block,2,ece,0.038067051087245445
sep28k,matched_retraining,full_chain_novad,Block,2,ece,0.06373758067536439
sep28k,majority_vote_fixed,full_chain_novad,Block,2,ece,0.27933490423802515
sep28k,deployment_fixed,full_chain_novad,Block,2,brier,0.2205543164853732
sep28k,deployment_clean_val,full_chain_novad,Block,2,brier,0.2205543164853732
sep28k,deployment_deg_val,full_chain_novad,Block,2,brier,0.2205543164853732
sep28k,matched_retraining,full_chain_novad,Block,2,brier,0.22157603467727963
sep28k,majority_vote_fixed,full_chain_novad,Block,2,brier,0.18775768603569862
sep28k,deployment_fixed,full_chain_novad,Prolongation,2,f1,0.5990521327014218
sep28k,deployment_clean_val,full_chain_novad,Prolongation,2,f1,0.6094890510948905
sep28k,deployment_deg_val,full_chain_novad,Prolongation,2,f1,0.6123973114264376
sep28k,matched_retraining,full_chain_novad,Prolongation,2,f1,0.6241496598639455
sep28k,majority_vote_fixed,full_chain_novad,Prolongation,2,f1,0.35964912280701755
sep28k,deployment_fixed,full_chain_novad,Prolongation,2,precision,0.5951035781544256
sep28k,deployment_clean_val,full_chain_novad,Prolongation,2,precision,0.583916083916084
sep28k,deployment_deg_val,full_chain_novad,Prolongation,2,precision,0.5030674846625767
sep28k,matched_retraining,full_chain_novad,Prolongation,2,precision,0.5628834355828221
sep28k,majority_vote_fixed,full_chain_novad,Prolongation,2,precision,0.23163841807909605
sep28k,deployment_fixed,full_chain_novad,Prolongation,2,recall,0.6030534351145038
sep28k,deployment_clean_val,full_chain_novad,Prolongation,2,recall,0.6374045801526718
sep28k,deployment_deg_val,full_chain_novad,Prolongation,2,recall,0.7824427480916031
sep28k,matched_retraining,full_chain_novad,Prolongation,2,recall,0.700381679389313
sep28k,majority_vote_fixed,full_chain_novad,Prolongation,2,recall,0.803921568627451
sep28k,deployment_fixed,full_chain_novad,Prolongation,2,auc,0.7788460855671934
sep28k,deployment_clean_val,full_chain_novad,Prolongation,2,auc,0.7788460855671934
sep28k,deployment_deg_val,full_chain_novad,Prolongation,2,auc,0.7788460855671934
sep28k,matched_retraining,full_chain_novad,Prolongation,2,auc,0.7791461033197231
sep28k,majority_vote_fixed,full_chain_novad,Prolongation,2,auc,0.8401811623681285
sep28k,deployment_fixed,full_chain_novad,Prolongation,2,pr_auc,0.6540990163429838
sep28k,deployment_clean_val,full_chain_novad,Prolongation,2,pr_auc,0.6540990163429838
sep28k,deployment_deg_val,full_chain_novad,Prolongation,2,pr_auc,0.6540990163429838
sep28k,matched_retraining,full_chain_novad,Prolongation,2,pr_auc,0.6629832083930122
sep28k,majority_vote_fixed,full_chain_novad,Prolongation,2,pr_auc,0.40789844108696816
sep28k,deployment_fixed,full_chain_novad,Prolongation,2,ece,0.083542047050337
sep28k,deployment_clean_val,full_chain_novad,Prolongation,2,ece,0.083542047050337
sep28k,deployment_deg_val,full_chain_novad,Prolongation,2,ece,0.083542047050337
sep28k,matched_retraining,full_chain_novad,Prolongation,2,ece,0.1304638460885797
sep28k,majority_vote_fixed,full_chain_novad,Prolongation,2,ece,0.31556205955815436
sep28k,deployment_fixed,full_chain_novad,Prolongation,2,brier,0.17874150477551168
sep28k,deployment_clean_val,full_chain_novad,Prolongation,2,brier,0.17874150477551168
sep28k,deployment_deg_val,full_chain_novad,Prolongation,2,brier,0.17874150477551168
sep28k,matched_retraining,full_chain_novad,Prolongation,2,brier,0.18918566043935606
sep28k,majority_vote_fixed,full_chain_novad,Prolongation,2,brier,0.18916723119994594
sep28k,deployment_fixed,full_chain_novad,SoundRep,2,f1,0.5984766050054406
sep28k,deployment_clean_val,full_chain_novad,SoundRep,2,f1,0.5984766050054406
sep28k,deployment_deg_val,full_chain_novad,SoundRep,2,f1,0.5997842502696872
sep28k,matched_retraining,full_chain_novad,SoundRep,2,f1,0.646403242147923
sep28k,majority_vote_fixed,full_chain_novad,SoundRep,2,f1,0.425
sep28k,deployment_fixed,full_chain_novad,SoundRep,2,precision,0.6030701754385965
sep28k,deployment_clean_val,full_chain_novad,SoundRep,2,precision,0.6030701754385965
sep28k,deployment_deg_val,full_chain_novad,SoundRep,2,precision,0.5991379310344828
sep28k,matched_retraining,full_chain_novad,SoundRep,2,precision,0.6087786259541985
sep28k,majority_vote_fixed,full_chain_novad,SoundRep,2,precision,0.2982456140350877
sep28k,deployment_fixed,full_chain_novad,SoundRep,2,recall,0.593952483801296
sep28k,deployment_clean_val,full_chain_novad,SoundRep,2,recall,0.593952483801296
sep28k,deployment_deg_val,full_chain_novad,SoundRep,2,recall,0.6004319654427646
sep28k,matched_retraining,full_chain_novad,SoundRep,2,recall,0.6889848812095032
sep28k,majority_vote_fixed,full_chain_novad,SoundRep,2,recall,0.7391304347826086
sep28k,deployment_fixed,full_chain_novad,SoundRep,2,auc,0.8065965990326407
sep28k,deployment_clean_val,full_chain_novad,SoundRep,2,auc,0.8065965990326407
sep28k,deployment_deg_val,full_chain_novad,SoundRep,2,auc,0.8065965990326407
sep28k,matched_retraining,full_chain_novad,SoundRep,2,auc,0.8303432908465913
sep28k,majority_vote_fixed,full_chain_novad,SoundRep,2,auc,0.8427753879244124
sep28k,deployment_fixed,full_chain_novad,SoundRep,2,pr_auc,0.6617147105747546
sep28k,deployment_clean_val,full_chain_novad,SoundRep,2,pr_auc,0.6617147105747546
sep28k,deployment_deg_val,full_chain_novad,SoundRep,2,pr_auc,0.6617147105747546
sep28k,matched_retraining,full_chain_novad,SoundRep,2,pr_auc,0.692835148863302
sep28k,majority_vote_fixed,full_chain_novad,SoundRep,2,pr_auc,0.4622931592270014
sep28k,deployment_fixed,full_chain_novad,SoundRep,2,ece,0.07773371787900167
sep28k,deployment_clean_val,full_chain_novad,SoundRep,2,ece,0.07773371787900167
sep28k,deployment_deg_val,full_chain_novad,SoundRep,2,ece,0.07773371787900167
sep28k,matched_retraining,full_chain_novad,SoundRep,2,ece,0.10384315200203542
sep28k,majority_vote_fixed,full_chain_novad,SoundRep,2,ece,0.2522177704118347
sep28k,deployment_fixed,full_chain_novad,SoundRep,2,brier,0.15831427792015856
sep28k,deployment_clean_val,full_chain_novad,SoundRep,2,brier,0.15831427792015856
sep28k,deployment_deg_val,full_chain_novad,SoundRep,2,brier,0.15831427792015856
sep28k,matched_retraining,full_chain_novad,SoundRep,2,brier,0.15555605309081078
sep28k,majority_vote_fixed,full_chain_novad,SoundRep,2,brier,0.15866068592265417
sep28k,deployment_fixed,full_chain_novad,WordRep,2,f1,0.640083945435467
sep28k,deployment_clean_val,full_chain_novad,WordRep,2,f1,0.640083945435467
sep28k,deployment_deg_val,full_chain_novad,WordRep,2,f1,0.6432616081540203
sep28k,matched_retraining,full_chain_novad,WordRep,2,f1,0.6484784889821616
sep28k,majority_vote_fixed,full_chain_novad,WordRep,2,f1,0.5236270753512133
sep28k,deployment_fixed,full_chain_novad,WordRep,2,precision,0.5733082706766918
sep28k,deployment_clean_val,full_chain_novad,WordRep,2,precision,0.5733082706766918
sep28k,deployment_deg_val,full_chain_novad,WordRep,2,precision,0.6147186147186147
sep28k,matched_retraining,full_chain_novad,WordRep,2,precision,0.5808270676691729
sep28k,majority_vote_fixed,full_chain_novad,WordRep,2,precision,0.38533834586466165
sep28k,deployment_fixed,full_chain_novad,WordRep,2,recall,0.7244655581947743
sep28k,deployment_clean_val,full_chain_novad,WordRep,2,recall,0.7244655581947743
sep28k,deployment_deg_val,full_chain_novad,WordRep,2,recall,0.6745843230403801
sep28k,matched_retraining,full_chain_novad,WordRep,2,recall,0.7339667458432304
sep28k,majority_vote_fixed,full_chain_novad,WordRep,2,recall,0.8167330677290837
sep28k,deployment_fixed,full_chain_novad,WordRep,2,auc,0.8501405417612685
sep28k,deployment_clean_val,full_chain_novad,WordRep,2,auc,0.8501405417612685
sep28k,deployment_deg_val,full_chain_novad,WordRep,2,auc,0.8501405417612685
sep28k,matched_retraining,full_chain_novad,WordRep,2,auc,0.8579641003512535
sep28k,majority_vote_fixed,full_chain_novad,WordRep,2,auc,0.8757965171953136
sep28k,deployment_fixed,full_chain_novad,WordRep,2,pr_auc,0.7048502666286813
sep28k,deployment_clean_val,full_chain_novad,WordRep,2,pr_auc,0.7048502666286813
sep28k,deployment_deg_val,full_chain_novad,WordRep,2,pr_auc,0.7048502666286813
sep28k,matched_retraining,full_chain_novad,WordRep,2,pr_auc,0.6967326678096083
sep28k,majority_vote_fixed,full_chain_novad,WordRep,2,pr_auc,0.5896459066973465
sep28k,deployment_fixed,full_chain_novad,WordRep,2,ece,0.1550310615343354
sep28k,deployment_clean_val,full_chain_novad,WordRep,2,ece,0.1550310615343354
sep28k,deployment_deg_val,full_chain_novad,WordRep,2,ece,0.1550310615343354
sep28k,matched_retraining,full_chain_novad,WordRep,2,ece,0.1509667507723953
sep28k,majority_vote_fixed,full_chain_novad,WordRep,2,ece,0.26134750931419787
sep28k,deployment_fixed,full_chain_novad,WordRep,2,brier,0.1534039267017713
sep28k,deployment_clean_val,full_chain_novad,WordRep,2,brier,0.1534039267017713
sep28k,deployment_deg_val,full_chain_novad,WordRep,2,brier,0.1534039267017713
sep28k,matched_retraining,full_chain_novad,WordRep,2,brier,0.15069576018814862
sep28k,majority_vote_fixed,full_chain_novad,WordRep,2,brier,0.16767845790497593
sep28k,deployment_fixed,full_chain_novad,Interjection,2,f1,0.7774244833068362
sep28k,deployment_clean_val,full_chain_novad,Interjection,2,f1,0.7699917559769167
sep28k,deployment_deg_val,full_chain_novad,Interjection,2,f1,0.7733952049497294
sep28k,matched_retraining,full_chain_novad,Interjection,2,f1,0.7879699248120301
sep28k,majority_vote_fixed,full_chain_novad,Interjection,2,f1,0.7418397626112759
sep28k,deployment_fixed,full_chain_novad,Interjection,2,precision,0.830220713073005
sep28k,deployment_clean_val,full_chain_novad,Interjection,2,precision,0.8584558823529411
sep28k,deployment_deg_val,full_chain_novad,Interjection,2,precision,0.8012820512820513
sep28k,matched_retraining,full_chain_novad,Interjection,2,precision,0.7927382753403933
sep28k,majority_vote_fixed,full_chain_novad,Interjection,2,precision,0.6366723259762309
sep28k,deployment_fixed,full_chain_novad,Interjection,2,recall,0.7309417040358744
sep28k,deployment_clean_val,full_chain_novad,Interjection,2,recall,0.6980568011958147
sep28k,deployment_deg_val,full_chain_novad,Interjection,2,recall,0.7473841554559043
sep28k,matched_retraining,full_chain_novad,Interjection,2,recall,0.7832585949177877
sep28k,majority_vote_fixed,full_chain_novad,Interjection,2,recall,0.8886255924170616
sep28k,deployment_fixed,full_chain_novad,Interjection,2,auc,0.8850153495025476
sep28k,deployment_clean_val,full_chain_novad,Interjection,2,auc,0.8850153495025476
sep28k,deployment_deg_val,full_chain_novad,Interjection,2,auc,0.8850153495025476
sep28k,matched_retraining,full_chain_novad,Interjection,2,auc,0.8875516337978366
sep28k,majority_vote_fixed,full_chain_novad,Interjection,2,auc,0.931263514356928
sep28k,deployment_fixed,full_chain_novad,Interjection,2,pr_auc,0.8800094822482746
sep28k,deployment_clean_val,full_chain_novad,Interjection,2,pr_auc,0.8800094822482746
sep28k,deployment_deg_val,full_chain_novad,Interjection,2,pr_auc,0.8800094822482746
sep28k,matched_retraining,full_chain_novad,Interjection,2,pr_auc,0.8819469792833886
sep28k,majority_vote_fixed,full_chain_novad,Interjection,2,pr_auc,0.8450930446018371
sep28k,deployment_fixed,full_chain_novad,Interjection,2,ece,0.05527478982524287
sep28k,deployment_clean_val,full_chain_novad,Interjection,2,ece,0.05527478982524287
sep28k,deployment_deg_val,full_chain_novad,Interjection,2,ece,0.05527478982524287
sep28k,matched_retraining,full_chain_novad,Interjection,2,ece,0.06619574483474991
sep28k,majority_vote_fixed,full_chain_novad,Interjection,2,ece,0.18264726768786396
sep28k,deployment_fixed,full_chain_novad,Interjection,2,brier,0.12985327745589306
sep28k,deployment_clean_val,full_chain_novad,Interjection,2,brier,0.12985327745589306
sep28k,deployment_deg_val,full_chain_novad,Interjection,2,brier,0.12985327745589306
sep28k,matched_retraining,full_chain_novad,Interjection,2,brier,0.13046376890684883
sep28k,majority_vote_fixed,full_chain_novad,Interjection,2,brier,0.12632446248675797
sep28k,deployment_fixed,full_chain,Block,2,f1,0.4297224709042077
sep28k,deployment_clean_val,full_chain,Block,2,f1,0.545915136162128
sep28k,deployment_deg_val,full_chain,Block,2,f1,0.5985611510791367
sep28k,matched_retraining,full_chain,Block,2,f1,0.5362116991643454
sep28k,majority_vote_fixed,full_chain,Block,2,f1,0.29079159935379645
sep28k,deployment_fixed,full_chain,Block,2,precision,0.5714285714285714
sep28k,deployment_clean_val,full_chain,Block,2,precision,0.4886621315192744
sep28k,deployment_deg_val,full_chain,Block,2,precision,0.4495677233429395
sep28k,matched_retraining,full_chain,Block,2,precision,0.5209742895805142
sep28k,majority_vote_fixed,full_chain,Block,2,precision,0.21428571428571427
sep28k,deployment_fixed,full_chain,Block,2,recall,0.34433285509325684
sep28k,deployment_clean_val,full_chain,Block,2,recall,0.6183644189383071
sep28k,deployment_deg_val,full_chain,Block,2,recall,0.8952654232424677
sep28k,matched_retraining,full_chain,Block,2,recall,0.5523672883787661
sep28k,majority_vote_fixed,full_chain,Block,2,recall,0.45226130653266333
sep28k,deployment_fixed,full_chain,Block,2,auc,0.5982576579385201
sep28k,deployment_clean_val,full_chain,Block,2,auc,0.5982576579385201
sep28k,deployment_deg_val,full_chain,Block,2,auc,0.5982576579385201
sep28k,matched_retraining,full_chain,Block,2,auc,0.603673647275145
sep28k,majority_vote_fixed,full_chain,Block,2,auc,0.6538729361091171
sep28k,deployment_fixed,full_chain,Block,2,pr_auc,0.549507571065073
sep28k,deployment_clean_val,full_chain,Block,2,pr_auc,0.549507571065073
sep28k,deployment_deg_val,full_chain,Block,2,pr_auc,0.549507571065073
sep28k,matched_retraining,full_chain,Block,2,pr_auc,0.548051922544825
sep28k,majority_vote_fixed,full_chain,Block,2,pr_auc,0.2362509073153863
sep28k,deployment_fixed,full_chain,Block,2,ece,0.08937710471767132
sep28k,deployment_clean_val,full_chain,Block,2,ece,0.08937710471767132
sep28k,deployment_deg_val,full_chain,Block,2,ece,0.08937710471767132
sep28k,matched_retraining,full_chain,Block,2,ece,0.09733066703148958
sep28k,majority_vote_fixed,full_chain,Block,2,ece,0.2628255212776648
sep28k,deployment_fixed,full_chain,Block,2,brier,0.24921109410257297
sep28k,deployment_clean_val,full_chain,Block,2,brier,0.24921109410257297
sep28k,deployment_deg_val,full_chain,Block,2,brier,0.24921109410257297
sep28k,matched_retraining,full_chain,Block,2,brier,0.2466997980415729
sep28k,majority_vote_fixed,full_chain,Block,2,brier,0.18890200625722903
sep28k,deployment_fixed,full_chain,Prolongation,2,f1,0.5888787602552416
sep28k,deployment_clean_val,full_chain,Prolongation,2,f1,0.591273374888691
sep28k,deployment_deg_val,full_chain,Prolongation,2,f1,0.58700882117081
sep28k,matched_retraining,full_chain,Prolongation,2,f1,0.5709251101321586
sep28k,majority_vote_fixed,full_chain,Prolongation,2,f1,0.325068870523416
sep28k,deployment_fixed,full_chain,Prolongation,2,precision,0.5636998254799301
sep28k,deployment_clean_val,full_chain,Prolongation,2,precision,0.5542570951585977
sep28k,deployment_deg_val,full_chain,Prolongation,2,precision,0.5062240663900415
sep28k,matched_retraining,full_chain,Prolongation,2,precision,0.530278232405892
sep28k,majority_vote_fixed,full_chain,Prolongation,2,precision,0.20593368237347295
sep28k,deployment_fixed,full_chain,Prolongation,2,recall,0.6164122137404581
sep28k,deployment_clean_val,full_chain,Prolongation,2,recall,0.6335877862595419
sep28k,deployment_deg_val,full_chain,Prolongation,2,recall,0.6984732824427481
sep28k,matched_retraining,full_chain,Prolongation,2,recall,0.6183206106870229
sep28k,majority_vote_fixed,full_chain,Prolongation,2,recall,0.7712418300653595
sep28k,deployment_fixed,full_chain,Prolongation,2,auc,0.7515355938221195
sep28k,deployment_clean_val,full_chain,Prolongation,2,auc,0.7515355938221195
sep28k,deployment_deg_val,full_chain,Prolongation,2,auc,0.7515355938221195
sep28k,matched_retraining,full_chain,Prolongation,2,auc,0.7432930942659329
sep28k,majority_vote_fixed,full_chain,Prolongation,2,auc,0.7974986213941548
sep28k,deployment_fixed,full_chain,Prolongation,2,pr_auc,0.6298087590179158
sep28k,deployment_clean_val,full_chain,Prolongation,2,pr_auc,0.6298087590179158
sep28k,deployment_deg_val,full_chain,Prolongation,2,pr_auc,0.6298087590179158
sep28k,matched_retraining,full_chain,Prolongation,2,pr_auc,0.6224730945826811
sep28k,majority_vote_fixed,full_chain,Prolongation,2,pr_auc,0.3699375092373742
sep28k,deployment_fixed,full_chain,Prolongation,2,ece,0.10737666362387832
sep28k,deployment_clean_val,full_chain,Prolongation,2,ece,0.10737666362387832
sep28k,deployment_deg_val,full_chain,Prolongation,2,ece,0.10737666362387832
sep28k,matched_retraining,full_chain,Prolongation,2,ece,0.1239396164771634
sep28k,majority_vote_fixed,full_chain,Prolongation,2,ece,0.3142279430686641
sep28k,deployment_fixed,full_chain,Prolongation,2,brier,0.19655380269618422
sep28k,deployment_clean_val,full_chain,Prolongation,2,brier,0.19655380269618422
sep28k,deployment_deg_val,full_chain,Prolongation,2,brier,0.19655380269618422
sep28k,matched_retraining,full_chain,Prolongation,2,brier,0.19998714595662515
sep28k,majority_vote_fixed,full_chain,Prolongation,2,brier,0.21625514862911246
sep28k,deployment_fixed,full_chain,SoundRep,2,f1,0.5654450261780105
sep28k,deployment_clean_val,full_chain,SoundRep,2,f1,0.5654450261780105
sep28k,deployment_deg_val,full_chain,SoundRep,2,f1,0.5785920925747348
sep28k,matched_retraining,full_chain,SoundRep,2,f1,0.6030456852791878
sep28k,majority_vote_fixed,full_chain,SoundRep,2,f1,0.3816568047337278
sep28k,deployment_fixed,full_chain,SoundRep,2,precision,0.5487804878048781
sep28k,deployment_clean_val,full_chain,SoundRep,2,precision,0.5487804878048781
sep28k,deployment_deg_val,full_chain,SoundRep,2,precision,0.5226480836236934
sep28k,matched_retraining,full_chain,SoundRep,2,precision,0.5689655172413793
sep28k,majority_vote_fixed,full_chain,SoundRep,2,precision,0.2621951219512195
sep28k,deployment_fixed,full_chain,SoundRep,2,recall,0.5831533477321814
sep28k,deployment_clean_val,full_chain,SoundRep,2,recall,0.5831533477321814
sep28k,deployment_deg_val,full_chain,SoundRep,2,recall,0.6479481641468683
sep28k,matched_retraining,full_chain,SoundRep,2,recall,0.6414686825053996
sep28k,majority_vote_fixed,full_chain,SoundRep,2,recall,0.7010869565217391
sep28k,deployment_fixed,full_chain,SoundRep,2,auc,0.7596146533629422
sep28k,deployment_clean_val,full_chain,SoundRep,2,auc,0.7596146533629422
sep28k,deployment_deg_val,full_chain,SoundRep,2,auc,0.7596146533629422
sep28k,matched_retraining,full_chain,SoundRep,2,auc,0.7895119094697776
sep28k,majority_vote_fixed,full_chain,SoundRep,2,auc,0.7917345214318636
sep28k,deployment_fixed,full_chain,SoundRep,2,pr_auc,0.6072888676735422
sep28k,deployment_clean_val,full_chain,SoundRep,2,pr_auc,0.6072888676735422
sep28k,deployment_deg_val,full_chain,SoundRep,2,pr_auc,0.6072888676735422
sep28k,matched_retraining,full_chain,SoundRep,2,pr_auc,0.6391958077620237
sep28k,majority_vote_fixed,full_chain,SoundRep,2,pr_auc,0.444275739236522
sep28k,deployment_fixed,full_chain,SoundRep,2,ece,0.09738684706130737
sep28k,deployment_clean_val,full_chain,SoundRep,2,ece,0.09738684706130737
sep28k,deployment_deg_val,full_chain,SoundRep,2,ece,0.09738684706130737
sep28k,matched_retraining,full_chain,SoundRep,2,ece,0.11994199809272109
sep28k,majority_vote_fixed,full_chain,SoundRep,2,ece,0.25580819573623026
sep28k,deployment_fixed,full_chain,SoundRep,2,brier,0.18319913125236972
sep28k,deployment_clean_val,full_chain,SoundRep,2,brier,0.18319913125236972
sep28k,deployment_deg_val,full_chain,SoundRep,2,brier,0.18319913125236972
sep28k,matched_retraining,full_chain,SoundRep,2,brier,0.17376245152736677
sep28k,majority_vote_fixed,full_chain,SoundRep,2,brier,0.18578955407191203
sep28k,deployment_fixed,full_chain,WordRep,2,f1,0.5685950413223141
sep28k,deployment_clean_val,full_chain,WordRep,2,f1,0.5685950413223141
sep28k,deployment_deg_val,full_chain,WordRep,2,f1,0.6228373702422145
sep28k,matched_retraining,full_chain,WordRep,2,f1,0.6198347107438017
sep28k,majority_vote_fixed,full_chain,WordRep,2,f1,0.425
sep28k,deployment_fixed,full_chain,WordRep,2,precision,0.43599493029150826
sep28k,deployment_clean_val,full_chain,WordRep,2,precision,0.43599493029150826
sep28k,deployment_deg_val,full_chain,WordRep,2,precision,0.6053811659192825
sep28k,matched_retraining,full_chain,WordRep,2,precision,0.5484460694698354
sep28k,majority_vote_fixed,full_chain,WordRep,2,precision,0.28010139416983526
sep28k,deployment_fixed,full_chain,WordRep,2,recall,0.8171021377672208
sep28k,deployment_clean_val,full_chain,WordRep,2,recall,0.8171021377672208
sep28k,deployment_deg_val,full_chain,WordRep,2,recall,0.6413301662707839
sep28k,matched_retraining,full_chain,WordRep,2,recall,0.7125890736342043
sep28k,majority_vote_fixed,full_chain,WordRep,2,recall,0.8804780876494024
sep28k,deployment_fixed,full_chain,WordRep,2,auc,0.8229940032826684
sep28k,deployment_clean_val,full_chain,WordRep,2,auc,0.8229940032826684
sep28k,deployment_deg_val,full_chain,WordRep,2,auc,0.8229940032826684
sep28k,matched_retraining,full_chain,WordRep,2,auc,0.8389435776246225
sep28k,majority_vote_fixed,full_chain,WordRep,2,auc,0.8477957605778665
sep28k,deployment_fixed,full_chain,WordRep,2,pr_auc,0.6625316528589246
sep28k,deployment_clean_val,full_chain,WordRep,2,pr_auc,0.6625316528589246
sep28k,deployment_deg_val,full_chain,WordRep,2,pr_auc,0.6625316528589246
sep28k,matched_retraining,full_chain,WordRep,2,pr_auc,0.6793730904063274
sep28k,majority_vote_fixed,full_chain,WordRep,2,pr_auc,0.5664976308254164
sep28k,deployment_fixed,full_chain,WordRep,2,ece,0.25108223887543896
sep28k,deployment_clean_val,full_chain,WordRep,2,ece,0.25108223887543896
sep28k,deployment_deg_val,full_chain,WordRep,2,ece,0.25108223887543896
sep28k,matched_retraining,full_chain,WordRep,2,ece,0.14861219533877074
sep28k,majority_vote_fixed,full_chain,WordRep,2,ece,0.35739868665530133
sep28k,deployment_fixed,full_chain,WordRep,2,brier,0.2207024162905683
sep28k,deployment_clean_val,full_chain,WordRep,2,brier,0.2207024162905683
sep28k,deployment_deg_val,full_chain,WordRep,2,brier,0.2207024162905683
sep28k,matched_retraining,full_chain,WordRep,2,brier,0.15766361954878244
sep28k,majority_vote_fixed,full_chain,WordRep,2,brier,0.2609069478428646
sep28k,deployment_fixed,full_chain,Interjection,2,f1,0.7580893682588598
sep28k,deployment_clean_val,full_chain,Interjection,2,f1,0.7519872813990461
sep28k,deployment_deg_val,full_chain,Interjection,2,f1,0.7512402551381998
sep28k,matched_retraining,full_chain,Interjection,2,f1,0.7583586626139818
sep28k,majority_vote_fixed,full_chain,Interjection,2,f1,0.7078972407231209
sep28k,deployment_fixed,full_chain,Interjection,2,precision,0.7821939586645469
sep28k,deployment_clean_val,full_chain,Interjection,2,precision,0.8030560271646859
sep28k,deployment_deg_val,full_chain,Interjection,2,precision,0.7142857142857143
sep28k,matched_retraining,full_chain,Interjection,2,precision,0.7712519319938176
sep28k,majority_vote_fixed,full_chain,Interjection,2,precision,0.5914149443561209
sep28k,deployment_fixed,full_chain,Interjection,2,recall,0.7354260089686099
sep28k,deployment_clean_val,full_chain,Interjection,2,recall,0.7070254110612855
sep28k,deployment_deg_val,full_chain,Interjection,2,recall,0.7922272047832586
sep28k,matched_retraining,full_chain,Interjection,2,recall,0.7458893871449925
sep28k,majority_vote_fixed,full_chain,Interjection,2,recall,0.8815165876777251
sep28k,deployment_fixed,full_chain,Interjection,2,auc,0.8595528553289293
sep28k,deployment_clean_val,full_chain,Interjection,2,auc,0.8595528553289293
sep28k,deployment_deg_val,full_chain,Interjection,2,auc,0.8595528553289293
sep28k,matched_retraining,full_chain,Interjection,2,auc,0.857681984023659
sep28k,majority_vote_fixed,full_chain,Interjection,2,auc,0.9119437722219312
sep28k,deployment_fixed,full_chain,Interjection,2,pr_auc,0.8484817217564291
sep28k,deployment_clean_val,full_chain,Interjection,2,pr_auc,0.8484817217564291
sep28k,deployment_deg_val,full_chain,Interjection,2,pr_auc,0.8484817217564291
sep28k,matched_retraining,full_chain,Interjection,2,pr_auc,0.8510673996927607
sep28k,majority_vote_fixed,full_chain,Interjection,2,pr_auc,0.8075139762989594
sep28k,deployment_fixed,full_chain,Interjection,2,ece,0.05002030385391222
sep28k,deployment_clean_val,full_chain,Interjection,2,ece,0.05002030385391222
sep28k,deployment_deg_val,full_chain,Interjection,2,ece,0.05002030385391222
sep28k,matched_retraining,full_chain,Interjection,2,ece,0.056736258639296475
sep28k,majority_vote_fixed,full_chain,Interjection,2,ece,0.17426351745668475
sep28k,deployment_fixed,full_chain,Interjection,2,brier,0.14494749372705185
sep28k,deployment_clean_val,full_chain,Interjection,2,brier,0.14494749372705185
sep28k,deployment_deg_val,full_chain,Interjection,2,brier,0.14494749372705185
sep28k,matched_retraining,full_chain,Interjection,2,brier,0.14622797361845116
sep28k,majority_vote_fixed,full_chain,Interjection,2,brier,0.14071776537195077
sep28k,deployment_fixed,random_del_30pct,Block,2,f1,0.6103038309114928
sep28k,deployment_clean_val,random_del_30pct,Block,2,f1,0.6338174273858921
sep28k,deployment_deg_val,random_del_30pct,Block,2,f1,0.6319910514541387
sep28k,matched_retraining,random_del_30pct,Block,2,f1,0.611150317572336
sep28k,majority_vote_fixed,random_del_30pct,Block,2,f1,0.3188976377952756
sep28k,deployment_fixed,random_del_30pct,Block,2,precision,0.565483476132191
sep28k,deployment_clean_val,random_del_30pct,Block,2,precision,0.49634443541835904
sep28k,deployment_deg_val,random_del_30pct,Block,2,precision,0.5178735105407882
sep28k,matched_retraining,random_del_30pct,Block,2,precision,0.6013888888888889
sep28k,majority_vote_fixed,random_del_30pct,Block,2,precision,0.19828641370869032
sep28k,deployment_fixed,random_del_30pct,Block,2,recall,0.6628407460545194
sep28k,deployment_clean_val,random_del_30pct,Block,2,recall,0.8766140602582496
sep28k,deployment_deg_val,random_del_30pct,Block,2,recall,0.8106169296987088
sep28k,matched_retraining,random_del_30pct,Block,2,recall,0.6212338593974175
sep28k,majority_vote_fixed,random_del_30pct,Block,2,recall,0.8140703517587939
sep28k,deployment_fixed,random_del_30pct,Block,2,auc,0.6933516146169678
sep28k,deployment_clean_val,random_del_30pct,Block,2,auc,0.6933516146169678
sep28k,deployment_deg_val,random_del_30pct,Block,2,auc,0.6933516146169678
sep28k,matched_retraining,random_del_30pct,Block,2,auc,0.7147038145743398
sep28k,majority_vote_fixed,random_del_30pct,Block,2,auc,0.7465434314429291
sep28k,deployment_fixed,random_del_30pct,Block,2,pr_auc,0.6485420200791734
sep28k,deployment_clean_val,random_del_30pct,Block,2,pr_auc,0.6485420200791734
sep28k,deployment_deg_val,random_del_30pct,Block,2,pr_auc,0.6485420200791734
sep28k,matched_retraining,random_del_30pct,Block,2,pr_auc,0.6567947203779321
sep28k,majority_vote_fixed,random_del_30pct,Block,2,pr_auc,0.28462579556291734
sep28k,deployment_fixed,random_del_30pct,Block,2,ece,0.08984660593895745
sep28k,deployment_clean_val,random_del_30pct,Block,2,ece,0.08984660593895745
sep28k,deployment_deg_val,random_del_30pct,Block,2,ece,0.08984660593895745
sep28k,matched_retraining,random_del_30pct,Block,2,ece,0.055524658541594094
sep28k,majority_vote_fixed,random_del_30pct,Block,2,ece,0.39116360547831075
sep28k,deployment_fixed,random_del_30pct,Block,2,brier,0.22618919314717492
sep28k,deployment_clean_val,random_del_30pct,Block,2,brier,0.22618919314717492
sep28k,deployment_deg_val,random_del_30pct,Block,2,brier,0.22618919314717492
sep28k,matched_retraining,random_del_30pct,Block,2,brier,0.21503197963043863
sep28k,majority_vote_fixed,random_del_30pct,Block,2,brier,0.26608936115726717
sep28k,deployment_fixed,random_del_30pct,Prolongation,2,f1,0.5624365482233502
sep28k,deployment_clean_val,random_del_30pct,Prolongation,2,f1,0.5658153241650294
sep28k,deployment_deg_val,random_del_30pct,Prolongation,2,f1,0.5801526717557252
sep28k,matched_retraining,random_del_30pct,Prolongation,2,f1,0.6001705029838023
sep28k,majority_vote_fixed,random_del_30pct,Prolongation,2,f1,0.3745928338762215
sep28k,deployment_fixed,random_del_30pct,Prolongation,2,precision,0.6008676789587852
sep28k,deployment_clean_val,random_del_30pct,Prolongation,2,precision,0.582995951417004
sep28k,deployment_deg_val,random_del_30pct,Prolongation,2,precision,0.48346055979643765
sep28k,matched_retraining,random_del_30pct,Prolongation,2,precision,0.5423728813559322
sep28k,majority_vote_fixed,random_del_30pct,Prolongation,2,precision,0.24945770065075923
sep28k,deployment_fixed,random_del_30pct,Prolongation,2,recall,0.5286259541984732
sep28k,deployment_clean_val,random_del_30pct,Prolongation,2,recall,0.549618320610687
sep28k,deployment_deg_val,random_del_30pct,Prolongation,2,recall,0.7251908396946565
sep28k,matched_retraining,random_del_30pct,Prolongation,2,recall,0.6717557251908397
sep28k,majority_vote_fixed,random_del_30pct,Prolongation,2,recall,0.7516339869281046
sep28k,deployment_fixed,random_del_30pct,Prolongation,2,auc,0.7459222439197586
sep28k,deployment_clean_val,random_del_30pct,Prolongation,2,auc,0.7459222439197586
sep28k,deployment_deg_val,random_del_30pct,Prolongation,2,auc,0.7459222439197586
sep28k,matched_retraining,random_del_30pct,Prolongation,2,auc,0.762187111663412
sep28k,majority_vote_fixed,random_del_30pct,Prolongation,2,auc,0.8332790931033548
sep28k,deployment_fixed,random_del_30pct,Prolongation,2,pr_auc,0.6296652891950599
sep28k,deployment_clean_val,random_del_30pct,Prolongation,2,pr_auc,0.6296652891950599
sep28k,deployment_deg_val,random_del_30pct,Prolongation,2,pr_auc,0.6296652891950599
sep28k,matched_retraining,random_del_30pct,Prolongation,2,pr_auc,0.6375634710038506
sep28k,majority_vote_fixed,random_del_30pct,Prolongation,2,pr_auc,0.4173915754966617
sep28k,deployment_fixed,random_del_30pct,Prolongation,2,ece,0.06284017038356862
sep28k,deployment_clean_val,random_del_30pct,Prolongation,2,ece,0.06284017038356862
sep28k,deployment_deg_val,random_del_30pct,Prolongation,2,ece,0.06284017038356862
sep28k,matched_retraining,random_del_30pct,Prolongation,2,ece,0.12426377054717452
sep28k,majority_vote_fixed,random_del_30pct,Prolongation,2,ece,0.2857051924554454
sep28k,deployment_fixed,random_del_30pct,Prolongation,2,brier,0.18381574264428605
sep28k,deployment_clean_val,random_del_30pct,Prolongation,2,brier,0.18381574264428605
sep28k,deployment_deg_val,random_del_30pct,Prolongation,2,brier,0.18381574264428605
sep28k,matched_retraining,random_del_30pct,Prolongation,2,brier,0.1934478431988736
sep28k,majority_vote_fixed,random_del_30pct,Prolongation,2,brier,0.16788760040324108
sep28k,deployment_fixed,random_del_30pct,SoundRep,2,f1,0.6121673003802282
sep28k,deployment_clean_val,random_del_30pct,SoundRep,2,f1,0.6121673003802282
sep28k,deployment_deg_val,random_del_30pct,SoundRep,2,f1,0.6079664570230608
sep28k,matched_retraining,random_del_30pct,SoundRep,2,f1,0.6209081309398099
sep28k,majority_vote_fixed,random_del_30pct,SoundRep,2,f1,0.3829236739974127
sep28k,deployment_fixed,random_del_30pct,SoundRep,2,precision,0.5466893039049237
sep28k,deployment_clean_val,random_del_30pct,SoundRep,2,precision,0.5466893039049237
sep28k,deployment_deg_val,random_del_30pct,SoundRep,2,precision,0.5906313645621182
sep28k,matched_retraining,random_del_30pct,SoundRep,2,precision,0.6074380165289256
sep28k,majority_vote_fixed,random_del_30pct,SoundRep,2,precision,0.25127334465195245
sep28k,deployment_fixed,random_del_30pct,SoundRep,2,recall,0.6954643628509719
sep28k,deployment_clean_val,random_del_30pct,SoundRep,2,recall,0.6954643628509719
sep28k,deployment_deg_val,random_del_30pct,SoundRep,2,recall,0.6263498920086393
sep28k,matched_retraining,random_del_30pct,SoundRep,2,recall,0.6349892008639308
sep28k,majority_vote_fixed,random_del_30pct,SoundRep,2,recall,0.8043478260869565
sep28k,deployment_fixed,random_del_30pct,SoundRep,2,auc,0.8087526237337633
sep28k,deployment_clean_val,random_del_30pct,SoundRep,2,auc,0.8087526237337633
sep28k,deployment_deg_val,random_del_30pct,SoundRep,2,auc,0.8087526237337633
sep28k,matched_retraining,random_del_30pct,SoundRep,2,auc,0.8114847291089952
sep28k,majority_vote_fixed,random_del_30pct,SoundRep,2,auc,0.8289560608388384
sep28k,deployment_fixed,random_del_30pct,SoundRep,2,pr_auc,0.6749764354722363
sep28k,deployment_clean_val,random_del_30pct,SoundRep,2,pr_auc,0.6749764354722363
sep28k,deployment_deg_val,random_del_30pct,SoundRep,2,pr_auc,0.6749764354722363
sep28k,matched_retraining,random_del_30pct,SoundRep,2,pr_auc,0.6787519051952579
sep28k,majority_vote_fixed,random_del_30pct,SoundRep,2,pr_auc,0.43789035425383066
sep28k,deployment_fixed,random_del_30pct,SoundRep,2,ece,0.1374583370512744
sep28k,deployment_clean_val,random_del_30pct,SoundRep,2,ece,0.1374583370512744
sep28k,deployment_deg_val,random_del_30pct,SoundRep,2,ece,0.1374583370512744
sep28k,matched_retraining,random_del_30pct,SoundRep,2,ece,0.09740318468400137
sep28k,majority_vote_fixed,random_del_30pct,SoundRep,2,ece,0.31194238958410736
sep28k,deployment_fixed,random_del_30pct,SoundRep,2,brier,0.17471460631152194
sep28k,deployment_clean_val,random_del_30pct,SoundRep,2,brier,0.17471460631152194
sep28k,deployment_deg_val,random_del_30pct,SoundRep,2,brier,0.17471460631152194
sep28k,matched_retraining,random_del_30pct,SoundRep,2,brier,0.15997262555683278
sep28k,majority_vote_fixed,random_del_30pct,SoundRep,2,brier,0.21002317922317015
sep28k,deployment_fixed,random_del_30pct,WordRep,2,f1,0.626
sep28k,deployment_clean_val,random_del_30pct,WordRep,2,f1,0.626
sep28k,deployment_deg_val,random_del_30pct,WordRep,2,f1,0.6363636363636364
sep28k,matched_retraining,random_del_30pct,WordRep,2,f1,0.63125
sep28k,majority_vote_fixed,random_del_30pct,WordRep,2,f1,0.5060240963855421
sep28k,deployment_fixed,random_del_30pct,WordRep,2,precision,0.540587219343696
sep28k,deployment_clean_val,random_del_30pct,WordRep,2,precision,0.540587219343696
sep28k,deployment_deg_val,random_del_30pct,WordRep,2,precision,0.6409638554216868
sep28k,matched_retraining,random_del_30pct,WordRep,2,precision,0.562152133580705
sep28k,majority_vote_fixed,random_del_30pct,WordRep,2,precision,0.3626943005181347
sep28k,deployment_fixed,random_del_30pct,WordRep,2,recall,0.7434679334916865
sep28k,deployment_clean_val,random_del_30pct,WordRep,2,recall,0.7434679334916865
sep28k,deployment_deg_val,random_del_30pct,WordRep,2,recall,0.6318289786223278
sep28k,matched_retraining,random_del_30pct,WordRep,2,recall,0.7197149643705463
sep28k,majority_vote_fixed,random_del_30pct,WordRep,2,recall,0.8366533864541833
sep28k,deployment_fixed,random_del_30pct,WordRep,2,auc,0.8328379757147064
sep28k,deployment_clean_val,random_del_30pct,WordRep,2,auc,0.8328379757147064
sep28k,deployment_deg_val,random_del_30pct,WordRep,2,auc,0.8328379757147064
sep28k,matched_retraining,random_del_30pct,WordRep,2,auc,0.8354633038807271
sep28k,majority_vote_fixed,random_del_30pct,WordRep,2,auc,0.8598868620473595
sep28k,deployment_fixed,random_del_30pct,WordRep,2,pr_auc,0.6659379799457252
sep28k,deployment_clean_val,random_del_30pct,WordRep,2,pr_auc,0.6659379799457252
sep28k,deployment_deg_val,random_del_30pct,WordRep,2,pr_auc,0.6659379799457252
sep28k,matched_retraining,random_del_30pct,WordRep,2,pr_auc,0.6659140841334967
sep28k,majority_vote_fixed,random_del_30pct,WordRep,2,pr_auc,0.5215635837310322
sep28k,deployment_fixed,random_del_30pct,WordRep,2,ece,0.1496039227901163
sep28k,deployment_clean_val,random_del_30pct,WordRep,2,ece,0.1496039227901163
sep28k,deployment_deg_val,random_del_30pct,WordRep,2,ece,0.1496039227901163
sep28k,matched_retraining,random_del_30pct,WordRep,2,ece,0.15114095652828213
sep28k,majority_vote_fixed,random_del_30pct,WordRep,2,ece,0.2559203705699787
sep28k,deployment_fixed,random_del_30pct,WordRep,2,brier,0.16487793029417677
sep28k,deployment_clean_val,random_del_30pct,WordRep,2,brier,0.16487793029417677
sep28k,deployment_deg_val,random_del_30pct,WordRep,2,brier,0.16487793029417677
sep28k,matched_retraining,random_del_30pct,WordRep,2,brier,0.15892247039629523
sep28k,majority_vote_fixed,random_del_30pct,WordRep,2,brier,0.1819732483700906
sep28k,deployment_fixed,random_del_30pct,Interjection,2,f1,0.7703595011005135
sep28k,deployment_clean_val,random_del_30pct,Interjection,2,f1,0.7644376899696048
sep28k,deployment_deg_val,random_del_30pct,Interjection,2,f1,0.7686781609195402
sep28k,matched_retraining,random_del_30pct,Interjection,2,f1,0.7603305785123967
sep28k,majority_vote_fixed,random_del_30pct,Interjection,2,f1,0.6863799283154122
sep28k,deployment_fixed,random_del_30pct,Interjection,2,precision,0.7564841498559077
sep28k,deployment_clean_val,random_del_30pct,Interjection,2,precision,0.7774343122102009
sep28k,deployment_deg_val,random_del_30pct,Interjection,2,precision,0.739972337482711
sep28k,matched_retraining,random_del_30pct,Interjection,2,precision,0.7643504531722054
sep28k,majority_vote_fixed,random_del_30pct,Interjection,2,precision,0.5518731988472623
sep28k,deployment_fixed,random_del_30pct,Interjection,2,recall,0.7847533632286996
sep28k,deployment_clean_val,random_del_30pct,Interjection,2,recall,0.7518684603886397
sep28k,deployment_deg_val,random_del_30pct,Interjection,2,recall,0.7997010463378177
sep28k,matched_retraining,random_del_30pct,Interjection,2,recall,0.7563527653213752
sep28k,majority_vote_fixed,random_del_30pct,Interjection,2,recall,0.9075829383886256
sep28k,deployment_fixed,random_del_30pct,Interjection,2,auc,0.8701464230033592
sep28k,deployment_clean_val,random_del_30pct,Interjection,2,auc,0.8701464230033592
sep28k,deployment_deg_val,random_del_30pct,Interjection,2,auc,0.8701464230033592
sep28k,matched_retraining,random_del_30pct,Interjection,2,auc,0.8660478647315042
sep28k,majority_vote_fixed,random_del_30pct,Interjection,2,auc,0.9083681300760629
sep28k,deployment_fixed,random_del_30pct,Interjection,2,pr_auc,0.8639207843142849
sep28k,deployment_clean_val,random_del_30pct,Interjection,2,pr_auc,0.8639207843142849
sep28k,deployment_deg_val,random_del_30pct,Interjection,2,pr_auc,0.8639207843142849
sep28k,matched_retraining,random_del_30pct,Interjection,2,pr_auc,0.8600114376006802
sep28k,majority_vote_fixed,random_del_30pct,Interjection,2,pr_auc,0.8039132204601406
sep28k,deployment_fixed,random_del_30pct,Interjection,2,ece,0.07406383336100246
sep28k,deployment_clean_val,random_del_30pct,Interjection,2,ece,0.07406383336100246
sep28k,deployment_deg_val,random_del_30pct,Interjection,2,ece,0.07406383336100246
sep28k,matched_retraining,random_del_30pct,Interjection,2,ece,0.06431743175800105
sep28k,majority_vote_fixed,random_del_30pct,Interjection,2,ece,0.22853537807644964
sep28k,deployment_fixed,random_del_30pct,Interjection,2,brier,0.14351679517574378
sep28k,deployment_clean_val,random_del_30pct,Interjection,2,brier,0.14351679517574378
sep28k,deployment_deg_val,random_del_30pct,Interjection,2,brier,0.14351679517574378
sep28k,matched_retraining,random_del_30pct,Interjection,2,brier,0.14403477733814204
sep28k,majority_vote_fixed,random_del_30pct,Interjection,2,brier,0.16193507377821484
sep28k,clean_baseline,clean,Block,3,f1,0.6475095785440613
sep28k,clean_mlp_baseline,clean,Block,3,f1,0.6134275618374558
sep28k,clean_majority_vote,clean,Block,3,f1,0.31929480901077373
sep28k,clean_baseline,clean,Block,3,precision,0.6228501228501229
sep28k,clean_mlp_baseline,clean,Block,3,precision,0.6546003016591252
sep28k,clean_majority_vote,clean,Block,3,precision,0.20024570024570024
sep28k,clean_baseline,clean,Block,3,recall,0.6742021276595744
sep28k,clean_mlp_baseline,clean,Block,3,recall,0.5771276595744681
sep28k,clean_majority_vote,clean,Block,3,recall,0.7874396135265701
sep28k,clean_baseline,clean,Block,3,auc,0.7190506543746389
sep28k,clean_mlp_baseline,clean,Block,3,auc,0.7195075234243513
sep28k,clean_majority_vote,clean,Block,3,auc,0.7367427397412405
sep28k,clean_baseline,clean,Block,3,pr_auc,0.67710205193788
sep28k,clean_mlp_baseline,clean,Block,3,pr_auc,0.6838559677519104
sep28k,clean_majority_vote,clean,Block,3,pr_auc,0.2976014182074225
sep28k,clean_baseline,clean,Block,3,ece,0.04718115565055574
sep28k,clean_mlp_baseline,clean,Block,3,ece,0.03616508785600286
sep28k,clean_majority_vote,clean,Block,3,ece,0.38412721208091144
sep28k,clean_baseline,clean,Block,3,brier,0.2159504302656856
sep28k,clean_mlp_baseline,clean,Block,3,brier,0.21391905844211578
sep28k,clean_majority_vote,clean,Block,3,brier,0.26708792561218453
sep28k,clean_baseline,clean,Prolongation,3,f1,0.6368159203980099
sep28k,clean_mlp_baseline,clean,Prolongation,3,f1,0.587890625
sep28k,clean_majority_vote,clean,Prolongation,3,f1,0.41978287092882993
sep28k,clean_baseline,clean,Prolongation,3,precision,0.6018808777429467
sep28k,clean_mlp_baseline,clean,Prolongation,3,precision,0.6600877192982456
sep28k,clean_majority_vote,clean,Prolongation,3,precision,0.2727272727272727
sep28k,clean_baseline,clean,Prolongation,3,recall,0.676056338028169
sep28k,clean_mlp_baseline,clean,Prolongation,3,recall,0.5299295774647887
sep28k,clean_majority_vote,clean,Prolongation,3,recall,0.9109947643979057
sep28k,clean_baseline,clean,Prolongation,3,auc,0.7861368014098168
sep28k,clean_mlp_baseline,clean,Prolongation,3,auc,0.7850609964344749
sep28k,clean_majority_vote,clean,Prolongation,3,auc,0.8656145882912899
sep28k,clean_baseline,clean,Prolongation,3,pr_auc,0.6827419788727961
sep28k,clean_mlp_baseline,clean,Prolongation,3,pr_auc,0.6808401280945469
sep28k,clean_majority_vote,clean,Prolongation,3,pr_auc,0.51074255958965
sep28k,clean_baseline,clean,Prolongation,3,ece,0.10409925773480704
sep28k,clean_mlp_baseline,clean,Prolongation,3,ece,0.02938820789332238
sep28k,clean_majority_vote,clean,Prolongation,3,ece,0.33987161545838424
sep28k,clean_baseline,clean,Prolongation,3,brier,0.1861821682298748
sep28k,clean_mlp_baseline,clean,Prolongation,3,brier,0.17583350837230682
sep28k,clean_majority_vote,clean,Prolongation,3,brier,0.21276963337169064
sep28k,clean_baseline,clean,SoundRep,3,f1,0.685972850678733
sep28k,clean_mlp_baseline,clean,SoundRep,3,f1,0.6365795724465558
sep28k,clean_majority_vote,clean,SoundRep,3,f1,0.4505363528009535
sep28k,clean_baseline,clean,SoundRep,3,precision,0.6025437201907791
sep28k,clean_mlp_baseline,clean,SoundRep,3,precision,0.73224043715847
sep28k,clean_majority_vote,clean,SoundRep,3,precision,0.3004769475357711
sep28k,clean_baseline,clean,SoundRep,3,recall,0.7962184873949579
sep28k,clean_mlp_baseline,clean,SoundRep,3,recall,0.5630252100840336
sep28k,clean_majority_vote,clean,SoundRep,3,recall,0.9
sep28k,clean_baseline,clean,SoundRep,3,auc,0.8660157740745451
sep28k,clean_mlp_baseline,clean,SoundRep,3,auc,0.8631067743214829
sep28k,clean_majority_vote,clean,SoundRep,3,auc,0.8838595769481298
sep28k,clean_baseline,clean,SoundRep,3,pr_auc,0.7455196442262737
sep28k,clean_mlp_baseline,clean,SoundRep,3,pr_auc,0.7411751897649244
sep28k,clean_majority_vote,clean,SoundRep,3,pr_auc,0.5742408763959124
sep28k,clean_baseline,clean,SoundRep,3,ece,0.13838545154339574
sep28k,clean_mlp_baseline,clean,SoundRep,3,ece,0.027583843212413965
sep28k,clean_majority_vote,clean,SoundRep,3,ece,0.30473942277541577
sep28k,clean_baseline,clean,SoundRep,3,brier,0.15273011068916909
sep28k,clean_mlp_baseline,clean,SoundRep,3,brier,0.13288180530071259
sep28k,clean_majority_vote,clean,SoundRep,3,brier,0.19921004157594885
sep28k,clean_baseline,clean,WordRep,3,f1,0.6173120728929385
sep28k,clean_mlp_baseline,clean,WordRep,3,f1,0.5691823899371069
sep28k,clean_majority_vote,clean,WordRep,3,f1,0.5034770514603616
sep28k,clean_baseline,clean,WordRep,3,precision,0.5398406374501992
sep28k,clean_mlp_baseline,clean,WordRep,3,precision,0.6961538461538461
sep28k,clean_majority_vote,clean,WordRep,3,precision,0.3605577689243028
sep28k,clean_baseline,clean,WordRep,3,recall,0.7207446808510638
sep28k,clean_mlp_baseline,clean,WordRep,3,recall,0.48138297872340424
sep28k,clean_majority_vote,clean,WordRep,3,recall,0.8341013824884793
sep28k,clean_baseline,clean,WordRep,3,auc,0.8412649397192116
sep28k,clean_mlp_baseline,clean,WordRep,3,auc,0.8357652963587967
sep28k,clean_majority_vote,clean,WordRep,3,auc,0.8806144837842705
sep28k,clean_baseline,clean,WordRep,3,pr_auc,0.6459217479673883
sep28k,clean_mlp_baseline,clean,WordRep,3,pr_auc,0.6612446765724167
sep28k,clean_majority_vote,clean,WordRep,3,pr_auc,0.5321828591319756
sep28k,clean_baseline,clean,WordRep,3,ece,0.16471973360706466
sep28k,clean_mlp_baseline,clean,WordRep,3,ece,0.032169017290755914
sep28k,clean_majority_vote,clean,WordRep,3,ece,0.2641568818247007
sep28k,clean_baseline,clean,WordRep,3,brier,0.1552181447616826
sep28k,clean_mlp_baseline,clean,WordRep,3,brier,0.1248723566532135
sep28k,clean_majority_vote,clean,WordRep,3,brier,0.16568676725614767
sep28k,clean_baseline,clean,Interjection,3,f1,0.753956834532374
sep28k,clean_mlp_baseline,clean,Interjection,3,f1,0.7577464788732394
sep28k,clean_majority_vote,clean,Interjection,3,f1,0.7074707470747075
sep28k,clean_baseline,clean,Interjection,3,precision,0.7616279069767442
sep28k,clean_mlp_baseline,clean,Interjection,3,precision,0.7493036211699164
sep28k,clean_majority_vote,clean,Interjection,3,precision,0.5712209302325582
sep28k,clean_baseline,clean,Interjection,3,recall,0.7464387464387464
sep28k,clean_mlp_baseline,clean,Interjection,3,recall,0.7663817663817664
sep28k,clean_majority_vote,clean,Interjection,3,recall,0.9290780141843972
sep28k,clean_baseline,clean,Interjection,3,auc,0.8557870965897721
sep28k,clean_mlp_baseline,clean,Interjection,3,auc,0.8516136409112998
sep28k,clean_majority_vote,clean,Interjection,3,auc,0.9253831556263167
sep28k,clean_baseline,clean,Interjection,3,pr_auc,0.850632804879715
sep28k,clean_mlp_baseline,clean,Interjection,3,pr_auc,0.8472250510721324
sep28k,clean_majority_vote,clean,Interjection,3,pr_auc,0.828698437079961
sep28k,clean_baseline,clean,Interjection,3,ece,0.04981428024849328
sep28k,clean_mlp_baseline,clean,Interjection,3,ece,0.053805538663422796
sep28k,clean_majority_vote,clean,Interjection,3,ece,0.22354386966634493
sep28k,clean_baseline,clean,Interjection,3,brier,0.1513161799637307
sep28k,clean_mlp_baseline,clean,Interjection,3,brier,0.15479540824890137
sep28k,clean_majority_vote,clean,Interjection,3,brier,0.1524898913422221
sep28k,deployment_fixed,clean,Block,3,f1,0.6475095785440613
sep28k,deployment_clean_val,clean,Block,3,f1,0.6749156355455568
sep28k,deployment_deg_val,clean,Block,3,f1,0.6749156355455568
sep28k,matched_retraining,clean,Block,3,f1,0.6475095785440613
sep28k,majority_vote_fixed,clean,Block,3,f1,0.31929480901077373
sep28k,deployment_fixed,clean,Block,3,precision,0.6228501228501229
sep28k,deployment_clean_val,clean,Block,3,precision,0.5847953216374269
sep28k,deployment_deg_val,clean,Block,3,precision,0.5847953216374269
sep28k,matched_retraining,clean,Block,3,precision,0.6228501228501229
sep28k,majority_vote_fixed,clean,Block,3,precision,0.20024570024570024
sep28k,deployment_fixed,clean,Block,3,recall,0.6742021276595744
sep28k,deployment_clean_val,clean,Block,3,recall,0.7978723404255319
sep28k,deployment_deg_val,clean,Block,3,recall,0.7978723404255319
sep28k,matched_retraining,clean,Block,3,recall,0.6742021276595744
sep28k,majority_vote_fixed,clean,Block,3,recall,0.7874396135265701
sep28k,deployment_fixed,clean,Block,3,auc,0.7190506543746389
sep28k,deployment_clean_val,clean,Block,3,auc,0.7190506543746389
sep28k,deployment_deg_val,clean,Block,3,auc,0.7190506543746389
sep28k,matched_retraining,clean,Block,3,auc,0.7190506543746389
sep28k,majority_vote_fixed,clean,Block,3,auc,0.7367427397412405
sep28k,deployment_fixed,clean,Block,3,pr_auc,0.67710205193788
sep28k,deployment_clean_val,clean,Block,3,pr_auc,0.67710205193788
sep28k,deployment_deg_val,clean,Block,3,pr_auc,0.67710205193788
sep28k,matched_retraining,clean,Block,3,pr_auc,0.67710205193788
sep28k,majority_vote_fixed,clean,Block,3,pr_auc,0.2976014182074225
sep28k,deployment_fixed,clean,Block,3,ece,0.04718115565055574
sep28k,deployment_clean_val,clean,Block,3,ece,0.04718115565055574
sep28k,deployment_deg_val,clean,Block,3,ece,0.04718115565055574
sep28k,matched_retraining,clean,Block,3,ece,0.04718115565055574
sep28k,majority_vote_fixed,clean,Block,3,ece,0.38412721208091144
sep28k,deployment_fixed,clean,Block,3,brier,0.2159504302656856
sep28k,deployment_clean_val,clean,Block,3,brier,0.2159504302656856
sep28k,deployment_deg_val,clean,Block,3,brier,0.2159504302656856
sep28k,matched_retraining,clean,Block,3,brier,0.2159504302656856
sep28k,majority_vote_fixed,clean,Block,3,brier,0.26708792561218453
sep28k,deployment_fixed,clean,Prolongation,3,f1,0.6368159203980099
sep28k,deployment_clean_val,clean,Prolongation,3,f1,0.6308610400682012
sep28k,deployment_deg_val,clean,Prolongation,3,f1,0.6308610400682012
sep28k,matched_retraining,clean,Prolongation,3,f1,0.6368159203980099
sep28k,majority_vote_fixed,clean,Prolongation,3,f1,0.41978287092882993
sep28k,deployment_fixed,clean,Prolongation,3,precision,0.6018808777429467
sep28k,deployment_clean_val,clean,Prolongation,3,precision,0.6115702479338843
sep28k,deployment_deg_val,clean,Prolongation,3,precision,0.6115702479338843
sep28k,matched_retraining,clean,Prolongation,3,precision,0.6018808777429467
sep28k,majority_vote_fixed,clean,Prolongation,3,precision,0.2727272727272727
sep28k,deployment_fixed,clean,Prolongation,3,recall,0.676056338028169
sep28k,deployment_clean_val,clean,Prolongation,3,recall,0.6514084507042254
sep28k,deployment_deg_val,clean,Prolongation,3,recall,0.6514084507042254
sep28k,matched_retraining,clean,Prolongation,3,recall,0.676056338028169
sep28k,majority_vote_fixed,clean,Prolongation,3,recall,0.9109947643979057
sep28k,deployment_fixed,clean,Prolongation,3,auc,0.7861368014098168
sep28k,deployment_clean_val,clean,Prolongation,3,auc,0.7861368014098168
sep28k,deployment_deg_val,clean,Prolongation,3,auc,0.7861368014098168
sep28k,matched_retraining,clean,Prolongation,3,auc,0.7861368014098168
sep28k,majority_vote_fixed,clean,Prolongation,3,auc,0.8656145882912899
sep28k,deployment_fixed,clean,Prolongation,3,pr_auc,0.6827419788727961
sep28k,deployment_clean_val,clean,Prolongation,3,pr_auc,0.6827419788727961
sep28k,deployment_deg_val,clean,Prolongation,3,pr_auc,0.6827419788727961
sep28k,matched_retraining,clean,Prolongation,3,pr_auc,0.6827419788727961
sep28k,majority_vote_fixed,clean,Prolongation,3,pr_auc,0.51074255958965
sep28k,deployment_fixed,clean,Prolongation,3,ece,0.10409925773480704
sep28k,deployment_clean_val,clean,Prolongation,3,ece,0.10409925773480704
sep28k,deployment_deg_val,clean,Prolongation,3,ece,0.10409925773480704
sep28k,matched_retraining,clean,Prolongation,3,ece,0.10409925773480704
sep28k,majority_vote_fixed,clean,Prolongation,3,ece,0.33987161545838424
sep28k,deployment_fixed,clean,Prolongation,3,brier,0.1861821682298748
sep28k,deployment_clean_val,clean,Prolongation,3,brier,0.1861821682298748
sep28k,deployment_deg_val,clean,Prolongation,3,brier,0.1861821682298748
sep28k,matched_retraining,clean,Prolongation,3,brier,0.1861821682298748
sep28k,majority_vote_fixed,clean,Prolongation,3,brier,0.21276963337169064
sep28k,deployment_fixed,clean,SoundRep,3,f1,0.685972850678733
sep28k,deployment_clean_val,clean,SoundRep,3,f1,0.672636815920398
sep28k,deployment_deg_val,clean,SoundRep,3,f1,0.672636815920398
sep28k,matched_retraining,clean,SoundRep,3,f1,0.685972850678733
sep28k,majority_vote_fixed,clean,SoundRep,3,f1,0.4505363528009535
sep28k,deployment_fixed,clean,SoundRep,3,precision,0.6025437201907791
sep28k,deployment_clean_val,clean,SoundRep,3,precision,0.6389413988657845
sep28k,deployment_deg_val,clean,SoundRep,3,precision,0.6389413988657845
sep28k,matched_retraining,clean,SoundRep,3,precision,0.6025437201907791
sep28k,majority_vote_fixed,clean,SoundRep,3,precision,0.3004769475357711
sep28k,deployment_fixed,clean,SoundRep,3,recall,0.7962184873949579
sep28k,deployment_clean_val,clean,SoundRep,3,recall,0.7100840336134454
sep28k,deployment_deg_val,clean,SoundRep,3,recall,0.7100840336134454
sep28k,matched_retraining,clean,SoundRep,3,recall,0.7962184873949579
sep28k,majority_vote_fixed,clean,SoundRep,3,recall,0.9
sep28k,deployment_fixed,clean,SoundRep,3,auc,0.8660157740745451
sep28k,deployment_clean_val,clean,SoundRep,3,auc,0.8660157740745451
sep28k,deployment_deg_val,clean,SoundRep,3,auc,0.8660157740745451
sep28k,matched_retraining,clean,SoundRep,3,auc,0.8660157740745451
sep28k,majority_vote_fixed,clean,SoundRep,3,auc,0.8838595769481298
sep28k,deployment_fixed,clean,SoundRep,3,pr_auc,0.7455196442262737
sep28k,deployment_clean_val,clean,SoundRep,3,pr_auc,0.7455196442262737
sep28k,deployment_deg_val,clean,SoundRep,3,pr_auc,0.7455196442262737
sep28k,matched_retraining,clean,SoundRep,3,pr_auc,0.7455196442262737
sep28k,majority_vote_fixed,clean,SoundRep,3,pr_auc,0.5742408763959124
sep28k,deployment_fixed,clean,SoundRep,3,ece,0.13838545154339574
sep28k,deployment_clean_val,clean,SoundRep,3,ece,0.13838545154339574
sep28k,deployment_deg_val,clean,SoundRep,3,ece,0.13838545154339574
sep28k,matched_retraining,clean,SoundRep,3,ece,0.13838545154339574
sep28k,majority_vote_fixed,clean,SoundRep,3,ece,0.30473942277541577
sep28k,deployment_fixed,clean,SoundRep,3,brier,0.15273011068916909
sep28k,deployment_clean_val,clean,SoundRep,3,brier,0.15273011068916909
sep28k,deployment_deg_val,clean,SoundRep,3,brier,0.15273011068916909
sep28k,matched_retraining,clean,SoundRep,3,brier,0.15273011068916909
sep28k,majority_vote_fixed,clean,SoundRep,3,brier,0.19921004157594885
sep28k,deployment_fixed,clean,WordRep,3,f1,0.6173120728929385
sep28k,deployment_clean_val,clean,WordRep,3,f1,0.6173120728929385
sep28k,deployment_deg_val,clean,WordRep,3,f1,0.6173120728929385
sep28k,matched_retraining,clean,WordRep,3,f1,0.6173120728929385
sep28k,majority_vote_fixed,clean,WordRep,3,f1,0.5034770514603616
sep28k,deployment_fixed,clean,WordRep,3,precision,0.5398406374501992
sep28k,deployment_clean_val,clean,WordRep,3,precision,0.5398406374501992
sep28k,deployment_deg_val,clean,WordRep,3,precision,0.5398406374501992
sep28k,matched_retraining,clean,WordRep,3,precision,0.5398406374501992
sep28k,majority_vote_fixed,clean,WordRep,3,precision,0.3605577689243028
sep28k,deployment_fixed,clean,WordRep,3,recall,0.7207446808510638
sep28k,deployment_clean_val,clean,WordRep,3,recall,0.7207446808510638
sep28k,deployment_deg_val,clean,WordRep,3,recall,0.7207446808510638
sep28k,matched_retraining,clean,WordRep,3,recall,0.7207446808510638
sep28k,majority_vote_fixed,clean,WordRep,3,recall,0.8341013824884793
sep28k,deployment_fixed,clean,WordRep,3,auc,0.8412649397192116
sep28k,deployment_clean_val,clean,WordRep,3,auc,0.8412649397192116
sep28k,deployment_deg_val,clean,WordRep,3,auc,0.8412649397192116
sep28k,matched_retraining,clean,WordRep,3,auc,0.8412649397192116
sep28k,majority_vote_fixed,clean,WordRep,3,auc,0.8806144837842705
sep28k,deployment_fixed,clean,WordRep,3,pr_auc,0.6459217479673883
sep28k,deployment_clean_val,clean,WordRep,3,pr_auc,0.6459217479673883
sep28k,deployment_deg_val,clean,WordRep,3,pr_auc,0.6459217479673883
sep28k,matched_retraining,clean,WordRep,3,pr_auc,0.6459217479673883
sep28k,majority_vote_fixed,clean,WordRep,3,pr_auc,0.5321828591319756
sep28k,deployment_fixed,clean,WordRep,3,ece,0.16471973360706466
sep28k,deployment_clean_val,clean,WordRep,3,ece,0.16471973360706466
sep28k,deployment_deg_val,clean,WordRep,3,ece,0.16471973360706466
sep28k,matched_retraining,clean,WordRep,3,ece,0.16471973360706466
sep28k,majority_vote_fixed,clean,WordRep,3,ece,0.2641568818247007
sep28k,deployment_fixed,clean,WordRep,3,brier,0.1552181447616826
sep28k,deployment_clean_val,clean,WordRep,3,brier,0.1552181447616826
sep28k,deployment_deg_val,clean,WordRep,3,brier,0.1552181447616826
sep28k,matched_retraining,clean,WordRep,3,brier,0.1552181447616826
sep28k,majority_vote_fixed,clean,WordRep,3,brier,0.16568676725614767
sep28k,deployment_fixed,clean,Interjection,3,f1,0.753956834532374
sep28k,deployment_clean_val,clean,Interjection,3,f1,0.7569060773480663
sep28k,deployment_deg_val,clean,Interjection,3,f1,0.7569060773480663
sep28k,matched_retraining,clean,Interjection,3,f1,0.753956834532374
sep28k,majority_vote_fixed,clean,Interjection,3,f1,0.7074707470747075
sep28k,deployment_fixed,clean,Interjection,3,precision,0.7616279069767442
sep28k,deployment_clean_val,clean,Interjection,3,precision,0.7345844504021448
sep28k,deployment_deg_val,clean,Interjection,3,precision,0.7345844504021448
sep28k,matched_retraining,clean,Interjection,3,precision,0.7616279069767442
sep28k,majority_vote_fixed,clean,Interjection,3,precision,0.5712209302325582
sep28k,deployment_fixed,clean,Interjection,3,recall,0.7464387464387464
sep28k,deployment_clean_val,clean,Interjection,3,recall,0.7806267806267806
sep28k,deployment_deg_val,clean,Interjection,3,recall,0.7806267806267806
sep28k,matched_retraining,clean,Interjection,3,recall,0.7464387464387464
sep28k,majority_vote_fixed,clean,Interjection,3,recall,0.9290780141843972
sep28k,deployment_fixed,clean,Interjection,3,auc,0.8557870965897721
sep28k,deployment_clean_val,clean,Interjection,3,auc,0.8557870965897721
sep28k,deployment_deg_val,clean,Interjection,3,auc,0.8557870965897721
sep28k,matched_retraining,clean,Interjection,3,auc,0.8557870965897721
sep28k,majority_vote_fixed,clean,Interjection,3,auc,0.9253831556263167
sep28k,deployment_fixed,clean,Interjection,3,pr_auc,0.850632804879715
sep28k,deployment_clean_val,clean,Interjection,3,pr_auc,0.850632804879715
sep28k,deployment_deg_val,clean,Interjection,3,pr_auc,0.850632804879715
sep28k,matched_retraining,clean,Interjection,3,pr_auc,0.850632804879715
sep28k,majority_vote_fixed,clean,Interjection,3,pr_auc,0.828698437079961
sep28k,deployment_fixed,clean,Interjection,3,ece,0.04981428024849328
sep28k,deployment_clean_val,clean,Interjection,3,ece,0.04981428024849328
sep28k,deployment_deg_val,clean,Interjection,3,ece,0.04981428024849328
sep28k,matched_retraining,clean,Interjection,3,ece,0.04981428024849328
sep28k,majority_vote_fixed,clean,Interjection,3,ece,0.22354386966634493
sep28k,deployment_fixed,clean,Interjection,3,brier,0.1513161799637307
sep28k,deployment_clean_val,clean,Interjection,3,brier,0.1513161799637307
sep28k,deployment_deg_val,clean,Interjection,3,brier,0.1513161799637307
sep28k,matched_retraining,clean,Interjection,3,brier,0.1513161799637307
sep28k,majority_vote_fixed,clean,Interjection,3,brier,0.1524898913422221
sep28k,deployment_fixed,opus_16k,Block,3,f1,0.6427196921103271
sep28k,deployment_clean_val,opus_16k,Block,3,f1,0.6745230078563412
sep28k,deployment_deg_val,opus_16k,Block,3,f1,0.6748663101604279
sep28k,matched_retraining,opus_16k,Block,3,f1,0.6406149903907752
sep28k,majority_vote_fixed,opus_16k,Block,3,f1,0.3136094674556213
sep28k,deployment_fixed,opus_16k,Block,3,precision,0.620817843866171
sep28k,deployment_clean_val,opus_16k,Block,3,precision,0.583495145631068
sep28k,deployment_deg_val,opus_16k,Block,3,precision,0.5644007155635062
sep28k,matched_retraining,opus_16k,Block,3,precision,0.6180469715698393
sep28k,majority_vote_fixed,opus_16k,Block,3,precision,0.1970260223048327
sep28k,deployment_fixed,opus_16k,Block,3,recall,0.6662234042553191
sep28k,deployment_clean_val,opus_16k,Block,3,recall,0.7992021276595744
sep28k,deployment_deg_val,opus_16k,Block,3,recall,0.839095744680851
sep28k,matched_retraining,opus_16k,Block,3,recall,0.6648936170212766
sep28k,majority_vote_fixed,opus_16k,Block,3,recall,0.7681159420289855
sep28k,deployment_fixed,opus_16k,Block,3,auc,0.7149576728880404
sep28k,deployment_clean_val,opus_16k,Block,3,auc,0.7149576728880404
sep28k,deployment_deg_val,opus_16k,Block,3,auc,0.7149576728880404
sep28k,matched_retraining,opus_16k,Block,3,auc,0.718483885553518
sep28k,majority_vote_fixed,opus_16k,Block,3,auc,0.7348999111555334
sep28k,deployment_fixed,opus_16k,Block,3,pr_auc,0.6740550649422951
sep28k,deployment_clean_val,opus_16k,Block,3,pr_auc,0.6740550649422951
sep28k,deployment_deg_val,opus_16k,Block,3,pr_auc,0.6740550649422951
sep28k,matched_retraining,opus_16k,Block,3,pr_auc,0.6780313714615813
sep28k,majority_vote_fixed,opus_16k,Block,3,pr_auc,0.2961366432546244
sep28k,deployment_fixed,opus_16k,Block,3,ece,0.04154281216700789
sep28k,deployment_clean_val,opus_16k,Block,3,ece,0.04154281216700789
sep28k,deployment_deg_val,opus_16k,Block,3,ece,0.04154281216700789
sep28k,matched_retraining,opus_16k,Block,3,ece,0.04642670948377774
sep28k,majority_vote_fixed,opus_16k,Block,3,ece,0.38061350381539305
sep28k,deployment_fixed,opus_16k,Block,3,brier,0.21668845636300785
sep28k,deployment_clean_val,opus_16k,Block,3,brier,0.21668845636300785
sep28k,deployment_deg_val,opus_16k,Block,3,brier,0.21668845636300785
sep28k,matched_retraining,opus_16k,Block,3,brier,0.21580262835397754
sep28k,majority_vote_fixed,opus_16k,Block,3,brier,0.26349538938356776
sep28k,deployment_fixed,opus_16k,Prolongation,3,f1,0.628475147430497
sep28k,deployment_clean_val,opus_16k,Prolongation,3,f1,0.6254295532646048
sep28k,deployment_deg_val,opus_16k,Prolongation,3,f1,0.6444444444444445
sep28k,matched_retraining,opus_16k,Prolongation,3,f1,0.6255212677231026
sep28k,majority_vote_fixed,opus_16k,Prolongation,3,f1,0.4074074074074074
sep28k,deployment_fixed,opus_16k,Prolongation,3,precision,0.6025848142164781
sep28k,deployment_clean_val,opus_16k,Prolongation,3,precision,0.610738255033557
sep28k,deployment_deg_val,opus_16k,Prolongation,3,precision,0.5867052023121387
sep28k,matched_retraining,opus_16k,Prolongation,3,precision,0.5942947702060222
sep28k,majority_vote_fixed,opus_16k,Prolongation,3,precision,0.2665589660743134
sep28k,deployment_fixed,opus_16k,Prolongation,3,recall,0.6566901408450704
sep28k,deployment_clean_val,opus_16k,Prolongation,3,recall,0.6408450704225352
sep28k,deployment_deg_val,opus_16k,Prolongation,3,recall,0.7147887323943662
sep28k,matched_retraining,opus_16k,Prolongation,3,recall,0.6602112676056338
sep28k,majority_vote_fixed,opus_16k,Prolongation,3,recall,0.8638743455497382
sep28k,deployment_fixed,opus_16k,Prolongation,3,auc,0.7862614581768008
sep28k,deployment_clean_val,opus_16k,Prolongation,3,auc,0.7862614581768008
sep28k,deployment_deg_val,opus_16k,Prolongation,3,auc,0.7862614581768008
sep28k,matched_retraining,opus_16k,Prolongation,3,auc,0.7868932801464461
sep28k,majority_vote_fixed,opus_16k,Prolongation,3,auc,0.86508656592099
sep28k,deployment_fixed,opus_16k,Prolongation,3,pr_auc,0.6817902778533167
sep28k,deployment_clean_val,opus_16k,Prolongation,3,pr_auc,0.6817902778533167
sep28k,deployment_deg_val,opus_16k,Prolongation,3,pr_auc,0.6817902778533167
sep28k,matched_retraining,opus_16k,Prolongation,3,pr_auc,0.6845763970960392
sep28k,majority_vote_fixed,opus_16k,Prolongation,3,pr_auc,0.5065293746321431
sep28k,deployment_fixed,opus_16k,Prolongation,3,ece,0.0998835727519373
sep28k,deployment_clean_val,opus_16k,Prolongation,3,ece,0.0998835727519373
sep28k,deployment_deg_val,opus_16k,Prolongation,3,ece,0.0998835727519373
sep28k,matched_retraining,opus_16k,Prolongation,3,ece,0.1043649170271452
sep28k,majority_vote_fixed,opus_16k,Prolongation,3,ece,0.33565593047551456
sep28k,deployment_fixed,opus_16k,Prolongation,3,brier,0.1854604811943514
sep28k,deployment_clean_val,opus_16k,Prolongation,3,brier,0.1854604811943514
sep28k,deployment_deg_val,opus_16k,Prolongation,3,brier,0.1854604811943514
sep28k,matched_retraining,opus_16k,Prolongation,3,brier,0.18622990883280535
sep28k,majority_vote_fixed,opus_16k,Prolongation,3,brier,0.20966951402105988
sep28k,deployment_fixed,opus_16k,SoundRep,3,f1,0.6804308797127468
sep28k,deployment_clean_val,opus_16k,SoundRep,3,f1,0.68
sep28k,deployment_deg_val,opus_16k,SoundRep,3,f1,0.6804308797127468
sep28k,matched_retraining,opus_16k,SoundRep,3,f1,0.6817359855334539
sep28k,majority_vote_fixed,opus_16k,SoundRep,3,f1,0.44575471698113206
sep28k,deployment_fixed,opus_16k,SoundRep,3,precision,0.5940438871473355
sep28k,deployment_clean_val,opus_16k,SoundRep,3,precision,0.648854961832061
sep28k,deployment_deg_val,opus_16k,SoundRep,3,precision,0.5940438871473355
sep28k,matched_retraining,opus_16k,SoundRep,3,precision,0.5984126984126984
sep28k,majority_vote_fixed,opus_16k,SoundRep,3,precision,0.2962382445141066
sep28k,deployment_fixed,opus_16k,SoundRep,3,recall,0.7962184873949579
sep28k,deployment_clean_val,opus_16k,SoundRep,3,recall,0.7142857142857143
sep28k,deployment_deg_val,opus_16k,SoundRep,3,recall,0.7962184873949579
sep28k,matched_retraining,opus_16k,SoundRep,3,recall,0.792016806722689
sep28k,majority_vote_fixed,opus_16k,SoundRep,3,recall,0.9
sep28k,deployment_fixed,opus_16k,SoundRep,3,auc,0.8656640750690301
sep28k,deployment_clean_val,opus_16k,SoundRep,3,auc,0.8656640750690301
sep28k,deployment_deg_val,opus_16k,SoundRep,3,auc,0.8656640750690301
sep28k,matched_retraining,opus_16k,SoundRep,3,auc,0.8645846584404021
sep28k,majority_vote_fixed,opus_16k,SoundRep,3,auc,0.8857211423086153
sep28k,deployment_fixed,opus_16k,SoundRep,3,pr_auc,0.7479586674716916
sep28k,deployment_clean_val,opus_16k,SoundRep,3,pr_auc,0.7479586674716916
sep28k,deployment_deg_val,opus_16k,SoundRep,3,pr_auc,0.7479586674716916
sep28k,matched_retraining,opus_16k,SoundRep,3,pr_auc,0.7470786781787483
sep28k,majority_vote_fixed,opus_16k,SoundRep,3,pr_auc,0.5829600131748854
sep28k,deployment_fixed,opus_16k,SoundRep,3,ece,0.14054312678277134
sep28k,deployment_clean_val,opus_16k,SoundRep,3,ece,0.14054312678277134
sep28k,deployment_deg_val,opus_16k,SoundRep,3,ece,0.14054312678277134
sep28k,matched_retraining,opus_16k,SoundRep,3,ece,0.1378105803967936
sep28k,majority_vote_fixed,opus_16k,SoundRep,3,ece,0.30689709801479137
sep28k,deployment_fixed,opus_16k,SoundRep,3,brier,0.15324488431224031
sep28k,deployment_clean_val,opus_16k,SoundRep,3,brier,0.15324488431224031
sep28k,deployment_deg_val,opus_16k,SoundRep,3,brier,0.15324488431224031
sep28k,matched_retraining,opus_16k,SoundRep,3,brier,0.1531018558774033
sep28k,majority_vote_fixed,opus_16k,SoundRep,3,brier,0.19943139697159012
sep28k,deployment_fixed,opus_16k,WordRep,3,f1,0.6214689265536724
sep28k,deployment_clean_val,opus_16k,WordRep,3,f1,0.6214689265536724
sep28k,deployment_deg_val,opus_16k,WordRep,3,f1,0.6216505894962486
sep28k,matched_retraining,opus_16k,WordRep,3,f1,0.6221719457013575
sep28k,majority_vote_fixed,opus_16k,WordRep,3,f1,0.5013774104683195
sep28k,deployment_fixed,opus_16k,WordRep,3,precision,0.5402750491159135
sep28k,deployment_clean_val,opus_16k,WordRep,3,precision,0.5402750491159135
sep28k,deployment_deg_val,opus_16k,WordRep,3,precision,0.5206463195691203
sep28k,matched_retraining,opus_16k,WordRep,3,precision,0.5413385826771654
sep28k,majority_vote_fixed,opus_16k,WordRep,3,precision,0.3575638506876228
sep28k,deployment_fixed,opus_16k,WordRep,3,recall,0.7313829787234043
sep28k,deployment_clean_val,opus_16k,WordRep,3,recall,0.7313829787234043
sep28k,deployment_deg_val,opus_16k,WordRep,3,recall,0.7712765957446809
sep28k,matched_retraining,opus_16k,WordRep,3,recall,0.7313829787234043
sep28k,majority_vote_fixed,opus_16k,WordRep,3,recall,0.8387096774193549
sep28k,deployment_fixed,opus_16k,WordRep,3,auc,0.846714566552426
sep28k,deployment_clean_val,opus_16k,WordRep,3,auc,0.846714566552426
sep28k,deployment_deg_val,opus_16k,WordRep,3,auc,0.846714566552426
sep28k,matched_retraining,opus_16k,WordRep,3,auc,0.844707381569562
sep28k,majority_vote_fixed,opus_16k,WordRep,3,auc,0.8863565126344642
sep28k,deployment_fixed,opus_16k,WordRep,3,pr_auc,0.6583542272093106
sep28k,deployment_clean_val,opus_16k,WordRep,3,pr_auc,0.6583542272093106
sep28k,deployment_deg_val,opus_16k,WordRep,3,pr_auc,0.6583542272093106
sep28k,matched_retraining,opus_16k,WordRep,3,pr_auc,0.654337668276378
sep28k,majority_vote_fixed,opus_16k,WordRep,3,pr_auc,0.5398421737382507
sep28k,deployment_fixed,opus_16k,WordRep,3,ece,0.1643284287665816
sep28k,deployment_clean_val,opus_16k,WordRep,3,ece,0.1643284287665816
sep28k,deployment_deg_val,opus_16k,WordRep,3,ece,0.1643284287665816
sep28k,matched_retraining,opus_16k,WordRep,3,ece,0.16577428450217366
sep28k,majority_vote_fixed,opus_16k,WordRep,3,ece,0.2637655769842176
sep28k,deployment_fixed,opus_16k,WordRep,3,brier,0.15259287791923587
sep28k,deployment_clean_val,opus_16k,WordRep,3,brier,0.15259287791923587
sep28k,deployment_deg_val,opus_16k,WordRep,3,brier,0.15259287791923587
sep28k,matched_retraining,opus_16k,WordRep,3,brier,0.15392935284843784
sep28k,majority_vote_fixed,opus_16k,WordRep,3,brier,0.1638379805582075
sep28k,deployment_fixed,opus_16k,Interjection,3,f1,0.7524893314366998
sep28k,deployment_clean_val,opus_16k,Interjection,3,f1,0.7517146776406035
sep28k,deployment_deg_val,opus_16k,Interjection,3,f1,0.7542315504400813
sep28k,matched_retraining,opus_16k,Interjection,3,f1,0.7492836676217765
sep28k,majority_vote_fixed,opus_16k,Interjection,3,f1,0.6992014196983141
sep28k,deployment_fixed,opus_16k,Interjection,3,precision,0.7514204545454546
sep28k,deployment_clean_val,opus_16k,Interjection,3,precision,0.7248677248677249
sep28k,deployment_deg_val,opus_16k,Interjection,3,precision,0.7187096774193549
sep28k,matched_retraining,opus_16k,Interjection,3,precision,0.7536023054755043
sep28k,majority_vote_fixed,opus_16k,Interjection,3,precision,0.5596590909090909
sep28k,deployment_fixed,opus_16k,Interjection,3,recall,0.7535612535612536
sep28k,deployment_clean_val,opus_16k,Interjection,3,recall,0.7806267806267806
sep28k,deployment_deg_val,opus_16k,Interjection,3,recall,0.7934472934472935
sep28k,matched_retraining,opus_16k,Interjection,3,recall,0.7450142450142451
sep28k,majority_vote_fixed,opus_16k,Interjection,3,recall,0.9314420803782506
sep28k,deployment_fixed,opus_16k,Interjection,3,auc,0.8537877127620717
sep28k,deployment_clean_val,opus_16k,Interjection,3,auc,0.8537877127620717
sep28k,deployment_deg_val,opus_16k,Interjection,3,auc,0.8537877127620717
sep28k,matched_retraining,opus_16k,Interjection,3,auc,0.8531493074413922
sep28k,majority_vote_fixed,opus_16k,Interjection,3,auc,0.92563845869317
sep28k,deployment_fixed,opus_16k,Interjection,3,pr_auc,0.8511719514567582
sep28k,deployment_clean_val,opus_16k,Interjection,3,pr_auc,0.8511719514567582
sep28k,deployment_deg_val,opus_16k,Interjection,3,pr_auc,0.8511719514567582
sep28k,matched_retraining,opus_16k,Interjection,3,pr_auc,0.8503875728118361
sep28k,majority_vote_fixed,opus_16k,Interjection,3,pr_auc,0.8303998062463738
sep28k,deployment_fixed,opus_16k,Interjection,3,ece,0.05185555278220167
sep28k,deployment_clean_val,opus_16k,Interjection,3,ece,0.05185555278220167
sep28k,deployment_deg_val,opus_16k,Interjection,3,ece,0.05185555278220167
sep28k,matched_retraining,opus_16k,Interjection,3,ece,0.055218240739836146
sep28k,majority_vote_fixed,opus_16k,Interjection,3,ece,0.22424645985914232
sep28k,deployment_fixed,opus_16k,Interjection,3,brier,0.15192509583082847
sep28k,deployment_clean_val,opus_16k,Interjection,3,brier,0.15192509583082847
sep28k,deployment_deg_val,opus_16k,Interjection,3,brier,0.15192509583082847
sep28k,matched_retraining,opus_16k,Interjection,3,brier,0.1519827227678382
sep28k,majority_vote_fixed,opus_16k,Interjection,3,brier,0.1527468215892622
sep28k,deployment_fixed,opus_8k,Block,3,f1,0.6099387338325392
sep28k,deployment_clean_val,opus_8k,Block,3,f1,0.6522248243559718
sep28k,deployment_deg_val,opus_8k,Block,3,f1,0.6522248243559718
sep28k,matched_retraining,opus_8k,Block,3,f1,0.6436781609195402
sep28k,majority_vote_fixed,opus_8k,Block,3,f1,0.3333333333333333
sep28k,deployment_fixed,opus_8k,Block,3,precision,0.6248256624825662
sep28k,deployment_clean_val,opus_8k,Block,3,precision,0.5826359832635983
sep28k,deployment_deg_val,opus_8k,Block,3,precision,0.5826359832635983
sep28k,matched_retraining,opus_8k,Block,3,precision,0.6191646191646192
sep28k,majority_vote_fixed,opus_8k,Block,3,precision,0.21478382147838215
sep28k,deployment_fixed,opus_8k,Block,3,recall,0.5957446808510638
sep28k,deployment_clean_val,opus_8k,Block,3,recall,0.7406914893617021
sep28k,deployment_deg_val,opus_8k,Block,3,recall,0.7406914893617021
sep28k,matched_retraining,opus_8k,Block,3,recall,0.6702127659574468
sep28k,majority_vote_fixed,opus_8k,Block,3,recall,0.7439613526570048
sep28k,deployment_fixed,opus_8k,Block,3,auc,0.7026206385490719
sep28k,deployment_clean_val,opus_8k,Block,3,auc,0.7026206385490719
sep28k,deployment_deg_val,opus_8k,Block,3,auc,0.7026206385490719
sep28k,matched_retraining,opus_8k,Block,3,auc,0.7099305433444699
sep28k,majority_vote_fixed,opus_8k,Block,3,auc,0.7233570714642679
sep28k,deployment_fixed,opus_8k,Block,3,pr_auc,0.6577084706985875
sep28k,deployment_clean_val,opus_8k,Block,3,pr_auc,0.6577084706985875
sep28k,deployment_deg_val,opus_8k,Block,3,pr_auc,0.6577084706985875
sep28k,matched_retraining,opus_8k,Block,3,pr_auc,0.6647417511321705
sep28k,majority_vote_fixed,opus_8k,Block,3,pr_auc,0.27941892555211223
sep28k,deployment_fixed,opus_8k,Block,3,ece,0.03392284111707264
sep28k,deployment_clean_val,opus_8k,Block,3,ece,0.03392284111707264
sep28k,deployment_deg_val,opus_8k,Block,3,ece,0.03392284111707264
sep28k,matched_retraining,opus_8k,Block,3,ece,0.04367954464847544
sep28k,majority_vote_fixed,opus_8k,Block,3,ece,0.35416011124843405
sep28k,deployment_fixed,opus_8k,Block,3,brier,0.2190484286227477
sep28k,deployment_clean_val,opus_8k,Block,3,brier,0.2190484286227477
sep28k,deployment_deg_val,opus_8k,Block,3,brier,0.2190484286227477
sep28k,matched_retraining,opus_8k,Block,3,brier,0.2188381052904404
sep28k,majority_vote_fixed,opus_8k,Block,3,brier,0.24163028846902382
sep28k,deployment_fixed,opus_8k,Prolongation,3,f1,0.6027874564459931
sep28k,deployment_clean_val,opus_8k,Prolongation,3,f1,0.6026905829596413
sep28k,deployment_deg_val,opus_8k,Prolongation,3,f1,0.6371308016877637
sep28k,matched_retraining,opus_8k,Prolongation,3,f1,0.629780309194467
sep28k,majority_vote_fixed,opus_8k,Prolongation,3,f1,0.40207522697795073
sep28k,deployment_fixed,opus_8k,Prolongation,3,precision,0.596551724137931
sep28k,deployment_clean_val,opus_8k,Prolongation,3,precision,0.6142595978062158
sep28k,deployment_deg_val,opus_8k,Prolongation,3,precision,0.5304449648711944
sep28k,matched_retraining,opus_8k,Prolongation,3,precision,0.5854765506807866
sep28k,majority_vote_fixed,opus_8k,Prolongation,3,precision,0.2672413793103448
sep28k,deployment_fixed,opus_8k,Prolongation,3,recall,0.6091549295774648
sep28k,deployment_clean_val,opus_8k,Prolongation,3,recall,0.5915492957746479
sep28k,deployment_deg_val,opus_8k,Prolongation,3,recall,0.7975352112676056
sep28k,matched_retraining,opus_8k,Prolongation,3,recall,0.6813380281690141
sep28k,majority_vote_fixed,opus_8k,Prolongation,3,recall,0.8115183246073299
sep28k,deployment_fixed,opus_8k,Prolongation,3,auc,0.7769326921763364
sep28k,deployment_clean_val,opus_8k,Prolongation,3,auc,0.7769326921763364
sep28k,deployment_deg_val,opus_8k,Prolongation,3,auc,0.7769326921763364
sep28k,matched_retraining,opus_8k,Prolongation,3,auc,0.780303547765741
sep28k,majority_vote_fixed,opus_8k,Prolongation,3,auc,0.8456538553069967
sep28k,deployment_fixed,opus_8k,Prolongation,3,pr_auc,0.6617824590903603
sep28k,deployment_clean_val,opus_8k,Prolongation,3,pr_auc,0.6617824590903603
sep28k,deployment_deg_val,opus_8k,Prolongation,3,pr_auc,0.6617824590903603
sep28k,matched_retraining,opus_8k,Prolongation,3,pr_auc,0.6669247707939869
sep28k,majority_vote_fixed,opus_8k,Prolongation,3,pr_auc,0.48394505221749123
sep28k,deployment_fixed,opus_8k,Prolongation,3,ece,0.07970941017314447
sep28k,deployment_clean_val,opus_8k,Prolongation,3,ece,0.07970941017314447
sep28k,deployment_deg_val,opus_8k,Prolongation,3,ece,0.07970941017314447
sep28k,matched_retraining,opus_8k,Prolongation,3,ece,0.1068399259554391
sep28k,majority_vote_fixed,opus_8k,Prolongation,3,ece,0.3154817678967217
sep28k,deployment_fixed,opus_8k,Prolongation,3,brier,0.18573370911485454
sep28k,deployment_clean_val,opus_8k,Prolongation,3,brier,0.18573370911485454
sep28k,deployment_deg_val,opus_8k,Prolongation,3,brier,0.18573370911485454
sep28k,matched_retraining,opus_8k,Prolongation,3,brier,0.18965119878006018
sep28k,majority_vote_fixed,opus_8k,Prolongation,3,brier,0.1971780575934662
sep28k,deployment_fixed,opus_8k,SoundRep,3,f1,0.6649703138252756
sep28k,deployment_clean_val,opus_8k,SoundRep,3,f1,0.6698473282442748
sep28k,deployment_deg_val,opus_8k,SoundRep,3,f1,0.6649528706083976
sep28k,matched_retraining,opus_8k,SoundRep,3,f1,0.6733212341197822
sep28k,majority_vote_fixed,opus_8k,SoundRep,3,f1,0.42716319824753557
sep28k,deployment_fixed,opus_8k,SoundRep,3,precision,0.5576102418207681
sep28k,deployment_clean_val,opus_8k,SoundRep,3,precision,0.6136363636363636
sep28k,deployment_deg_val,opus_8k,SoundRep,3,precision,0.5615050651230101
sep28k,matched_retraining,opus_8k,SoundRep,3,precision,0.5926517571884984
sep28k,majority_vote_fixed,opus_8k,SoundRep,3,precision,0.2773826458036984
sep28k,deployment_fixed,opus_8k,SoundRep,3,recall,0.8235294117647058
sep28k,deployment_clean_val,opus_8k,SoundRep,3,recall,0.7373949579831933
sep28k,deployment_deg_val,opus_8k,SoundRep,3,recall,0.8151260504201681
sep28k,matched_retraining,opus_8k,SoundRep,3,recall,0.7794117647058824
sep28k,majority_vote_fixed,opus_8k,SoundRep,3,recall,0.9285714285714286
sep28k,deployment_fixed,opus_8k,SoundRep,3,auc,0.8506270718438756
sep28k,deployment_clean_val,opus_8k,SoundRep,3,auc,0.8506270718438756
sep28k,deployment_deg_val,opus_8k,SoundRep,3,auc,0.8506270718438756
sep28k,matched_retraining,opus_8k,SoundRep,3,auc,0.8486309929136392
sep28k,majority_vote_fixed,opus_8k,SoundRep,3,auc,0.8752271246871679
sep28k,deployment_fixed,opus_8k,SoundRep,3,pr_auc,0.718275126144463
sep28k,deployment_clean_val,opus_8k,SoundRep,3,pr_auc,0.718275126144463
sep28k,deployment_deg_val,opus_8k,SoundRep,3,pr_auc,0.718275126144463
sep28k,matched_retraining,opus_8k,SoundRep,3,pr_auc,0.7188014873365647
sep28k,majority_vote_fixed,opus_8k,SoundRep,3,pr_auc,0.5468804438489272
sep28k,deployment_fixed,opus_8k,SoundRep,3,ece,0.1789768177382685
sep28k,deployment_clean_val,opus_8k,SoundRep,3,ece,0.1789768177382685
sep28k,deployment_deg_val,opus_8k,SoundRep,3,ece,0.1789768177382685
sep28k,matched_retraining,opus_8k,SoundRep,3,ece,0.14011762909572997
sep28k,majority_vote_fixed,opus_8k,SoundRep,3,ece,0.34533078897028857
sep28k,deployment_fixed,opus_8k,SoundRep,3,brier,0.1735255967782966
sep28k,deployment_clean_val,opus_8k,SoundRep,3,brier,0.1735255967782966
sep28k,deployment_deg_val,opus_8k,SoundRep,3,brier,0.1735255967782966
sep28k,matched_retraining,opus_8k,SoundRep,3,brier,0.16091393630219292
sep28k,majority_vote_fixed,opus_8k,SoundRep,3,brier,0.22407535442173232
sep28k,deployment_fixed,opus_8k,WordRep,3,f1,0.6235827664399093
sep28k,deployment_clean_val,opus_8k,WordRep,3,f1,0.6235827664399093
sep28k,deployment_deg_val,opus_8k,WordRep,3,f1,0.621978021978022
sep28k,matched_retraining,opus_8k,WordRep,3,f1,0.6231386025200458
sep28k,majority_vote_fixed,opus_8k,WordRep,3,f1,0.5062240663900415
sep28k,deployment_fixed,opus_8k,WordRep,3,precision,0.5434782608695652
sep28k,deployment_clean_val,opus_8k,WordRep,3,precision,0.5434782608695652
sep28k,deployment_deg_val,opus_8k,WordRep,3,precision,0.5299625468164794
sep28k,matched_retraining,opus_8k,WordRep,3,precision,0.5472837022132797
sep28k,majority_vote_fixed,opus_8k,WordRep,3,precision,0.3616600790513834
sep28k,deployment_fixed,opus_8k,WordRep,3,recall,0.7313829787234043
sep28k,deployment_clean_val,opus_8k,WordRep,3,recall,0.7313829787234043
sep28k,deployment_deg_val,opus_8k,WordRep,3,recall,0.7526595744680851
sep28k,matched_retraining,opus_8k,WordRep,3,recall,0.723404255319149
sep28k,majority_vote_fixed,opus_8k,WordRep,3,recall,0.8433179723502304
sep28k,deployment_fixed,opus_8k,WordRep,3,auc,0.8458251422209078
sep28k,deployment_clean_val,opus_8k,WordRep,3,auc,0.8458251422209078
sep28k,deployment_deg_val,opus_8k,WordRep,3,auc,0.8458251422209078
sep28k,matched_retraining,opus_8k,WordRep,3,auc,0.8382356778761679
sep28k,majority_vote_fixed,opus_8k,WordRep,3,auc,0.8857262899557844
sep28k,deployment_fixed,opus_8k,WordRep,3,pr_auc,0.659554642474299
sep28k,deployment_clean_val,opus_8k,WordRep,3,pr_auc,0.659554642474299
sep28k,deployment_deg_val,opus_8k,WordRep,3,pr_auc,0.659554642474299
sep28k,matched_retraining,opus_8k,WordRep,3,pr_auc,0.6507901362460561
sep28k,majority_vote_fixed,opus_8k,WordRep,3,pr_auc,0.5462791762145546
sep28k,deployment_fixed,opus_8k,WordRep,3,ece,0.1634739767427402
sep28k,deployment_clean_val,opus_8k,WordRep,3,ece,0.1634739767427402
sep28k,deployment_deg_val,opus_8k,WordRep,3,ece,0.1634739767427402
sep28k,matched_retraining,opus_8k,WordRep,3,ece,0.1601475092149305
sep28k,majority_vote_fixed,opus_8k,WordRep,3,ece,0.2629111249603763
sep28k,deployment_fixed,opus_8k,WordRep,3,brier,0.15192077726563877
sep28k,deployment_clean_val,opus_8k,WordRep,3,brier,0.15192077726563877
sep28k,deployment_deg_val,opus_8k,WordRep,3,brier,0.15192077726563877
sep28k,matched_retraining,opus_8k,WordRep,3,brier,0.15299974711396755
sep28k,majority_vote_fixed,opus_8k,WordRep,3,brier,0.16234992144661842
sep28k,deployment_fixed,opus_8k,Interjection,3,f1,0.7417027417027418
sep28k,deployment_clean_val,opus_8k,Interjection,3,f1,0.7451790633608816
sep28k,deployment_deg_val,opus_8k,Interjection,3,f1,0.7410714285714286
sep28k,matched_retraining,opus_8k,Interjection,3,f1,0.7464183381088825
sep28k,majority_vote_fixed,opus_8k,Interjection,3,f1,0.6955736224028907
sep28k,deployment_fixed,opus_8k,Interjection,3,precision,0.7514619883040936
sep28k,deployment_clean_val,opus_8k,Interjection,3,precision,0.7213333333333334
sep28k,deployment_deg_val,opus_8k,Interjection,3,precision,0.6709006928406467
sep28k,matched_retraining,opus_8k,Interjection,3,precision,0.7507204610951008
sep28k,majority_vote_fixed,opus_8k,Interjection,3,precision,0.5628654970760234
sep28k,deployment_fixed,opus_8k,Interjection,3,recall,0.7321937321937322
sep28k,deployment_clean_val,opus_8k,Interjection,3,recall,0.7706552706552706
sep28k,deployment_deg_val,opus_8k,Interjection,3,recall,0.8276353276353277
sep28k,matched_retraining,opus_8k,Interjection,3,recall,0.7421652421652422
sep28k,majority_vote_fixed,opus_8k,Interjection,3,recall,0.9101654846335697
sep28k,deployment_fixed,opus_8k,Interjection,3,auc,0.8508418374639108
sep28k,deployment_clean_val,opus_8k,Interjection,3,auc,0.8508418374639108
sep28k,deployment_deg_val,opus_8k,Interjection,3,auc,0.8508418374639108
sep28k,matched_retraining,opus_8k,Interjection,3,auc,0.8506877943890208
sep28k,majority_vote_fixed,opus_8k,Interjection,3,auc,0.9199534423698558
sep28k,deployment_fixed,opus_8k,Interjection,3,pr_auc,0.8471105217949302
sep28k,deployment_clean_val,opus_8k,Interjection,3,pr_auc,0.8471105217949302
sep28k,deployment_deg_val,opus_8k,Interjection,3,pr_auc,0.8471105217949302
sep28k,matched_retraining,opus_8k,Interjection,3,pr_auc,0.8450437821835253
sep28k,majority_vote_fixed,opus_8k,Interjection,3,pr_auc,0.8203573761595518
sep28k,deployment_fixed,opus_8k,Interjection,3,ece,0.060571191829597325
sep28k,deployment_clean_val,opus_8k,Interjection,3,ece,0.060571191829597325
sep28k,deployment_deg_val,opus_8k,Interjection,3,ece,0.060571191829597325
sep28k,matched_retraining,opus_8k,Interjection,3,ece,0.045786268625972446
sep28k,majority_vote_fixed,opus_8k,Interjection,3,ece,0.22349295150710313
sep28k,deployment_fixed,opus_8k,Interjection,3,brier,0.15436868404180404
sep28k,deployment_clean_val,opus_8k,Interjection,3,brier,0.15436868404180404
sep28k,deployment_deg_val,opus_8k,Interjection,3,brier,0.15436868404180404
sep28k,matched_retraining,opus_8k,Interjection,3,brier,0.15402567439665946
sep28k,majority_vote_fixed,opus_8k,Interjection,3,brier,0.15442439068812194
sep28k,deployment_fixed,opus_16k_voip,Block,3,f1,0.646074646074646
sep28k,deployment_clean_val,opus_16k_voip,Block,3,f1,0.670814479638009
sep28k,deployment_deg_val,opus_16k_voip,Block,3,f1,0.6723494938732019
sep28k,matched_retraining,opus_16k_voip,Block,3,f1,0.6479233226837061
sep28k,majority_vote_fixed,opus_16k_voip,Block,3,f1,0.3250743310208127
sep28k,deployment_fixed,opus_16k_voip,Block,3,precision,0.6259351620947631
sep28k,deployment_clean_val,opus_16k_voip,Block,3,precision,0.5836614173228346
sep28k,deployment_deg_val,opus_16k_voip,Block,3,precision,0.5608888888888889
sep28k,matched_retraining,opus_16k_voip,Block,3,precision,0.6236162361623616
sep28k,majority_vote_fixed,opus_16k_voip,Block,3,precision,0.20448877805486285
sep28k,deployment_fixed,opus_16k_voip,Block,3,recall,0.6675531914893617
sep28k,deployment_clean_val,opus_16k_voip,Block,3,recall,0.788563829787234
sep28k,deployment_deg_val,opus_16k_voip,Block,3,recall,0.839095744680851
sep28k,matched_retraining,opus_16k_voip,Block,3,recall,0.6742021276595744
sep28k,majority_vote_fixed,opus_16k_voip,Block,3,recall,0.7922705314009661
sep28k,deployment_fixed,opus_16k_voip,Block,3,auc,0.7152402723002337
sep28k,deployment_clean_val,opus_16k_voip,Block,3,auc,0.7152402723002337
sep28k,deployment_deg_val,opus_16k_voip,Block,3,auc,0.7152402723002337
sep28k,matched_retraining,opus_16k_voip,Block,3,auc,0.7219284583888066
sep28k,majority_vote_fixed,opus_16k_voip,Block,3,auc,0.7352330779054917
sep28k,deployment_fixed,opus_16k_voip,Block,3,pr_auc,0.6740540927377655
sep28k,deployment_clean_val,opus_16k_voip,Block,3,pr_auc,0.6740540927377655
sep28k,deployment_deg_val,opus_16k_voip,Block,3,pr_auc,0.6740540927377655
sep28k,matched_retraining,opus_16k_voip,Block,3,pr_auc,0.6771993353445336
sep28k,majority_vote_fixed,opus_16k_voip,Block,3,pr_auc,0.29949073558512596
sep28k,deployment_fixed,opus_16k_voip,Block,3,ece,0.04637280035411816
sep28k,deployment_clean_val,opus_16k_voip,Block,3,ece,0.04637280035411816
sep28k,deployment_deg_val,opus_16k_voip,Block,3,ece,0.04637280035411816
sep28k,matched_retraining,opus_16k_voip,Block,3,ece,0.047811612578000165
sep28k,majority_vote_fixed,opus_16k_voip,Block,3,ece,0.3804148066436223
sep28k,deployment_fixed,opus_16k_voip,Block,3,brier,0.21677949635441107
sep28k,deployment_clean_val,opus_16k_voip,Block,3,brier,0.21677949635441107
sep28k,deployment_deg_val,opus_16k_voip,Block,3,brier,0.21677949635441107
sep28k,matched_retraining,opus_16k_voip,Block,3,brier,0.2148582411237324
sep28k,majority_vote_fixed,opus_16k_voip,Block,3,brier,0.26327732904010287
sep28k,deployment_fixed,opus_16k_voip,Prolongation,3,f1,0.6312236286919831
sep28k,deployment_clean_val,opus_16k_voip,Prolongation,3,f1,0.6207497820401047
sep28k,deployment_deg_val,opus_16k_voip,Prolongation,3,f1,0.638095238095238
sep28k,matched_retraining,opus_16k_voip,Prolongation,3,f1,0.632890365448505
sep28k,majority_vote_fixed,opus_16k_voip,Prolongation,3,f1,0.4158415841584158
sep28k,deployment_fixed,opus_16k_voip,Prolongation,3,precision,0.6061588330632091
sep28k,deployment_clean_val,opus_16k_voip,Prolongation,3,precision,0.614853195164076
sep28k,deployment_deg_val,opus_16k_voip,Prolongation,3,precision,0.5809248554913294
sep28k,matched_retraining,opus_16k_voip,Prolongation,3,precision,0.5990566037735849
sep28k,majority_vote_fixed,opus_16k_voip,Prolongation,3,precision,0.27228525121555913
sep28k,deployment_fixed,opus_16k_voip,Prolongation,3,recall,0.6584507042253521
sep28k,deployment_clean_val,opus_16k_voip,Prolongation,3,recall,0.6267605633802817
sep28k,deployment_deg_val,opus_16k_voip,Prolongation,3,recall,0.7077464788732394
sep28k,matched_retraining,opus_16k_voip,Prolongation,3,recall,0.670774647887324
sep28k,majority_vote_fixed,opus_16k_voip,Prolongation,3,recall,0.8795811518324608
sep28k,deployment_fixed,opus_16k_voip,Prolongation,3,auc,0.7851771150667342
sep28k,deployment_clean_val,opus_16k_voip,Prolongation,3,auc,0.7851771150667342
sep28k,deployment_deg_val,opus_16k_voip,Prolongation,3,auc,0.7851771150667342
sep28k,matched_retraining,opus_16k_voip,Prolongation,3,auc,0.7867139793172224
sep28k,majority_vote_fixed,opus_16k_voip,Prolongation,3,auc,0.8650121965730604
sep28k,deployment_fixed,opus_16k_voip,Prolongation,3,pr_auc,0.6808697059885904
sep28k,deployment_clean_val,opus_16k_voip,Prolongation,3,pr_auc,0.6808697059885904
sep28k,deployment_deg_val,opus_16k_voip,Prolongation,3,pr_auc,0.6808697059885904
sep28k,matched_retraining,opus_16k_voip,Prolongation,3,pr_auc,0.6845172539602399
sep28k,majority_vote_fixed,opus_16k_voip,Prolongation,3,pr_auc,0.5074507118945317
sep28k,deployment_fixed,opus_16k_voip,Prolongation,3,ece,0.09797814170440938
sep28k,deployment_clean_val,opus_16k_voip,Prolongation,3,ece,0.09797814170440938
sep28k,deployment_deg_val,opus_16k_voip,Prolongation,3,ece,0.09797814170440938
sep28k,matched_retraining,opus_16k_voip,Prolongation,3,ece,0.10412196848766837
sep28k,majority_vote_fixed,opus_16k_voip,Prolongation,3,ece,0.3337504994279866
sep28k,deployment_fixed,opus_16k_voip,Prolongation,3,brier,0.18554609130783964
sep28k,deployment_clean_val,opus_16k_voip,Prolongation,3,brier,0.18554609130783964
sep28k,deployment_deg_val,opus_16k_voip,Prolongation,3,brier,0.18554609130783964
sep28k,matched_retraining,opus_16k_voip,Prolongation,3,brier,0.18627797728067866
sep28k,majority_vote_fixed,opus_16k_voip,Prolongation,3,brier,0.20829264547299764
sep28k,deployment_fixed,opus_16k_voip,SoundRep,3,f1,0.683974932855864
sep28k,deployment_clean_val,opus_16k_voip,SoundRep,3,f1,0.6772591857000994
sep28k,deployment_deg_val,opus_16k_voip,SoundRep,3,f1,0.6762728146013448
sep28k,matched_retraining,opus_16k_voip,SoundRep,3,f1,0.6876687668766877
sep28k,majority_vote_fixed,opus_16k_voip,SoundRep,3,f1,0.4512338425381904
sep28k,deployment_fixed,opus_16k_voip,SoundRep,3,precision,0.5959438377535101
sep28k,deployment_clean_val,opus_16k_voip,SoundRep,3,precision,0.6421845574387948
sep28k,deployment_deg_val,opus_16k_voip,SoundRep,3,precision,0.6230088495575221
sep28k,matched_retraining,opus_16k_voip,SoundRep,3,precision,0.6015748031496063
sep28k,majority_vote_fixed,opus_16k_voip,SoundRep,3,precision,0.2995319812792512
sep28k,deployment_fixed,opus_16k_voip,SoundRep,3,recall,0.8025210084033614
sep28k,deployment_clean_val,opus_16k_voip,SoundRep,3,recall,0.7163865546218487
sep28k,deployment_deg_val,opus_16k_voip,SoundRep,3,recall,0.7394957983193278
sep28k,matched_retraining,opus_16k_voip,SoundRep,3,recall,0.8025210084033614
sep28k,majority_vote_fixed,opus_16k_voip,SoundRep,3,recall,0.9142857142857143
sep28k,deployment_fixed,opus_16k_voip,SoundRep,3,auc,0.865041118851815
sep28k,deployment_clean_val,opus_16k_voip,SoundRep,3,auc,0.865041118851815
sep28k,deployment_deg_val,opus_16k_voip,SoundRep,3,auc,0.865041118851815
sep28k,matched_retraining,opus_16k_voip,SoundRep,3,auc,0.8642441838712334
sep28k,majority_vote_fixed,opus_16k_voip,SoundRep,3,auc,0.8872433062497856
sep28k,deployment_fixed,opus_16k_voip,SoundRep,3,pr_auc,0.7480769925596039
sep28k,deployment_clean_val,opus_16k_voip,SoundRep,3,pr_auc,0.7480769925596039
sep28k,deployment_deg_val,opus_16k_voip,SoundRep,3,pr_auc,0.7480769925596039
sep28k,matched_retraining,opus_16k_voip,SoundRep,3,pr_auc,0.7486464416522918
sep28k,majority_vote_fixed,opus_16k_voip,SoundRep,3,pr_auc,0.585312503238661
sep28k,deployment_fixed,opus_16k_voip,SoundRep,3,ece,0.1418737603914721
sep28k,deployment_clean_val,opus_16k_voip,SoundRep,3,ece,0.1418737603914721
sep28k,deployment_deg_val,opus_16k_voip,SoundRep,3,ece,0.1418737603914721
sep28k,matched_retraining,opus_16k_voip,SoundRep,3,ece,0.13939309871348834
sep28k,majority_vote_fixed,opus_16k_voip,SoundRep,3,ece,0.3082277316234921
sep28k,deployment_fixed,opus_16k_voip,SoundRep,3,brier,0.1543556774348123
sep28k,deployment_clean_val,opus_16k_voip,SoundRep,3,brier,0.1543556774348123
sep28k,deployment_deg_val,opus_16k_voip,SoundRep,3,brier,0.1543556774348123
sep28k,matched_retraining,opus_16k_voip,SoundRep,3,brier,0.15418603187210042
sep28k,majority_vote_fixed,opus_16k_voip,SoundRep,3,brier,0.20006685103580432
sep28k,deployment_fixed,opus_16k_voip,WordRep,3,f1,0.6393629124004551
sep28k,deployment_clean_val,opus_16k_voip,WordRep,3,f1,0.6393629124004551
sep28k,deployment_deg_val,opus_16k_voip,WordRep,3,f1,0.64
sep28k,matched_retraining,opus_16k_voip,WordRep,3,f1,0.6289592760180995
sep28k,majority_vote_fixed,opus_16k_voip,WordRep,3,f1,0.525
sep28k,deployment_fixed,opus_16k_voip,WordRep,3,precision,0.558648111332008
sep28k,deployment_clean_val,opus_16k_voip,WordRep,3,precision,0.558648111332008
sep28k,deployment_deg_val,opus_16k_voip,WordRep,3,precision,0.5738396624472574
sep28k,matched_retraining,opus_16k_voip,WordRep,3,precision,0.547244094488189
sep28k,majority_vote_fixed,opus_16k_voip,WordRep,3,precision,0.3757455268389662
sep28k,deployment_fixed,opus_16k_voip,WordRep,3,recall,0.7473404255319149
sep28k,deployment_clean_val,opus_16k_voip,WordRep,3,recall,0.7473404255319149
sep28k,deployment_deg_val,opus_16k_voip,WordRep,3,recall,0.723404255319149
sep28k,matched_retraining,opus_16k_voip,WordRep,3,recall,0.7393617021276596
sep28k,majority_vote_fixed,opus_16k_voip,WordRep,3,recall,0.8709677419354839
sep28k,deployment_fixed,opus_16k_voip,WordRep,3,auc,0.8463013865451193
sep28k,deployment_clean_val,opus_16k_voip,WordRep,3,auc,0.8463013865451193
sep28k,deployment_deg_val,opus_16k_voip,WordRep,3,auc,0.8463013865451193
sep28k,matched_retraining,opus_16k_voip,WordRep,3,auc,0.8463840225465804
sep28k,majority_vote_fixed,opus_16k_voip,WordRep,3,auc,0.8849860283967002
sep28k,deployment_fixed,opus_16k_voip,WordRep,3,pr_auc,0.6511631967213836
sep28k,deployment_clean_val,opus_16k_voip,WordRep,3,pr_auc,0.6511631967213836
sep28k,deployment_deg_val,opus_16k_voip,WordRep,3,pr_auc,0.6511631967213836
sep28k,matched_retraining,opus_16k_voip,WordRep,3,pr_auc,0.6518219622171829
sep28k,majority_vote_fixed,opus_16k_voip,WordRep,3,pr_auc,0.5299023765042439
sep28k,deployment_fixed,opus_16k_voip,WordRep,3,ece,0.16582140576262253
sep28k,deployment_clean_val,opus_16k_voip,WordRep,3,ece,0.16582140576262253
sep28k,deployment_deg_val,opus_16k_voip,WordRep,3,ece,0.16582140576262253
sep28k,matched_retraining,opus_16k_voip,WordRep,3,ece,0.16433616045263
sep28k,majority_vote_fixed,opus_16k_voip,WordRep,3,ece,0.26525855398025855
sep28k,deployment_fixed,opus_16k_voip,WordRep,3,brier,0.1536451040973707
sep28k,deployment_clean_val,opus_16k_voip,WordRep,3,brier,0.1536451040973707
sep28k,deployment_deg_val,opus_16k_voip,WordRep,3,brier,0.1536451040973707
sep28k,matched_retraining,opus_16k_voip,WordRep,3,brier,0.15320550264860994
sep28k,majority_vote_fixed,opus_16k_voip,WordRep,3,brier,0.16510484701835942
sep28k,deployment_fixed,opus_16k_voip,Interjection,3,f1,0.7582260371959942
sep28k,deployment_clean_val,opus_16k_voip,Interjection,3,f1,0.7546391752577319
sep28k,deployment_deg_val,opus_16k_voip,Interjection,3,f1,0.7546391752577319
sep28k,matched_retraining,opus_16k_voip,Interjection,3,f1,0.7546897546897547
sep28k,majority_vote_fixed,opus_16k_voip,Interjection,3,f1,0.6988382484361036
sep28k,deployment_fixed,opus_16k_voip,Interjection,3,precision,0.7614942528735632
sep28k,deployment_clean_val,opus_16k_voip,Interjection,3,precision,0.7290836653386454
sep28k,deployment_deg_val,opus_16k_voip,Interjection,3,precision,0.7290836653386454
sep28k,matched_retraining,opus_16k_voip,Interjection,3,precision,0.7646198830409356
sep28k,majority_vote_fixed,opus_16k_voip,Interjection,3,precision,0.5617816091954023
sep28k,deployment_fixed,opus_16k_voip,Interjection,3,recall,0.7549857549857549
sep28k,deployment_clean_val,opus_16k_voip,Interjection,3,recall,0.782051282051282
sep28k,deployment_deg_val,opus_16k_voip,Interjection,3,recall,0.782051282051282
sep28k,matched_retraining,opus_16k_voip,Interjection,3,recall,0.7450142450142451
sep28k,majority_vote_fixed,opus_16k_voip,Interjection,3,recall,0.9243498817966903
sep28k,deployment_fixed,opus_16k_voip,Interjection,3,auc,0.8559427277375996
sep28k,deployment_clean_val,opus_16k_voip,Interjection,3,auc,0.8559427277375996
sep28k,deployment_deg_val,opus_16k_voip,Interjection,3,auc,0.8559427277375996
sep28k,matched_retraining,opus_16k_voip,Interjection,3,auc,0.8565493715995389
sep28k,majority_vote_fixed,opus_16k_voip,Interjection,3,auc,0.9245951335616989
sep28k,deployment_fixed,opus_16k_voip,Interjection,3,pr_auc,0.8520019418107208
sep28k,deployment_clean_val,opus_16k_voip,Interjection,3,pr_auc,0.8520019418107208
sep28k,deployment_deg_val,opus_16k_voip,Interjection,3,pr_auc,0.8520019418107208
sep28k,matched_retraining,opus_16k_voip,Interjection,3,pr_auc,0.8514695105708375
sep28k,majority_vote_fixed,opus_16k_voip,Interjection,3,pr_auc,0.828569805130198
sep28k,deployment_fixed,opus_16k_voip,Interjection,3,ece,0.05379198348086451
sep28k,deployment_clean_val,opus_16k_voip,Interjection,3,ece,0.05379198348086451
sep28k,deployment_deg_val,opus_16k_voip,Interjection,3,ece,0.05379198348086451
sep28k,matched_retraining,opus_16k_voip,Interjection,3,ece,0.05584927787890722
sep28k,majority_vote_fixed,opus_16k_voip,Interjection,3,ece,0.22567903664138592
sep28k,deployment_fixed,opus_16k_voip,Interjection,3,brier,0.15147025579173884
sep28k,deployment_clean_val,opus_16k_voip,Interjection,3,brier,0.15147025579173884
sep28k,deployment_deg_val,opus_16k_voip,Interjection,3,brier,0.15147025579173884
sep28k,matched_retraining,opus_16k_voip,Interjection,3,brier,0.15083381258717077
sep28k,majority_vote_fixed,opus_16k_voip,Interjection,3,brier,0.15395110849255608
sep28k,deployment_fixed,vad_agg3,Block,3,f1,0.544360902255639
sep28k,deployment_clean_val,vad_agg3,Block,3,f1,0.5985497692814766
sep28k,deployment_deg_val,vad_agg3,Block,3,f1,0.6521106259097526
sep28k,matched_retraining,vad_agg3,Block,3,f1,0.6053489889106327
sep28k,majority_vote_fixed,vad_agg3,Block,3,f1,0.30828025477707005
sep28k,deployment_fixed,vad_agg3,Block,3,precision,0.6262975778546713
sep28k,deployment_clean_val,vad_agg3,Block,3,precision,0.5934640522875817
sep28k,deployment_deg_val,vad_agg3,Block,3,precision,0.5133689839572193
sep28k,matched_retraining,vad_agg3,Block,3,precision,0.5941101152368758
sep28k,majority_vote_fixed,vad_agg3,Block,3,precision,0.2093425605536332
sep28k,deployment_fixed,vad_agg3,Block,3,recall,0.48138297872340424
sep28k,deployment_clean_val,vad_agg3,Block,3,recall,0.6037234042553191
sep28k,deployment_deg_val,vad_agg3,Block,3,recall,0.8936170212765957
sep28k,matched_retraining,vad_agg3,Block,3,recall,0.6170212765957447
sep28k,majority_vote_fixed,vad_agg3,Block,3,recall,0.5845410628019324
sep28k,deployment_fixed,vad_agg3,Block,3,auc,0.66271446155392
sep28k,deployment_clean_val,vad_agg3,Block,3,auc,0.66271446155392
sep28k,deployment_deg_val,vad_agg3,Block,3,auc,0.66271446155392
sep28k,matched_retraining,vad_agg3,Block,3,auc,0.6670649225049612
sep28k,majority_vote_fixed,vad_agg3,Block,3,auc,0.6762278582930756
sep28k,deployment_fixed,vad_agg3,Block,3,pr_auc,0.6329387722085469
sep28k,deployment_clean_val,vad_agg3,Block,3,pr_auc,0.6329387722085469
sep28k,deployment_deg_val,vad_agg3,Block,3,pr_auc,0.6329387722085469
sep28k,matched_retraining,vad_agg3,Block,3,pr_auc,0.6424578150871421
sep28k,majority_vote_fixed,vad_agg3,Block,3,pr_auc,0.27850845306645544
sep28k,deployment_fixed,vad_agg3,Block,3,ece,0.08917379253077798
sep28k,deployment_clean_val,vad_agg3,Block,3,ece,0.08917379253077798
sep28k,deployment_deg_val,vad_agg3,Block,3,ece,0.08917379253077798
sep28k,matched_retraining,vad_agg3,Block,3,ece,0.04743635058864359
sep28k,majority_vote_fixed,vad_agg3,Block,3,ece,0.3023268192898409
sep28k,deployment_fixed,vad_agg3,Block,3,brier,0.23740772228732737
sep28k,deployment_clean_val,vad_agg3,Block,3,brier,0.23740772228732737
sep28k,deployment_deg_val,vad_agg3,Block,3,brier,0.23740772228732737
sep28k,matched_retraining,vad_agg3,Block,3,brier,0.23146087333268148
sep28k,majority_vote_fixed,vad_agg3,Block,3,brier,0.22136580265709474
sep28k,deployment_fixed,vad_agg3,Prolongation,3,f1,0.608843537414966
sep28k,deployment_clean_val,vad_agg3,Prolongation,3,f1,0.6038062283737025
sep28k,deployment_deg_val,vad_agg3,Prolongation,3,f1,0.6230248306997742
sep28k,matched_retraining,vad_agg3,Prolongation,3,f1,0.6275140788415124
sep28k,majority_vote_fixed,vad_agg3,Prolongation,3,f1,0.3879849812265332
sep28k,deployment_fixed,vad_agg3,Prolongation,3,precision,0.5888157894736842
sep28k,deployment_clean_val,vad_agg3,Prolongation,3,precision,0.5935374149659864
sep28k,deployment_deg_val,vad_agg3,Prolongation,3,precision,0.5440210249671484
sep28k,matched_retraining,vad_agg3,Prolongation,3,precision,0.5777777777777777
sep28k,majority_vote_fixed,vad_agg3,Prolongation,3,precision,0.25493421052631576
sep28k,deployment_fixed,vad_agg3,Prolongation,3,recall,0.6302816901408451
sep28k,deployment_clean_val,vad_agg3,Prolongation,3,recall,0.6144366197183099
sep28k,deployment_deg_val,vad_agg3,Prolongation,3,recall,0.7288732394366197
sep28k,matched_retraining,vad_agg3,Prolongation,3,recall,0.6866197183098591
sep28k,majority_vote_fixed,vad_agg3,Prolongation,3,recall,0.8115183246073299
sep28k,deployment_fixed,vad_agg3,Prolongation,3,auc,0.7655633119766123
sep28k,deployment_clean_val,vad_agg3,Prolongation,3,auc,0.7655633119766123
sep28k,deployment_deg_val,vad_agg3,Prolongation,3,auc,0.7655633119766123
sep28k,matched_retraining,vad_agg3,Prolongation,3,auc,0.7722213494351169
sep28k,majority_vote_fixed,vad_agg3,Prolongation,3,auc,0.8245961744407425
sep28k,deployment_fixed,vad_agg3,Prolongation,3,pr_auc,0.6669461490880224
sep28k,deployment_clean_val,vad_agg3,Prolongation,3,pr_auc,0.6669461490880224
sep28k,deployment_deg_val,vad_agg3,Prolongation,3,pr_auc,0.6669461490880224
sep28k,matched_retraining,vad_agg3,Prolongation,3,pr_auc,0.6711543006585932
sep28k,majority_vote_fixed,vad_agg3,Prolongation,3,pr_auc,0.46038162890085055
sep28k,deployment_fixed,vad_agg3,Prolongation,3,ece,0.10448460055290462
sep28k,deployment_clean_val,vad_agg3,Prolongation,3,ece,0.10448460055290462
sep28k,deployment_deg_val,vad_agg3,Prolongation,3,ece,0.10448460055290462
sep28k,matched_retraining,vad_agg3,Prolongation,3,ece,0.11636150099746652
sep28k,majority_vote_fixed,vad_agg3,Prolongation,3,ece,0.31130926819633126
sep28k,deployment_fixed,vad_agg3,Prolongation,3,brier,0.1983583205495664
sep28k,deployment_clean_val,vad_agg3,Prolongation,3,brier,0.1983583205495664
sep28k,deployment_deg_val,vad_agg3,Prolongation,3,brier,0.1983583205495664
sep28k,matched_retraining,vad_agg3,Prolongation,3,brier,0.19539813098390202
sep28k,majority_vote_fixed,vad_agg3,Prolongation,3,brier,0.22273670533610068
sep28k,deployment_fixed,vad_agg3,SoundRep,3,f1,0.6392785571142284
sep28k,deployment_clean_val,vad_agg3,SoundRep,3,f1,0.6314655172413793
sep28k,deployment_deg_val,vad_agg3,SoundRep,3,f1,0.6396841066140178
sep28k,matched_retraining,vad_agg3,SoundRep,3,f1,0.6542404473438956
sep28k,majority_vote_fixed,vad_agg3,SoundRep,3,f1,0.4426229508196721
sep28k,deployment_fixed,vad_agg3,SoundRep,3,precision,0.6111111111111112
sep28k,deployment_clean_val,vad_agg3,SoundRep,3,precision,0.6482300884955752
sep28k,deployment_deg_val,vad_agg3,SoundRep,3,precision,0.6033519553072626
sep28k,matched_retraining,vad_agg3,SoundRep,3,precision,0.5879396984924623
sep28k,majority_vote_fixed,vad_agg3,SoundRep,3,precision,0.3103448275862069
sep28k,deployment_fixed,vad_agg3,SoundRep,3,recall,0.6701680672268907
sep28k,deployment_clean_val,vad_agg3,SoundRep,3,recall,0.615546218487395
sep28k,deployment_deg_val,vad_agg3,SoundRep,3,recall,0.680672268907563
sep28k,matched_retraining,vad_agg3,SoundRep,3,recall,0.7373949579831933
sep28k,majority_vote_fixed,vad_agg3,SoundRep,3,recall,0.7714285714285715
sep28k,deployment_fixed,vad_agg3,SoundRep,3,auc,0.8168190695690565
sep28k,deployment_clean_val,vad_agg3,SoundRep,3,auc,0.8168190695690565
sep28k,deployment_deg_val,vad_agg3,SoundRep,3,auc,0.8168190695690565
sep28k,matched_retraining,vad_agg3,SoundRep,3,auc,0.8223882607361734
sep28k,majority_vote_fixed,vad_agg3,SoundRep,3,auc,0.8356748602968906
sep28k,deployment_fixed,vad_agg3,SoundRep,3,pr_auc,0.6835728299525481
sep28k,deployment_clean_val,vad_agg3,SoundRep,3,pr_auc,0.6835728299525481
sep28k,deployment_deg_val,vad_agg3,SoundRep,3,pr_auc,0.6835728299525481
sep28k,matched_retraining,vad_agg3,SoundRep,3,pr_auc,0.6877103527103471
sep28k,majority_vote_fixed,vad_agg3,SoundRep,3,pr_auc,0.4886493388944335
sep28k,deployment_fixed,vad_agg3,SoundRep,3,ece,0.08889763068745588
sep28k,deployment_clean_val,vad_agg3,SoundRep,3,ece,0.08889763068745588
sep28k,deployment_deg_val,vad_agg3,SoundRep,3,ece,0.08889763068745588
sep28k,matched_retraining,vad_agg3,SoundRep,3,ece,0.13050744255589794
sep28k,majority_vote_fixed,vad_agg3,SoundRep,3,ece,0.24568896630209816
sep28k,deployment_fixed,vad_agg3,SoundRep,3,brier,0.1633381735159955
sep28k,deployment_clean_val,vad_agg3,SoundRep,3,brier,0.1633381735159955
sep28k,deployment_deg_val,vad_agg3,SoundRep,3,brier,0.1633381735159955
sep28k,matched_retraining,vad_agg3,SoundRep,3,brier,0.1688151779610467
sep28k,majority_vote_fixed,vad_agg3,SoundRep,3,brier,0.1861861326061369
sep28k,deployment_fixed,vad_agg3,WordRep,3,f1,0.5986124876114965
sep28k,deployment_clean_val,vad_agg3,WordRep,3,f1,0.5986124876114965
sep28k,deployment_deg_val,vad_agg3,WordRep,3,f1,0.6209850107066381
sep28k,matched_retraining,vad_agg3,WordRep,3,f1,0.6189917936694022
sep28k,majority_vote_fixed,vad_agg3,WordRep,3,f1,0.4682352941176471
sep28k,deployment_fixed,vad_agg3,WordRep,3,precision,0.47709320695102686
sep28k,deployment_clean_val,vad_agg3,WordRep,3,precision,0.47709320695102686
sep28k,deployment_deg_val,vad_agg3,WordRep,3,precision,0.5197132616487455
sep28k,matched_retraining,vad_agg3,WordRep,3,precision,0.5534591194968553
sep28k,majority_vote_fixed,vad_agg3,WordRep,3,precision,0.31437598736176936
sep28k,deployment_fixed,vad_agg3,WordRep,3,recall,0.8031914893617021
sep28k,deployment_clean_val,vad_agg3,WordRep,3,recall,0.8031914893617021
sep28k,deployment_deg_val,vad_agg3,WordRep,3,recall,0.7712765957446809
sep28k,matched_retraining,vad_agg3,WordRep,3,recall,0.7021276595744681
sep28k,majority_vote_fixed,vad_agg3,WordRep,3,recall,0.9170506912442397
sep28k,deployment_fixed,vad_agg3,WordRep,3,auc,0.8424000974234964
sep28k,deployment_clean_val,vad_agg3,WordRep,3,auc,0.8424000974234964
sep28k,deployment_deg_val,vad_agg3,WordRep,3,auc,0.8424000974234964
sep28k,matched_retraining,vad_agg3,WordRep,3,auc,0.8380095161879578
sep28k,majority_vote_fixed,vad_agg3,WordRep,3,auc,0.8934056700034011
sep28k,deployment_fixed,vad_agg3,WordRep,3,pr_auc,0.6581922041617044
sep28k,deployment_clean_val,vad_agg3,WordRep,3,pr_auc,0.6581922041617044
sep28k,deployment_deg_val,vad_agg3,WordRep,3,pr_auc,0.6581922041617044
sep28k,matched_retraining,vad_agg3,WordRep,3,pr_auc,0.6548784631296842
sep28k,majority_vote_fixed,vad_agg3,WordRep,3,pr_auc,0.5666533875982718
sep28k,deployment_fixed,vad_agg3,WordRep,3,ece,0.21258921296176803
sep28k,deployment_clean_val,vad_agg3,WordRep,3,ece,0.21258921296176803
sep28k,deployment_deg_val,vad_agg3,WordRep,3,ece,0.21258921296176803
sep28k,matched_retraining,vad_agg3,WordRep,3,ece,0.14360753438866897
sep28k,majority_vote_fixed,vad_agg3,WordRep,3,ece,0.3120263611794041
sep28k,deployment_fixed,vad_agg3,WordRep,3,brier,0.18346318187633248
sep28k,deployment_clean_val,vad_agg3,WordRep,3,brier,0.18346318187633248
sep28k,deployment_deg_val,vad_agg3,WordRep,3,brier,0.18346318187633248
sep28k,matched_retraining,vad_agg3,WordRep,3,brier,0.1482942543021219
sep28k,majority_vote_fixed,vad_agg3,WordRep,3,brier,0.20773936519235178
sep28k,deployment_fixed,vad_agg3,Interjection,3,f1,0.7483492296404989
sep28k,deployment_clean_val,vad_agg3,Interjection,3,f1,0.7549575070821529
sep28k,deployment_deg_val,vad_agg3,Interjection,3,f1,0.7483492296404989
sep28k,matched_retraining,vad_agg3,Interjection,3,f1,0.7463343108504399
sep28k,majority_vote_fixed,vad_agg3,Interjection,3,f1,0.7084870848708487
sep28k,deployment_fixed,vad_agg3,Interjection,3,precision,0.7715582450832073
sep28k,deployment_clean_val,vad_agg3,Interjection,3,precision,0.7507042253521127
sep28k,deployment_deg_val,vad_agg3,Interjection,3,precision,0.7715582450832073
sep28k,matched_retraining,vad_agg3,Interjection,3,precision,0.7688821752265861
sep28k,majority_vote_fixed,vad_agg3,Interjection,3,precision,0.5809379727685325
sep28k,deployment_fixed,vad_agg3,Interjection,3,recall,0.7264957264957265
sep28k,deployment_clean_val,vad_agg3,Interjection,3,recall,0.7592592592592593
sep28k,deployment_deg_val,vad_agg3,Interjection,3,recall,0.7264957264957265
sep28k,matched_retraining,vad_agg3,Interjection,3,recall,0.7250712250712251
sep28k,majority_vote_fixed,vad_agg3,Interjection,3,recall,0.9078014184397163
sep28k,deployment_fixed,vad_agg3,Interjection,3,auc,0.847495767785623
sep28k,deployment_clean_val,vad_agg3,Interjection,3,auc,0.847495767785623
sep28k,deployment_deg_val,vad_agg3,Interjection,3,auc,0.847495767785623
sep28k,matched_retraining,vad_agg3,Interjection,3,auc,0.8398444323750901
sep28k,majority_vote_fixed,vad_agg3,Interjection,3,auc,0.9198609703928852
sep28k,deployment_fixed,vad_agg3,Interjection,3,pr_auc,0.8434894118292046
sep28k,deployment_clean_val,vad_agg3,Interjection,3,pr_auc,0.8434894118292046
sep28k,deployment_deg_val,vad_agg3,Interjection,3,pr_auc,0.8434894118292046
sep28k,matched_retraining,vad_agg3,Interjection,3,pr_auc,0.8360883359758262
sep28k,majority_vote_fixed,vad_agg3,Interjection,3,pr_auc,0.8115616560541736
sep28k,deployment_fixed,vad_agg3,Interjection,3,ece,0.0658434926105067
sep28k,deployment_clean_val,vad_agg3,Interjection,3,ece,0.0658434926105067
sep28k,deployment_deg_val,vad_agg3,Interjection,3,ece,0.0658434926105067
sep28k,matched_retraining,vad_agg3,Interjection,3,ece,0.0501105013121159
sep28k,majority_vote_fixed,vad_agg3,Interjection,3,ece,0.20539758187534515
sep28k,deployment_fixed,vad_agg3,Interjection,3,brier,0.15537782332861066
sep28k,deployment_clean_val,vad_agg3,Interjection,3,brier,0.15537782332861066
sep28k,deployment_deg_val,vad_agg3,Interjection,3,brier,0.15537782332861066
sep28k,matched_retraining,vad_agg3,Interjection,3,brier,0.15765375507583096
sep28k,majority_vote_fixed,vad_agg3,Interjection,3,brier,0.15214527774726536
sep28k,deployment_fixed,vad_zero,Block,3,f1,0.5508896797153024
sep28k,deployment_clean_val,vad_zero,Block,3,f1,0.6046235921754594
sep28k,deployment_deg_val,vad_zero,Block,3,f1,0.6402724563644104
sep28k,matched_retraining,vad_zero,Block,3,f1,0.6101477199743096
sep28k,majority_vote_fixed,vad_zero,Block,3,f1,0.2813953488372093
sep28k,deployment_fixed,vad_zero,Block,3,precision,0.5926493108728943
sep28k,deployment_clean_val,vad_zero,Block,3,precision,0.5454545454545454
sep28k,deployment_deg_val,vad_zero,Block,3,precision,0.47088290544771444
sep28k,matched_retraining,vad_zero,Block,3,precision,0.5900621118012422
sep28k,majority_vote_fixed,vad_zero,Block,3,precision,0.18529862174578868
sep28k,deployment_fixed,vad_zero,Block,3,recall,0.5146276595744681
sep28k,deployment_clean_val,vad_zero,Block,3,recall,0.6781914893617021
sep28k,deployment_deg_val,vad_zero,Block,3,recall,1.0
sep28k,matched_retraining,vad_zero,Block,3,recall,0.6316489361702128
sep28k,majority_vote_fixed,vad_zero,Block,3,recall,0.5845410628019324
sep28k,deployment_fixed,vad_zero,Block,3,auc,0.637446934110377
sep28k,deployment_clean_val,vad_zero,Block,3,auc,0.637446934110377
sep28k,deployment_deg_val,vad_zero,Block,3,auc,0.637446934110377
sep28k,matched_retraining,vad_zero,Block,3,auc,0.6889946368911553
sep28k,majority_vote_fixed,vad_zero,Block,3,auc,0.6497133377755566
sep28k,deployment_fixed,vad_zero,Block,3,pr_auc,0.6067630865448699
sep28k,deployment_clean_val,vad_zero,Block,3,pr_auc,0.6067630865448699
sep28k,deployment_deg_val,vad_zero,Block,3,pr_auc,0.6067630865448699
sep28k,matched_retraining,vad_zero,Block,3,pr_auc,0.6485087269208053
sep28k,majority_vote_fixed,vad_zero,Block,3,pr_auc,0.2286765190235181
sep28k,deployment_fixed,vad_zero,Block,3,ece,0.05074934897924851
sep28k,deployment_clean_val,vad_zero,Block,3,ece,0.05074934897924851
sep28k,deployment_deg_val,vad_zero,Block,3,ece,0.05074934897924851
sep28k,matched_retraining,vad_zero,Block,3,ece,0.046094838211191626
sep28k,majority_vote_fixed,vad_zero,Block,3,ece,0.33128289214627915
sep28k,deployment_fixed,vad_zero,Block,3,brier,0.23804756861029747
sep28k,deployment_clean_val,vad_zero,Block,3,brier,0.23804756861029747
sep28k,deployment_deg_val,vad_zero,Block,3,brier,0.23804756861029747
sep28k,matched_retraining,vad_zero,Block,3,brier,0.22366389919718882
sep28k,majority_vote_fixed,vad_zero,Block,3,brier,0.23186600392956302
sep28k,deployment_fixed,vad_zero,Prolongation,3,f1,0.5399176954732511
sep28k,deployment_clean_val,vad_zero,Prolongation,3,f1,0.5337895637296834
sep28k,deployment_deg_val,vad_zero,Prolongation,3,f1,0.5443959243085881
sep28k,matched_retraining,vad_zero,Prolongation,3,f1,0.610223642172524
sep28k,majority_vote_fixed,vad_zero,Prolongation,3,f1,0.315035799522673
sep28k,deployment_fixed,vad_zero,Prolongation,3,precision,0.5069551777434312
sep28k,deployment_clean_val,vad_zero,Prolongation,3,precision,0.519134775374376
sep28k,deployment_deg_val,vad_zero,Prolongation,3,precision,0.4640198511166253
sep28k,matched_retraining,vad_zero,Prolongation,3,precision,0.5584795321637427
sep28k,majority_vote_fixed,vad_zero,Prolongation,3,precision,0.20401854714064915
sep28k,deployment_fixed,vad_zero,Prolongation,3,recall,0.5774647887323944
sep28k,deployment_clean_val,vad_zero,Prolongation,3,recall,0.5492957746478874
sep28k,deployment_deg_val,vad_zero,Prolongation,3,recall,0.6584507042253521
sep28k,matched_retraining,vad_zero,Prolongation,3,recall,0.6725352112676056
sep28k,majority_vote_fixed,vad_zero,Prolongation,3,recall,0.6910994764397905
sep28k,deployment_fixed,vad_zero,Prolongation,3,auc,0.6962763486837612
sep28k,deployment_clean_val,vad_zero,Prolongation,3,auc,0.6962763486837612
sep28k,deployment_deg_val,vad_zero,Prolongation,3,auc,0.6962763486837612
sep28k,matched_retraining,vad_zero,Prolongation,3,auc,0.7618219013401456
sep28k,majority_vote_fixed,vad_zero,Prolongation,3,auc,0.7379298548310328
sep28k,deployment_fixed,vad_zero,Prolongation,3,pr_auc,0.5944871478305018
sep28k,deployment_clean_val,vad_zero,Prolongation,3,pr_auc,0.5944871478305018
sep28k,deployment_deg_val,vad_zero,Prolongation,3,pr_auc,0.5944871478305018
sep28k,matched_retraining,vad_zero,Prolongation,3,pr_auc,0.6479071010546387
sep28k,majority_vote_fixed,vad_zero,Prolongation,3,pr_auc,0.3593005616893289
sep28k,deployment_fixed,vad_zero,Prolongation,3,ece,0.10909356367901075
sep28k,deployment_clean_val,vad_zero,Prolongation,3,ece,0.10909356367901075
sep28k,deployment_deg_val,vad_zero,Prolongation,3,ece,0.10909356367901075
sep28k,matched_retraining,vad_zero,Prolongation,3,ece,0.1147308450389585
sep28k,majority_vote_fixed,vad_zero,Prolongation,3,ece,0.34119934971510646
sep28k,deployment_fixed,vad_zero,Prolongation,3,brier,0.21879046061164414
sep28k,deployment_clean_val,vad_zero,Prolongation,3,brier,0.21879046061164414
sep28k,deployment_deg_val,vad_zero,Prolongation,3,brier,0.21879046061164414
sep28k,matched_retraining,vad_zero,Prolongation,3,brier,0.19754070984844702
sep28k,majority_vote_fixed,vad_zero,Prolongation,3,brier,0.23304548025046937
sep28k,deployment_fixed,vad_zero,SoundRep,3,f1,0.5257861635220126
sep28k,deployment_clean_val,vad_zero,SoundRep,3,f1,0.4684431977559607
sep28k,deployment_deg_val,vad_zero,SoundRep,3,f1,0.5632563256325632
sep28k,matched_retraining,vad_zero,SoundRep,3,f1,0.608534322820037
sep28k,majority_vote_fixed,vad_zero,SoundRep,3,f1,0.44234404536862004
sep28k,deployment_fixed,vad_zero,SoundRep,3,precision,0.6551724137931034
sep28k,deployment_clean_val,vad_zero,SoundRep,3,precision,0.7046413502109705
sep28k,deployment_deg_val,vad_zero,SoundRep,3,precision,0.5912240184757506
sep28k,matched_retraining,vad_zero,SoundRep,3,precision,0.5448504983388704
sep28k,majority_vote_fixed,vad_zero,SoundRep,3,precision,0.3667711598746082
sep28k,deployment_fixed,vad_zero,SoundRep,3,recall,0.43907563025210083
sep28k,deployment_clean_val,vad_zero,SoundRep,3,recall,0.35084033613445376
sep28k,deployment_deg_val,vad_zero,SoundRep,3,recall,0.5378151260504201
sep28k,matched_retraining,vad_zero,SoundRep,3,recall,0.6890756302521008
sep28k,majority_vote_fixed,vad_zero,SoundRep,3,recall,0.5571428571428572
sep28k,deployment_fixed,vad_zero,SoundRep,3,auc,0.7581433285691836
sep28k,deployment_clean_val,vad_zero,SoundRep,3,auc,0.7581433285691836
sep28k,deployment_deg_val,vad_zero,SoundRep,3,auc,0.7581433285691836
sep28k,matched_retraining,vad_zero,SoundRep,3,auc,0.8109355941842453
sep28k,majority_vote_fixed,vad_zero,SoundRep,3,auc,0.7767938564914806
sep28k,deployment_fixed,vad_zero,SoundRep,3,pr_auc,0.6312952502578857
sep28k,deployment_clean_val,vad_zero,SoundRep,3,pr_auc,0.6312952502578857
sep28k,deployment_deg_val,vad_zero,SoundRep,3,pr_auc,0.6312952502578857
sep28k,matched_retraining,vad_zero,SoundRep,3,pr_auc,0.6771394055990767
sep28k,majority_vote_fixed,vad_zero,SoundRep,3,pr_auc,0.45220146242780107
sep28k,deployment_fixed,vad_zero,SoundRep,3,ece,0.038887342495422514
sep28k,deployment_clean_val,vad_zero,SoundRep,3,ece,0.038887342495422514
sep28k,deployment_deg_val,vad_zero,SoundRep,3,ece,0.038887342495422514
sep28k,matched_retraining,vad_zero,SoundRep,3,ece,0.1341212157935221
sep28k,majority_vote_fixed,vad_zero,SoundRep,3,ece,0.1593586330054458
sep28k,deployment_fixed,vad_zero,SoundRep,3,brier,0.16679599605608195
sep28k,deployment_clean_val,vad_zero,SoundRep,3,brier,0.16679599605608195
sep28k,deployment_deg_val,vad_zero,SoundRep,3,brier,0.16679599605608195
sep28k,matched_retraining,vad_zero,SoundRep,3,brier,0.17369086742994352
sep28k,majority_vote_fixed,vad_zero,SoundRep,3,brier,0.1332060625705783
sep28k,deployment_fixed,vad_zero,WordRep,3,f1,0.5618631732168851
sep28k,deployment_clean_val,vad_zero,WordRep,3,f1,0.5618631732168851
sep28k,deployment_deg_val,vad_zero,WordRep,3,f1,0.5425742574257426
sep28k,matched_retraining,vad_zero,WordRep,3,f1,0.6078886310904872
sep28k,majority_vote_fixed,vad_zero,WordRep,3,f1,0.5416666666666666
sep28k,deployment_fixed,vad_zero,WordRep,3,precision,0.6205787781350482
sep28k,deployment_clean_val,vad_zero,WordRep,3,precision,0.6205787781350482
sep28k,deployment_deg_val,vad_zero,WordRep,3,precision,0.43217665615141954
sep28k,matched_retraining,vad_zero,WordRep,3,precision,0.5390946502057613
sep28k,majority_vote_fixed,vad_zero,WordRep,3,precision,0.45980707395498394
sep28k,deployment_fixed,vad_zero,WordRep,3,recall,0.5132978723404256
sep28k,deployment_clean_val,vad_zero,WordRep,3,recall,0.5132978723404256
sep28k,deployment_deg_val,vad_zero,WordRep,3,recall,0.7287234042553191
sep28k,matched_retraining,vad_zero,WordRep,3,recall,0.6968085106382979
sep28k,majority_vote_fixed,vad_zero,WordRep,3,recall,0.6589861751152074
sep28k,deployment_fixed,vad_zero,WordRep,3,auc,0.7899632052330336
sep28k,deployment_clean_val,vad_zero,WordRep,3,auc,0.7899632052330336
sep28k,deployment_deg_val,vad_zero,WordRep,3,auc,0.7899632052330336
sep28k,matched_retraining,vad_zero,WordRep,3,auc,0.8307397226909761
sep28k,majority_vote_fixed,vad_zero,WordRep,3,auc,0.8361887867046356
sep28k,deployment_fixed,vad_zero,WordRep,3,pr_auc,0.5981920148964445
sep28k,deployment_clean_val,vad_zero,WordRep,3,pr_auc,0.5981920148964445
sep28k,deployment_deg_val,vad_zero,WordRep,3,pr_auc,0.5981920148964445
sep28k,matched_retraining,vad_zero,WordRep,3,pr_auc,0.6275433120512652
sep28k,majority_vote_fixed,vad_zero,WordRep,3,pr_auc,0.505163319740221
sep28k,deployment_fixed,vad_zero,WordRep,3,ece,0.06416269049415872
sep28k,deployment_clean_val,vad_zero,WordRep,3,ece,0.06416269049415872
sep28k,deployment_deg_val,vad_zero,WordRep,3,ece,0.06416269049415872
sep28k,matched_retraining,vad_zero,WordRep,3,ece,0.16522944437357598
sep28k,majority_vote_fixed,vad_zero,WordRep,3,ece,0.15083647777049614
sep28k,deployment_fixed,vad_zero,WordRep,3,brier,0.1399743510353602
sep28k,deployment_clean_val,vad_zero,WordRep,3,brier,0.1399743510353602
sep28k,deployment_deg_val,vad_zero,WordRep,3,brier,0.1399743510353602
sep28k,matched_retraining,vad_zero,WordRep,3,brier,0.15718262243754902
sep28k,majority_vote_fixed,vad_zero,WordRep,3,brier,0.11898538258912804
sep28k,deployment_fixed,vad_zero,Interjection,3,f1,0.708803611738149
sep28k,deployment_clean_val,vad_zero,Interjection,3,f1,0.7154236060825488
sep28k,deployment_deg_val,vad_zero,Interjection,3,f1,0.7208053691275168
sep28k,matched_retraining,vad_zero,Interjection,3,f1,0.7259684361549498
sep28k,majority_vote_fixed,vad_zero,Interjection,3,f1,0.6895238095238095
sep28k,deployment_fixed,vad_zero,Interjection,3,precision,0.7511961722488039
sep28k,deployment_clean_val,vad_zero,Interjection,3,precision,0.727540500736377
sep28k,deployment_deg_val,vad_zero,Interjection,3,precision,0.6814720812182741
sep28k,matched_retraining,vad_zero,Interjection,3,precision,0.7312138728323699
sep28k,majority_vote_fixed,vad_zero,Interjection,3,precision,0.5773524720893142
sep28k,deployment_fixed,vad_zero,Interjection,3,recall,0.6709401709401709
sep28k,deployment_clean_val,vad_zero,Interjection,3,recall,0.7037037037037037
sep28k,deployment_deg_val,vad_zero,Interjection,3,recall,0.7649572649572649
sep28k,matched_retraining,vad_zero,Interjection,3,recall,0.7207977207977208
sep28k,majority_vote_fixed,vad_zero,Interjection,3,recall,0.8557919621749409
sep28k,deployment_fixed,vad_zero,Interjection,3,auc,0.8293059803650662
sep28k,deployment_clean_val,vad_zero,Interjection,3,auc,0.8293059803650662
sep28k,deployment_deg_val,vad_zero,Interjection,3,auc,0.8293059803650662
sep28k,matched_retraining,vad_zero,Interjection,3,auc,0.8349484035102765
sep28k,majority_vote_fixed,vad_zero,Interjection,3,auc,0.9038090413470351
sep28k,deployment_fixed,vad_zero,Interjection,3,pr_auc,0.8194173676863626
sep28k,deployment_clean_val,vad_zero,Interjection,3,pr_auc,0.8194173676863626
sep28k,deployment_deg_val,vad_zero,Interjection,3,pr_auc,0.8194173676863626
sep28k,matched_retraining,vad_zero,Interjection,3,pr_auc,0.8289154402317693
sep28k,majority_vote_fixed,vad_zero,Interjection,3,pr_auc,0.7862933708540073
sep28k,deployment_fixed,vad_zero,Interjection,3,ece,0.02326386809165953
sep28k,deployment_clean_val,vad_zero,Interjection,3,ece,0.02326386809165953
sep28k,deployment_deg_val,vad_zero,Interjection,3,ece,0.02326386809165953
sep28k,matched_retraining,vad_zero,Interjection,3,ece,0.05271860265990452
sep28k,majority_vote_fixed,vad_zero,Interjection,3,ece,0.18235209125847987
sep28k,deployment_fixed,vad_zero,Interjection,3,brier,0.1627686461759927
sep28k,deployment_clean_val,vad_zero,Interjection,3,brier,0.1627686461759927
sep28k,deployment_deg_val,vad_zero,Interjection,3,brier,0.1627686461759927
sep28k,matched_retraining,vad_zero,Interjection,3,brier,0.16270347758959863
sep28k,majority_vote_fixed,vad_zero,Interjection,3,brier,0.14318958442181728
sep28k,deployment_fixed,denoise,Block,3,f1,0.5164394546912591
sep28k,deployment_clean_val,denoise,Block,3,f1,0.5909712722298222
sep28k,deployment_deg_val,denoise,Block,3,f1,0.6663433559650824
sep28k,matched_retraining,denoise,Block,3,f1,0.6260754467240238
sep28k,majority_vote_fixed,denoise,Block,3,f1,0.3504273504273504
sep28k,deployment_fixed,denoise,Block,3,precision,0.6505050505050505
sep28k,deployment_clean_val,denoise,Block,3,precision,0.6084507042253521
sep28k,deployment_deg_val,denoise,Block,3,precision,0.5244274809160305
sep28k,matched_retraining,denoise,Block,3,precision,0.6231884057971014
sep28k,majority_vote_fixed,denoise,Block,3,precision,0.24848484848484848
sep28k,deployment_fixed,denoise,Block,3,recall,0.42819148936170215
sep28k,deployment_clean_val,denoise,Block,3,recall,0.574468085106383
sep28k,deployment_deg_val,denoise,Block,3,recall,0.913563829787234
sep28k,matched_retraining,denoise,Block,3,recall,0.6289893617021277
sep28k,majority_vote_fixed,denoise,Block,3,recall,0.5942028985507246
sep28k,deployment_fixed,denoise,Block,3,auc,0.683416438493808
sep28k,deployment_clean_val,denoise,Block,3,auc,0.683416438493808
sep28k,deployment_deg_val,denoise,Block,3,auc,0.683416438493808
sep28k,matched_retraining,denoise,Block,3,auc,0.7066680901303726
sep28k,majority_vote_fixed,denoise,Block,3,auc,0.7085207396301849
sep28k,deployment_fixed,denoise,Block,3,pr_auc,0.6373392459323929
sep28k,deployment_clean_val,denoise,Block,3,pr_auc,0.6373392459323929
sep28k,deployment_deg_val,denoise,Block,3,pr_auc,0.6373392459323929
sep28k,matched_retraining,denoise,Block,3,pr_auc,0.6662322495948452
sep28k,majority_vote_fixed,denoise,Block,3,pr_auc,0.260839108014184
sep28k,deployment_fixed,denoise,Block,3,ece,0.07245845074846695
sep28k,deployment_clean_val,denoise,Block,3,ece,0.07245845074846695
sep28k,deployment_deg_val,denoise,Block,3,ece,0.07245845074846695
sep28k,matched_retraining,denoise,Block,3,ece,0.03851794945557117
sep28k,majority_vote_fixed,denoise,Block,3,ece,0.2733297678802423
sep28k,deployment_fixed,denoise,Block,3,brier,0.23018529495611187
sep28k,deployment_clean_val,denoise,Block,3,brier,0.23018529495611187
sep28k,deployment_deg_val,denoise,Block,3,brier,0.23018529495611187
sep28k,matched_retraining,denoise,Block,3,brier,0.218069896791749
sep28k,majority_vote_fixed,denoise,Block,3,brier,0.19158390755752616
sep28k,deployment_fixed,denoise,Prolongation,3,f1,0.5767350928641252
sep28k,deployment_clean_val,denoise,Prolongation,3,f1,0.5590312815338042
sep28k,deployment_deg_val,denoise,Prolongation,3,f1,0.6242774566473989
sep28k,matched_retraining,denoise,Prolongation,3,f1,0.6311541565778854
sep28k,majority_vote_fixed,denoise,Prolongation,3,f1,0.4458204334365325
sep28k,deployment_fixed,denoise,Prolongation,3,precision,0.6483516483516484
sep28k,deployment_clean_val,denoise,Prolongation,3,precision,0.6548463356973995
sep28k,deployment_deg_val,denoise,Prolongation,3,precision,0.5294117647058824
sep28k,matched_retraining,denoise,Prolongation,3,precision,0.5827123695976155
sep28k,majority_vote_fixed,denoise,Prolongation,3,precision,0.31648351648351647
sep28k,deployment_fixed,denoise,Prolongation,3,recall,0.5193661971830986
sep28k,deployment_clean_val,denoise,Prolongation,3,recall,0.4876760563380282
sep28k,deployment_deg_val,denoise,Prolongation,3,recall,0.7605633802816901
sep28k,matched_retraining,denoise,Prolongation,3,recall,0.6883802816901409
sep28k,majority_vote_fixed,denoise,Prolongation,3,recall,0.7539267015706806
sep28k,deployment_fixed,denoise,Prolongation,3,auc,0.7719805740358738
sep28k,deployment_clean_val,denoise,Prolongation,3,auc,0.7719805740358738
sep28k,deployment_deg_val,denoise,Prolongation,3,auc,0.7719805740358738
sep28k,matched_retraining,denoise,Prolongation,3,auc,0.782410759415855
sep28k,majority_vote_fixed,denoise,Prolongation,3,auc,0.8497032663017612
sep28k,deployment_fixed,denoise,Prolongation,3,pr_auc,0.6608988291887898
sep28k,deployment_clean_val,denoise,Prolongation,3,pr_auc,0.6608988291887898
sep28k,deployment_deg_val,denoise,Prolongation,3,pr_auc,0.6608988291887898
sep28k,matched_retraining,denoise,Prolongation,3,pr_auc,0.6765117812491107
sep28k,majority_vote_fixed,denoise,Prolongation,3,pr_auc,0.47964318542355733
sep28k,deployment_fixed,denoise,Prolongation,3,ece,0.027129941918666783
sep28k,deployment_clean_val,denoise,Prolongation,3,ece,0.027129941918666783
sep28k,deployment_deg_val,denoise,Prolongation,3,ece,0.027129941918666783
sep28k,matched_retraining,denoise,Prolongation,3,ece,0.10903523536931885
sep28k,majority_vote_fixed,denoise,Prolongation,3,ece,0.2586699555403665
sep28k,deployment_fixed,denoise,Prolongation,3,brier,0.18050647412358764
sep28k,deployment_clean_val,denoise,Prolongation,3,brier,0.18050647412358764
sep28k,deployment_deg_val,denoise,Prolongation,3,brier,0.18050647412358764
sep28k,matched_retraining,denoise,Prolongation,3,brier,0.1890191907805719
sep28k,majority_vote_fixed,denoise,Prolongation,3,brier,0.16055524619051456
sep28k,deployment_fixed,denoise,SoundRep,3,f1,0.6477064220183486
sep28k,deployment_clean_val,denoise,SoundRep,3,f1,0.6349534643226473
sep28k,deployment_deg_val,denoise,SoundRep,3,f1,0.6451612903225806
sep28k,matched_retraining,denoise,SoundRep,3,f1,0.66728280961183
sep28k,majority_vote_fixed,denoise,SoundRep,3,f1,0.4368932038834951
sep28k,deployment_fixed,denoise,SoundRep,3,precision,0.5749185667752443
sep28k,deployment_clean_val,denoise,SoundRep,3,precision,0.6252545824847251
sep28k,deployment_deg_val,denoise,SoundRep,3,precision,0.5882352941176471
sep28k,matched_retraining,denoise,SoundRep,3,precision,0.5957095709570958
sep28k,majority_vote_fixed,denoise,SoundRep,3,precision,0.2931596091205212
sep28k,deployment_fixed,denoise,SoundRep,3,recall,0.7415966386554622
sep28k,deployment_clean_val,denoise,SoundRep,3,recall,0.6449579831932774
sep28k,deployment_deg_val,denoise,SoundRep,3,recall,0.7142857142857143
sep28k,matched_retraining,denoise,SoundRep,3,recall,0.7584033613445378
sep28k,majority_vote_fixed,denoise,SoundRep,3,recall,0.8571428571428571
sep28k,deployment_fixed,denoise,SoundRep,3,auc,0.831145191825617
sep28k,deployment_clean_val,denoise,SoundRep,3,auc,0.831145191825617
sep28k,deployment_deg_val,denoise,SoundRep,3,auc,0.831145191825617
sep28k,matched_retraining,denoise,SoundRep,3,auc,0.840959090670997
sep28k,majority_vote_fixed,denoise,SoundRep,3,auc,0.8526483595598068
sep28k,deployment_fixed,denoise,SoundRep,3,pr_auc,0.6968288442537848
sep28k,deployment_clean_val,denoise,SoundRep,3,pr_auc,0.6968288442537848
sep28k,deployment_deg_val,denoise,SoundRep,3,pr_auc,0.6968288442537848
sep28k,matched_retraining,denoise,SoundRep,3,pr_auc,0.7106314885682277
sep28k,majority_vote_fixed,denoise,SoundRep,3,pr_auc,0.5247787975861928
sep28k,deployment_fixed,denoise,SoundRep,3,ece,0.14478721935498068
sep28k,deployment_clean_val,denoise,SoundRep,3,ece,0.14478721935498068
sep28k,deployment_deg_val,denoise,SoundRep,3,ece,0.14478721935498068
sep28k,matched_retraining,denoise,SoundRep,3,ece,0.1323744132234442
sep28k,majority_vote_fixed,denoise,SoundRep,3,ece,0.3111411905870007
sep28k,deployment_fixed,denoise,SoundRep,3,brier,0.1686813918022602
sep28k,deployment_clean_val,denoise,SoundRep,3,brier,0.1686813918022602
sep28k,deployment_deg_val,denoise,SoundRep,3,brier,0.1686813918022602
sep28k,matched_retraining,denoise,SoundRep,3,brier,0.16172306438221629
sep28k,majority_vote_fixed,denoise,SoundRep,3,brier,0.2017162486521985
sep28k,deployment_fixed,denoise,WordRep,3,f1,0.6054181389870436
sep28k,deployment_clean_val,denoise,WordRep,3,f1,0.6054181389870436
sep28k,deployment_deg_val,denoise,WordRep,3,f1,0.6029106029106029
sep28k,matched_retraining,denoise,WordRep,3,f1,0.6213151927437641
sep28k,majority_vote_fixed,denoise,WordRep,3,f1,0.4927536231884058
sep28k,deployment_fixed,denoise,WordRep,3,precision,0.5433403805496829
sep28k,deployment_clean_val,denoise,WordRep,3,precision,0.5433403805496829
sep28k,deployment_deg_val,denoise,WordRep,3,precision,0.4948805460750853
sep28k,matched_retraining,denoise,WordRep,3,precision,0.541501976284585
sep28k,majority_vote_fixed,denoise,WordRep,3,precision,0.3594080338266385
sep28k,deployment_fixed,denoise,WordRep,3,recall,0.6835106382978723
sep28k,deployment_clean_val,denoise,WordRep,3,recall,0.6835106382978723
sep28k,deployment_deg_val,denoise,WordRep,3,recall,0.7712765957446809
sep28k,matched_retraining,denoise,WordRep,3,recall,0.7287234042553191
sep28k,majority_vote_fixed,denoise,WordRep,3,recall,0.783410138248848
sep28k,deployment_fixed,denoise,WordRep,3,auc,0.837833371026948
sep28k,deployment_clean_val,denoise,WordRep,3,auc,0.837833371026948
sep28k,deployment_deg_val,denoise,WordRep,3,auc,0.837833371026948
sep28k,matched_retraining,denoise,WordRep,3,auc,0.8444464257754736
sep28k,majority_vote_fixed,denoise,WordRep,3,auc,0.8773966801603234
sep28k,deployment_fixed,denoise,WordRep,3,pr_auc,0.6434820303435228
sep28k,deployment_clean_val,denoise,WordRep,3,pr_auc,0.6434820303435228
sep28k,deployment_deg_val,denoise,WordRep,3,pr_auc,0.6434820303435228
sep28k,matched_retraining,denoise,WordRep,3,pr_auc,0.6443748583276085
sep28k,majority_vote_fixed,denoise,WordRep,3,pr_auc,0.5274533363331761
sep28k,deployment_fixed,denoise,WordRep,3,ece,0.1547285616375032
sep28k,deployment_clean_val,denoise,WordRep,3,ece,0.1547285616375032
sep28k,deployment_deg_val,denoise,WordRep,3,ece,0.1547285616375032
sep28k,matched_retraining,denoise,WordRep,3,ece,0.15755053615362064
sep28k,majority_vote_fixed,denoise,WordRep,3,ece,0.2541657098551392
sep28k,deployment_fixed,denoise,WordRep,3,brier,0.15141723447724034
sep28k,deployment_clean_val,denoise,WordRep,3,brier,0.15141723447724034
sep28k,deployment_deg_val,denoise,WordRep,3,brier,0.15141723447724034
sep28k,matched_retraining,denoise,WordRep,3,brier,0.15149237982959723
sep28k,majority_vote_fixed,denoise,WordRep,3,brier,0.15691123987416944
sep28k,deployment_fixed,denoise,Interjection,3,f1,0.728110599078341
sep28k,deployment_clean_val,denoise,Interjection,3,f1,0.7466863033873343
sep28k,deployment_deg_val,denoise,Interjection,3,f1,0.7431457431457431
sep28k,matched_retraining,denoise,Interjection,3,f1,0.7438136826783115
sep28k,majority_vote_fixed,denoise,Interjection,3,f1,0.7233626588465298
sep28k,deployment_fixed,denoise,Interjection,3,precision,0.79
sep28k,deployment_clean_val,denoise,Interjection,3,precision,0.7728658536585366
sep28k,deployment_deg_val,denoise,Interjection,3,precision,0.7529239766081871
sep28k,matched_retraining,denoise,Interjection,3,precision,0.7604166666666666
sep28k,majority_vote_fixed,denoise,Interjection,3,precision,0.6166666666666667
sep28k,deployment_fixed,denoise,Interjection,3,recall,0.6752136752136753
sep28k,deployment_clean_val,denoise,Interjection,3,recall,0.7222222222222222
sep28k,deployment_deg_val,denoise,Interjection,3,recall,0.7336182336182336
sep28k,matched_retraining,denoise,Interjection,3,recall,0.7279202279202279
sep28k,majority_vote_fixed,denoise,Interjection,3,recall,0.8747044917257684
sep28k,deployment_fixed,denoise,Interjection,3,auc,0.8489456783771165
sep28k,deployment_clean_val,denoise,Interjection,3,auc,0.8489456783771165
sep28k,deployment_deg_val,denoise,Interjection,3,auc,0.8489456783771165
sep28k,matched_retraining,denoise,Interjection,3,auc,0.8494284525499687
sep28k,majority_vote_fixed,denoise,Interjection,3,auc,0.9234915006191601
sep28k,deployment_fixed,denoise,Interjection,3,pr_auc,0.8466005623842758
sep28k,deployment_clean_val,denoise,Interjection,3,pr_auc,0.8466005623842758
sep28k,deployment_deg_val,denoise,Interjection,3,pr_auc,0.8466005623842758
sep28k,matched_retraining,denoise,Interjection,3,pr_auc,0.8447265817044632
sep28k,majority_vote_fixed,denoise,Interjection,3,pr_auc,0.8230393468094412
sep28k,deployment_fixed,denoise,Interjection,3,ece,0.04061028907538368
sep28k,deployment_clean_val,denoise,Interjection,3,ece,0.04061028907538368
sep28k,deployment_deg_val,denoise,Interjection,3,ece,0.04061028907538368
sep28k,matched_retraining,denoise,Interjection,3,ece,0.04603124930356702
sep28k,majority_vote_fixed,denoise,Interjection,3,ece,0.18606094765961578
sep28k,deployment_fixed,denoise,Interjection,3,brier,0.1518866240092788
sep28k,deployment_clean_val,denoise,Interjection,3,brier,0.1518866240092788
sep28k,deployment_deg_val,denoise,Interjection,3,brier,0.1518866240092788
sep28k,matched_retraining,denoise,Interjection,3,brier,0.1534307487747174
sep28k,majority_vote_fixed,denoise,Interjection,3,brier,0.13472256956982878
sep28k,deployment_fixed,full_chain_novad,Block,3,f1,0.5333333333333333
sep28k,deployment_clean_val,full_chain_novad,Block,3,f1,0.6061433447098976
sep28k,deployment_deg_val,full_chain_novad,Block,3,f1,0.677931387608807
sep28k,matched_retraining,full_chain_novad,Block,3,f1,0.627373935821873
sep28k,majority_vote_fixed,full_chain_novad,Block,3,f1,0.3457142857142857
sep28k,deployment_fixed,full_chain_novad,Block,3,precision,0.6734279918864098
sep28k,deployment_clean_val,full_chain_novad,Block,3,precision,0.6227208976157083
sep28k,deployment_deg_val,full_chain_novad,Block,3,precision,0.5512073272273106
sep28k,matched_retraining,full_chain_novad,Block,3,precision,0.6180645161290322
sep28k,majority_vote_fixed,full_chain_novad,Block,3,precision,0.24543610547667344
sep28k,deployment_fixed,full_chain_novad,Block,3,recall,0.44148936170212766
sep28k,deployment_clean_val,full_chain_novad,Block,3,recall,0.5904255319148937
sep28k,deployment_deg_val,full_chain_novad,Block,3,recall,0.8803191489361702
sep28k,matched_retraining,full_chain_novad,Block,3,recall,0.636968085106383
sep28k,majority_vote_fixed,full_chain_novad,Block,3,recall,0.5845410628019324
sep28k,deployment_fixed,full_chain_novad,Block,3,auc,0.6959465824311085
sep28k,deployment_clean_val,full_chain_novad,Block,3,auc,0.6959465824311085
sep28k,deployment_deg_val,full_chain_novad,Block,3,auc,0.6959465824311085
sep28k,matched_retraining,full_chain_novad,Block,3,auc,0.7058407018513402
sep28k,majority_vote_fixed,full_chain_novad,Block,3,auc,0.7124354489421956
sep28k,deployment_fixed,full_chain_novad,Block,3,pr_auc,0.6455592978902288
sep28k,deployment_clean_val,full_chain_novad,Block,3,pr_auc,0.6455592978902288
sep28k,deployment_deg_val,full_chain_novad,Block,3,pr_auc,0.6455592978902288
sep28k,matched_retraining,full_chain_novad,Block,3,pr_auc,0.6608687428853104
sep28k,majority_vote_fixed,full_chain_novad,Block,3,pr_auc,0.2637045328045067
sep28k,deployment_fixed,full_chain_novad,Block,3,ece,0.07502431087904997
sep28k,deployment_clean_val,full_chain_novad,Block,3,ece,0.07502431087904997
sep28k,deployment_deg_val,full_chain_novad,Block,3,ece,0.07502431087904997
sep28k,matched_retraining,full_chain_novad,Block,3,ece,0.03161269338623078
sep28k,majority_vote_fixed,full_chain_novad,Block,3,ece,0.2751125330113238
sep28k,deployment_fixed,full_chain_novad,Block,3,brier,0.22614657140917432
sep28k,deployment_clean_val,full_chain_novad,Block,3,brier,0.22614657140917432
sep28k,deployment_deg_val,full_chain_novad,Block,3,brier,0.22614657140917432
sep28k,matched_retraining,full_chain_novad,Block,3,brier,0.2187012031488828
sep28k,majority_vote_fixed,full_chain_novad,Block,3,brier,0.19191959649036228
sep28k,deployment_fixed,full_chain_novad,Prolongation,3,f1,0.5672797676669894
sep28k,deployment_clean_val,full_chain_novad,Prolongation,3,f1,0.56318407960199
sep28k,deployment_deg_val,full_chain_novad,Prolongation,3,f1,0.6205450733752621
sep28k,matched_retraining,full_chain_novad,Prolongation,3,f1,0.6199021207177814
sep28k,majority_vote_fixed,full_chain_novad,Prolongation,3,f1,0.4329268292682927
sep28k,deployment_fixed,full_chain_novad,Prolongation,3,precision,0.6301075268817204
sep28k,deployment_clean_val,full_chain_novad,Prolongation,3,precision,0.6475972540045767
sep28k,deployment_deg_val,full_chain_novad,Prolongation,3,precision,0.5144843568945539
sep28k,matched_retraining,full_chain_novad,Prolongation,3,precision,0.5775075987841946
sep28k,majority_vote_fixed,full_chain_novad,Prolongation,3,precision,0.3053763440860215
sep28k,deployment_fixed,full_chain_novad,Prolongation,3,recall,0.5158450704225352
sep28k,deployment_clean_val,full_chain_novad,Prolongation,3,recall,0.4982394366197183
sep28k,deployment_deg_val,full_chain_novad,Prolongation,3,recall,0.7816901408450704
sep28k,matched_retraining,full_chain_novad,Prolongation,3,recall,0.6690140845070423
sep28k,majority_vote_fixed,full_chain_novad,Prolongation,3,recall,0.743455497382199
sep28k,deployment_fixed,full_chain_novad,Prolongation,3,auc,0.7709645360036065
sep28k,deployment_clean_val,full_chain_novad,Prolongation,3,auc,0.7709645360036065
sep28k,deployment_deg_val,full_chain_novad,Prolongation,3,auc,0.7709645360036065
sep28k,matched_retraining,full_chain_novad,Prolongation,3,auc,0.7786181199710386
sep28k,majority_vote_fixed,full_chain_novad,Prolongation,3,auc,0.8495322168015231
sep28k,deployment_fixed,full_chain_novad,Prolongation,3,pr_auc,0.6555395950400131
sep28k,deployment_clean_val,full_chain_novad,Prolongation,3,pr_auc,0.6555395950400131
sep28k,deployment_deg_val,full_chain_novad,Prolongation,3,pr_auc,0.6555395950400131
sep28k,matched_retraining,full_chain_novad,Prolongation,3,pr_auc,0.6705919426637335
sep28k,majority_vote_fixed,full_chain_novad,Prolongation,3,pr_auc,0.4673674608011439
sep28k,deployment_fixed,full_chain_novad,Prolongation,3,ece,0.030686599049208306
sep28k,deployment_clean_val,full_chain_novad,Prolongation,3,ece,0.030686599049208306
sep28k,deployment_deg_val,full_chain_novad,Prolongation,3,ece,0.030686599049208306
sep28k,matched_retraining,full_chain_novad,Prolongation,3,ece,0.11058358125728013
sep28k,majority_vote_fixed,full_chain_novad,Prolongation,3,ece,0.26349335306851296
sep28k,deployment_fixed,full_chain_novad,Prolongation,3,brier,0.1809082290934842
sep28k,deployment_clean_val,full_chain_novad,Prolongation,3,brier,0.1809082290934842
sep28k,deployment_deg_val,full_chain_novad,Prolongation,3,brier,0.1809082290934842
sep28k,matched_retraining,full_chain_novad,Prolongation,3,brier,0.19041463096717662
sep28k,majority_vote_fixed,full_chain_novad,Prolongation,3,brier,0.16319008420879244
sep28k,deployment_fixed,full_chain_novad,SoundRep,3,f1,0.6434619002822202
sep28k,deployment_clean_val,full_chain_novad,SoundRep,3,f1,0.6335797254487856
sep28k,deployment_deg_val,full_chain_novad,SoundRep,3,f1,0.6482758620689655
sep28k,matched_retraining,full_chain_novad,SoundRep,3,f1,0.6727941176470589
sep28k,majority_vote_fixed,full_chain_novad,SoundRep,3,f1,0.44416562107904645
sep28k,deployment_fixed,full_chain_novad,SoundRep,3,precision,0.5826235093696763
sep28k,deployment_clean_val,full_chain_novad,SoundRep,3,precision,0.6369426751592356
sep28k,deployment_deg_val,full_chain_novad,SoundRep,3,precision,0.6103896103896104
sep28k,matched_retraining,full_chain_novad,SoundRep,3,precision,0.5980392156862745
sep28k,majority_vote_fixed,full_chain_novad,SoundRep,3,precision,0.30153321976149916
sep28k,deployment_fixed,full_chain_novad,SoundRep,3,recall,0.7184873949579832
sep28k,deployment_clean_val,full_chain_novad,SoundRep,3,recall,0.6302521008403361
sep28k,deployment_deg_val,full_chain_novad,SoundRep,3,recall,0.6911764705882353
sep28k,matched_retraining,full_chain_novad,SoundRep,3,recall,0.7689075630252101
sep28k,majority_vote_fixed,full_chain_novad,SoundRep,3,recall,0.8428571428571429
sep28k,deployment_fixed,full_chain_novad,SoundRep,3,auc,0.8340167767908588
sep28k,deployment_clean_val,full_chain_novad,SoundRep,3,auc,0.8340167767908588
sep28k,deployment_deg_val,full_chain_novad,SoundRep,3,auc,0.8340167767908588
sep28k,matched_retraining,full_chain_novad,SoundRep,3,auc,0.8421058539177024
sep28k,majority_vote_fixed,full_chain_novad,SoundRep,3,auc,0.8551270184099558
sep28k,deployment_fixed,full_chain_novad,SoundRep,3,pr_auc,0.7017087672678429
sep28k,deployment_clean_val,full_chain_novad,SoundRep,3,pr_auc,0.7017087672678429
sep28k,deployment_deg_val,full_chain_novad,SoundRep,3,pr_auc,0.7017087672678429
sep28k,matched_retraining,full_chain_novad,SoundRep,3,pr_auc,0.7110807800956239
sep28k,majority_vote_fixed,full_chain_novad,SoundRep,3,pr_auc,0.5302036090369855
sep28k,deployment_fixed,full_chain_novad,SoundRep,3,ece,0.13745190793392945
sep28k,deployment_clean_val,full_chain_novad,SoundRep,3,ece,0.13745190793392945
sep28k,deployment_deg_val,full_chain_novad,SoundRep,3,ece,0.13745190793392945
sep28k,matched_retraining,full_chain_novad,SoundRep,3,ece,0.13395414068416409
sep28k,majority_vote_fixed,full_chain_novad,SoundRep,3,ece,0.3038058791659495
sep28k,deployment_fixed,full_chain_novad,SoundRep,3,brier,0.16501828539318286
sep28k,deployment_clean_val,full_chain_novad,SoundRep,3,brier,0.16501828539318286
sep28k,deployment_deg_val,full_chain_novad,SoundRep,3,brier,0.16501828539318286
sep28k,matched_retraining,full_chain_novad,SoundRep,3,brier,0.16139500692343126
sep28k,majority_vote_fixed,full_chain_novad,SoundRep,3,brier,0.195628898602812
sep28k,deployment_fixed,full_chain_novad,WordRep,3,f1,0.6004728132387707
sep28k,deployment_clean_val,full_chain_novad,WordRep,3,f1,0.6004728132387707
sep28k,deployment_deg_val,full_chain_novad,WordRep,3,f1,0.6036916395222585
sep28k,matched_retraining,full_chain_novad,WordRep,3,f1,0.6052332195676906
sep28k,majority_vote_fixed,full_chain_novad,WordRep,3,f1,0.49199417758369723
sep28k,deployment_fixed,full_chain_novad,WordRep,3,precision,0.5404255319148936
sep28k,deployment_clean_val,full_chain_novad,WordRep,3,precision,0.5404255319148936
sep28k,deployment_deg_val,full_chain_novad,WordRep,3,precision,0.5100917431192661
sep28k,matched_retraining,full_chain_novad,WordRep,3,precision,0.5288270377733598
sep28k,majority_vote_fixed,full_chain_novad,WordRep,3,precision,0.3595744680851064
sep28k,deployment_fixed,full_chain_novad,WordRep,3,recall,0.675531914893617
sep28k,deployment_clean_val,full_chain_novad,WordRep,3,recall,0.675531914893617
sep28k,deployment_deg_val,full_chain_novad,WordRep,3,recall,0.7393617021276596
sep28k,matched_retraining,full_chain_novad,WordRep,3,recall,0.7074468085106383
sep28k,majority_vote_fixed,full_chain_novad,WordRep,3,recall,0.7788018433179723
sep28k,deployment_fixed,full_chain_novad,WordRep,3,auc,0.837585463022564
sep28k,deployment_clean_val,full_chain_novad,WordRep,3,auc,0.837585463022564
sep28k,deployment_deg_val,full_chain_novad,WordRep,3,auc,0.837585463022564
sep28k,matched_retraining,full_chain_novad,WordRep,3,auc,0.8414780536177172
sep28k,majority_vote_fixed,full_chain_novad,WordRep,3,auc,0.8758628048577164
sep28k,deployment_fixed,full_chain_novad,WordRep,3,pr_auc,0.6443804191097086
sep28k,deployment_clean_val,full_chain_novad,WordRep,3,pr_auc,0.6443804191097086
sep28k,deployment_deg_val,full_chain_novad,WordRep,3,pr_auc,0.6443804191097086
sep28k,matched_retraining,full_chain_novad,WordRep,3,pr_auc,0.6396497382533401
sep28k,majority_vote_fixed,full_chain_novad,WordRep,3,pr_auc,0.5222179347605795
sep28k,deployment_fixed,full_chain_novad,WordRep,3,ece,0.15662921368758104
sep28k,deployment_clean_val,full_chain_novad,WordRep,3,ece,0.15662921368758104
sep28k,deployment_deg_val,full_chain_novad,WordRep,3,ece,0.15662921368758104
sep28k,matched_retraining,full_chain_novad,WordRep,3,ece,0.16355495652601687
sep28k,majority_vote_fixed,full_chain_novad,WordRep,3,ece,0.2560663619052171
sep28k,deployment_fixed,full_chain_novad,WordRep,3,brier,0.15265151953837533
sep28k,deployment_clean_val,full_chain_novad,WordRep,3,brier,0.15265151953837533
sep28k,deployment_deg_val,full_chain_novad,WordRep,3,brier,0.15265151953837533
sep28k,matched_retraining,full_chain_novad,WordRep,3,brier,0.15530114699167136
sep28k,majority_vote_fixed,full_chain_novad,WordRep,3,brier,0.1590604206499556
sep28k,deployment_fixed,full_chain_novad,Interjection,3,f1,0.7375565610859729
sep28k,deployment_clean_val,full_chain_novad,Interjection,3,f1,0.7487401007919366
sep28k,deployment_deg_val,full_chain_novad,Interjection,3,f1,0.7511612475116125
sep28k,matched_retraining,full_chain_novad,Interjection,3,f1,0.7405247813411079
sep28k,majority_vote_fixed,full_chain_novad,Interjection,3,f1,0.7144221585482331
sep28k,deployment_fixed,full_chain_novad,Interjection,3,precision,0.7836538461538461
sep28k,deployment_clean_val,full_chain_novad,Interjection,3,precision,0.7569141193595342
sep28k,deployment_deg_val,full_chain_novad,Interjection,3,precision,0.7031055900621118
sep28k,matched_retraining,full_chain_novad,Interjection,3,precision,0.7582089552238805
sep28k,majority_vote_fixed,full_chain_novad,Interjection,3,precision,0.5993589743589743
sep28k,deployment_fixed,full_chain_novad,Interjection,3,recall,0.6965811965811965
sep28k,deployment_clean_val,full_chain_novad,Interjection,3,recall,0.7407407407407407
sep28k,deployment_deg_val,full_chain_novad,Interjection,3,recall,0.8062678062678063
sep28k,matched_retraining,full_chain_novad,Interjection,3,recall,0.7236467236467237
sep28k,majority_vote_fixed,full_chain_novad,Interjection,3,recall,0.8841607565011821
sep28k,deployment_fixed,full_chain_novad,Interjection,3,auc,0.849107661816692
sep28k,deployment_clean_val,full_chain_novad,Interjection,3,auc,0.849107661816692
sep28k,deployment_deg_val,full_chain_novad,Interjection,3,auc,0.849107661816692
sep28k,matched_retraining,full_chain_novad,Interjection,3,auc,0.8495189727073785
sep28k,majority_vote_fixed,full_chain_novad,Interjection,3,auc,0.9219657129991476
sep28k,deployment_fixed,full_chain_novad,Interjection,3,pr_auc,0.84726082168058
sep28k,deployment_clean_val,full_chain_novad,Interjection,3,pr_auc,0.84726082168058
sep28k,deployment_deg_val,full_chain_novad,Interjection,3,pr_auc,0.84726082168058
sep28k,matched_retraining,full_chain_novad,Interjection,3,pr_auc,0.8457712287981554
sep28k,majority_vote_fixed,full_chain_novad,Interjection,3,pr_auc,0.8239346840941243
sep28k,deployment_fixed,full_chain_novad,Interjection,3,ece,0.0414606507522614
sep28k,deployment_clean_val,full_chain_novad,Interjection,3,ece,0.0414606507522614
sep28k,deployment_deg_val,full_chain_novad,Interjection,3,ece,0.0414606507522614
sep28k,matched_retraining,full_chain_novad,Interjection,3,ece,0.04568608565112072
sep28k,majority_vote_fixed,full_chain_novad,Interjection,3,ece,0.1992723709463426
sep28k,deployment_fixed,full_chain_novad,Interjection,3,brier,0.1525697513266337
sep28k,deployment_clean_val,full_chain_novad,Interjection,3,brier,0.1525697513266337
sep28k,deployment_deg_val,full_chain_novad,Interjection,3,brier,0.1525697513266337
sep28k,matched_retraining,full_chain_novad,Interjection,3,brier,0.15400740230866966
sep28k,majority_vote_fixed,full_chain_novad,Interjection,3,brier,0.14144720023071694
sep28k,deployment_fixed,full_chain,Block,3,f1,0.4953271028037383
sep28k,deployment_clean_val,full_chain,Block,3,f1,0.568561872909699
sep28k,deployment_deg_val,full_chain,Block,3,f1,0.6527840651878678
sep28k,matched_retraining,full_chain,Block,3,f1,0.5891677675033025
sep28k,majority_vote_fixed,full_chain,Block,3,f1,0.28416779431664413
sep28k,deployment_fixed,full_chain,Block,3,precision,0.5977443609022557
sep28k,deployment_clean_val,full_chain,Block,3,precision,0.5720053835800808
sep28k,deployment_deg_val,full_chain,Block,3,precision,0.4948524365133837
sep28k,matched_retraining,full_chain,Block,3,precision,0.5853018372703412
sep28k,majority_vote_fixed,full_chain,Block,3,precision,0.19736842105263158
sep28k,deployment_fixed,full_chain,Block,3,recall,0.4228723404255319
sep28k,deployment_clean_val,full_chain,Block,3,recall,0.5651595744680851
sep28k,deployment_deg_val,full_chain,Block,3,recall,0.9587765957446809
sep28k,matched_retraining,full_chain,Block,3,recall,0.5930851063829787
sep28k,majority_vote_fixed,full_chain,Block,3,recall,0.5072463768115942
sep28k,deployment_fixed,full_chain,Block,3,auc,0.632664724057374
sep28k,deployment_clean_val,full_chain,Block,3,auc,0.632664724057374
sep28k,deployment_deg_val,full_chain,Block,3,auc,0.632664724057374
sep28k,matched_retraining,full_chain,Block,3,auc,0.6403231681278103
sep28k,majority_vote_fixed,full_chain,Block,3,auc,0.6315106335721028
sep28k,deployment_fixed,full_chain,Block,3,pr_auc,0.6057843453220445
sep28k,deployment_clean_val,full_chain,Block,3,pr_auc,0.6057843453220445
sep28k,deployment_deg_val,full_chain,Block,3,pr_auc,0.6057843453220445
sep28k,matched_retraining,full_chain,Block,3,pr_auc,0.610205494457116
sep28k,majority_vote_fixed,full_chain,Block,3,pr_auc,0.2506663382752724
sep28k,deployment_fixed,full_chain,Block,3,ece,0.10101007153931914
sep28k,deployment_clean_val,full_chain,Block,3,ece,0.10101007153931914
sep28k,deployment_deg_val,full_chain,Block,3,ece,0.10101007153931914
sep28k,matched_retraining,full_chain,Block,3,ece,0.06318767418906222
sep28k,majority_vote_fixed,full_chain,Block,3,ece,0.29063594923458747
sep28k,deployment_fixed,full_chain,Block,3,brier,0.2463354590800946
sep28k,deployment_clean_val,full_chain,Block,3,brier,0.2463354590800946
sep28k,deployment_deg_val,full_chain,Block,3,brier,0.2463354590800946
sep28k,matched_retraining,full_chain,Block,3,brier,0.2387649569041875
sep28k,majority_vote_fixed,full_chain,Block,3,brier,0.21677892028718923
sep28k,deployment_fixed,full_chain,Prolongation,3,f1,0.5938864628820961
sep28k,deployment_clean_val,full_chain,Prolongation,3,f1,0.5870910698496905
sep28k,deployment_deg_val,full_chain,Prolongation,3,f1,0.61003861003861
sep28k,matched_retraining,full_chain,Prolongation,3,f1,0.580906148867314
sep28k,majority_vote_fixed,full_chain,Prolongation,3,f1,0.3932291666666667
sep28k,deployment_fixed,full_chain,Prolongation,3,precision,0.5892547660311959
sep28k,deployment_clean_val,full_chain,Prolongation,3,precision,0.5896980461811723
sep28k,deployment_deg_val,full_chain,Prolongation,3,precision,0.5433287482806052
sep28k,matched_retraining,full_chain,Prolongation,3,precision,0.5374251497005988
sep28k,majority_vote_fixed,full_chain,Prolongation,3,precision,0.2616984402079723
sep28k,deployment_fixed,full_chain,Prolongation,3,recall,0.5985915492957746
sep28k,deployment_clean_val,full_chain,Prolongation,3,recall,0.5845070422535211
sep28k,deployment_deg_val,full_chain,Prolongation,3,recall,0.6954225352112676
sep28k,matched_retraining,full_chain,Prolongation,3,recall,0.6320422535211268
sep28k,majority_vote_fixed,full_chain,Prolongation,3,recall,0.7905759162303665
sep28k,deployment_fixed,full_chain,Prolongation,3,auc,0.7473668392508299
sep28k,deployment_clean_val,full_chain,Prolongation,3,auc,0.7473668392508299
sep28k,deployment_deg_val,full_chain,Prolongation,3,auc,0.7473668392508299
sep28k,matched_retraining,full_chain,Prolongation,3,auc,0.7430516659608475
sep28k,majority_vote_fixed,full_chain,Prolongation,3,auc,0.8051857746311281
sep28k,deployment_fixed,full_chain,Prolongation,3,pr_auc,0.6258668968059254
sep28k,deployment_clean_val,full_chain,Prolongation,3,pr_auc,0.6258668968059254
sep28k,deployment_deg_val,full_chain,Prolongation,3,pr_auc,0.6258668968059254
sep28k,matched_retraining,full_chain,Prolongation,3,pr_auc,0.632274475561696
sep28k,majority_vote_fixed,full_chain,Prolongation,3,pr_auc,0.38649783232334495
sep28k,deployment_fixed,full_chain,Prolongation,3,ece,0.11431387357328628
sep28k,deployment_clean_val,full_chain,Prolongation,3,ece,0.11431387357328628
sep28k,deployment_deg_val,full_chain,Prolongation,3,ece,0.11431387357328628
sep28k,matched_retraining,full_chain,Prolongation,3,ece,0.11351938099190656
sep28k,majority_vote_fixed,full_chain,Prolongation,3,ece,0.2931667003710554
sep28k,deployment_fixed,full_chain,Prolongation,3,brier,0.20497792781478746
sep28k,deployment_clean_val,full_chain,Prolongation,3,brier,0.20497792781478746
sep28k,deployment_deg_val,full_chain,Prolongation,3,brier,0.20497792781478746
sep28k,matched_retraining,full_chain,Prolongation,3,brier,0.20629200925061533
sep28k,majority_vote_fixed,full_chain,Prolongation,3,brier,0.21424262061884114
sep28k,deployment_fixed,full_chain,SoundRep,3,f1,0.6
sep28k,deployment_clean_val,full_chain,SoundRep,3,f1,0.5881126173096975
sep28k,deployment_deg_val,full_chain,SoundRep,3,f1,0.591726618705036
sep28k,matched_retraining,full_chain,SoundRep,3,f1,0.6176470588235294
sep28k,majority_vote_fixed,full_chain,SoundRep,3,f1,0.40302267002518893
sep28k,deployment_fixed,full_chain,SoundRep,3,precision,0.5445205479452054
sep28k,deployment_clean_val,full_chain,SoundRep,3,precision,0.5838509316770186
sep28k,deployment_deg_val,full_chain,SoundRep,3,precision,0.5172955974842768
sep28k,matched_retraining,full_chain,SoundRep,3,precision,0.5490196078431373
sep28k,majority_vote_fixed,full_chain,SoundRep,3,precision,0.273972602739726
sep28k,deployment_fixed,full_chain,SoundRep,3,recall,0.6680672268907563
sep28k,deployment_clean_val,full_chain,SoundRep,3,recall,0.592436974789916
sep28k,deployment_deg_val,full_chain,SoundRep,3,recall,0.6911764705882353
sep28k,matched_retraining,full_chain,SoundRep,3,recall,0.7058823529411765
sep28k,majority_vote_fixed,full_chain,SoundRep,3,recall,0.7619047619047619
sep28k,deployment_fixed,full_chain,SoundRep,3,auc,0.7780517371685985
sep28k,deployment_clean_val,full_chain,SoundRep,3,auc,0.7780517371685985
sep28k,deployment_deg_val,full_chain,SoundRep,3,auc,0.7780517371685985
sep28k,matched_retraining,full_chain,SoundRep,3,auc,0.7966356622791593
sep28k,majority_vote_fixed,full_chain,SoundRep,3,auc,0.8034694367307759
sep28k,deployment_fixed,full_chain,SoundRep,3,pr_auc,0.6291637629134851
sep28k,deployment_clean_val,full_chain,SoundRep,3,pr_auc,0.6291637629134851
sep28k,deployment_deg_val,full_chain,SoundRep,3,pr_auc,0.6291637629134851
sep28k,matched_retraining,full_chain,SoundRep,3,pr_auc,0.6400540093530226
sep28k,majority_vote_fixed,full_chain,SoundRep,3,pr_auc,0.45615336694873787
sep28k,deployment_fixed,full_chain,SoundRep,3,ece,0.12422328828041353
sep28k,deployment_clean_val,full_chain,SoundRep,3,ece,0.12422328828041353
sep28k,deployment_deg_val,full_chain,SoundRep,3,ece,0.12422328828041353
sep28k,matched_retraining,full_chain,SoundRep,3,ece,0.1384484487126918
sep28k,majority_vote_fixed,full_chain,SoundRep,3,ece,0.2828035028678858
sep28k,deployment_fixed,full_chain,SoundRep,3,brier,0.18868329647610058
sep28k,deployment_clean_val,full_chain,SoundRep,3,brier,0.18868329647610058
sep28k,deployment_deg_val,full_chain,SoundRep,3,brier,0.18868329647610058
sep28k,matched_retraining,full_chain,SoundRep,3,brier,0.18125531901110373
sep28k,majority_vote_fixed,full_chain,SoundRep,3,brier,0.210831550027739
sep28k,deployment_fixed,full_chain,WordRep,3,f1,0.5708622398414271
sep28k,deployment_clean_val,full_chain,WordRep,3,f1,0.5708622398414271
sep28k,deployment_deg_val,full_chain,WordRep,3,f1,0.5903083700440529
sep28k,matched_retraining,full_chain,WordRep,3,f1,0.6013824884792627
sep28k,majority_vote_fixed,full_chain,WordRep,3,f1,0.4447058823529412
sep28k,deployment_fixed,full_chain,WordRep,3,precision,0.4549763033175355
sep28k,deployment_clean_val,full_chain,WordRep,3,precision,0.4549763033175355
sep28k,deployment_deg_val,full_chain,WordRep,3,precision,0.5037593984962406
sep28k,matched_retraining,full_chain,WordRep,3,precision,0.5304878048780488
sep28k,majority_vote_fixed,full_chain,WordRep,3,precision,0.2985781990521327
sep28k,deployment_fixed,full_chain,WordRep,3,recall,0.7659574468085106
sep28k,deployment_clean_val,full_chain,WordRep,3,recall,0.7659574468085106
sep28k,deployment_deg_val,full_chain,WordRep,3,recall,0.7127659574468085
sep28k,matched_retraining,full_chain,WordRep,3,recall,0.6941489361702128
sep28k,majority_vote_fixed,full_chain,WordRep,3,recall,0.8709677419354839
sep28k,deployment_fixed,full_chain,WordRep,3,auc,0.8193750978584229
sep28k,deployment_clean_val,full_chain,WordRep,3,auc,0.8193750978584229
sep28k,deployment_deg_val,full_chain,WordRep,3,auc,0.8193750978584229
sep28k,matched_retraining,full_chain,WordRep,3,auc,0.8198622153407213
sep28k,majority_vote_fixed,full_chain,WordRep,3,auc,0.8687202811660119
sep28k,deployment_fixed,full_chain,WordRep,3,pr_auc,0.6264394984756476
sep28k,deployment_clean_val,full_chain,WordRep,3,pr_auc,0.6264394984756476
sep28k,deployment_deg_val,full_chain,WordRep,3,pr_auc,0.6264394984756476
sep28k,matched_retraining,full_chain,WordRep,3,pr_auc,0.6269977008877968
sep28k,majority_vote_fixed,full_chain,WordRep,3,pr_auc,0.5336600601777357
sep28k,deployment_fixed,full_chain,WordRep,3,ece,0.20478924144977087
sep28k,deployment_clean_val,full_chain,WordRep,3,ece,0.20478924144977087
sep28k,deployment_deg_val,full_chain,WordRep,3,ece,0.20478924144977087
sep28k,matched_retraining,full_chain,WordRep,3,ece,0.14972773953328017
sep28k,majority_vote_fixed,full_chain,WordRep,3,ece,0.30422638966740695
sep28k,deployment_fixed,full_chain,WordRep,3,brier,0.18856980412507365
sep28k,deployment_clean_val,full_chain,WordRep,3,brier,0.18856980412507365
sep28k,deployment_deg_val,full_chain,WordRep,3,brier,0.18856980412507365
sep28k,matched_retraining,full_chain,WordRep,3,brier,0.1580667725741172
sep28k,majority_vote_fixed,full_chain,WordRep,3,brier,0.20808514840024334
sep28k,deployment_fixed,full_chain,Interjection,3,f1,0.7348767737117252
sep28k,deployment_clean_val,full_chain,Interjection,3,f1,0.7427325581395349
sep28k,deployment_deg_val,full_chain,Interjection,3,f1,0.7401574803149606
sep28k,matched_retraining,full_chain,Interjection,3,f1,0.7305737109658679
sep28k,majority_vote_fixed,full_chain,Interjection,3,f1,0.6981132075471698
sep28k,deployment_fixed,full_chain,Interjection,3,precision,0.7723704866562009
sep28k,deployment_clean_val,full_chain,Interjection,3,precision,0.7581602373887241
sep28k,deployment_deg_val,full_chain,Interjection,3,precision,0.7438848920863309
sep28k,matched_retraining,full_chain,Interjection,3,precision,0.7451851851851852
sep28k,majority_vote_fixed,full_chain,Interjection,3,precision,0.5808477237048666
sep28k,deployment_fixed,full_chain,Interjection,3,recall,0.7008547008547008
sep28k,deployment_clean_val,full_chain,Interjection,3,recall,0.7279202279202279
sep28k,deployment_deg_val,full_chain,Interjection,3,recall,0.7364672364672364
sep28k,matched_retraining,full_chain,Interjection,3,recall,0.7165242165242165
sep28k,majority_vote_fixed,full_chain,Interjection,3,recall,0.8747044917257684
sep28k,deployment_fixed,full_chain,Interjection,3,auc,0.8353216006504747
sep28k,deployment_clean_val,full_chain,Interjection,3,auc,0.8353216006504747
sep28k,deployment_deg_val,full_chain,Interjection,3,auc,0.8353216006504747
sep28k,matched_retraining,full_chain,Interjection,3,auc,0.8321772162351873
sep28k,majority_vote_fixed,full_chain,Interjection,3,auc,0.9059017223910841
sep28k,deployment_fixed,full_chain,Interjection,3,pr_auc,0.8333224371612845
sep28k,deployment_clean_val,full_chain,Interjection,3,pr_auc,0.8333224371612845
sep28k,deployment_deg_val,full_chain,Interjection,3,pr_auc,0.8333224371612845
sep28k,matched_retraining,full_chain,Interjection,3,pr_auc,0.8339067371733346
sep28k,majority_vote_fixed,full_chain,Interjection,3,pr_auc,0.7962085945124053
sep28k,deployment_fixed,full_chain,Interjection,3,ece,0.055932190589383333
sep28k,deployment_clean_val,full_chain,Interjection,3,ece,0.055932190589383333
sep28k,deployment_deg_val,full_chain,Interjection,3,ece,0.055932190589383333
sep28k,matched_retraining,full_chain,Interjection,3,ece,0.05719867335118297
sep28k,majority_vote_fixed,full_chain,Interjection,3,ece,0.1886777840626778
sep28k,deployment_fixed,full_chain,Interjection,3,brier,0.15972293180028338
sep28k,deployment_clean_val,full_chain,Interjection,3,brier,0.15972293180028338
sep28k,deployment_deg_val,full_chain,Interjection,3,brier,0.15972293180028338
sep28k,matched_retraining,full_chain,Interjection,3,brier,0.16125500596669992
sep28k,majority_vote_fixed,full_chain,Interjection,3,brier,0.15035522869677598
sep28k,deployment_fixed,random_del_30pct,Block,3,f1,0.6624277456647398
sep28k,deployment_clean_val,random_del_30pct,Block,3,f1,0.6680433660299432
sep28k,deployment_deg_val,random_del_30pct,Block,3,f1,0.6679744973025993
sep28k,matched_retraining,random_del_30pct,Block,3,f1,0.6526717557251909
sep28k,majority_vote_fixed,random_del_30pct,Block,3,f1,0.2852320675105485
sep28k,deployment_fixed,random_del_30pct,Block,3,precision,0.5858895705521472
sep28k,deployment_clean_val,random_del_30pct,Block,3,precision,0.5459915611814345
sep28k,deployment_deg_val,random_del_30pct,Block,3,precision,0.5291375291375291
sep28k,matched_retraining,random_del_30pct,Block,3,precision,0.625609756097561
sep28k,majority_vote_fixed,random_del_30pct,Block,3,precision,0.17280163599182005
sep28k,deployment_fixed,random_del_30pct,Block,3,recall,0.761968085106383
sep28k,deployment_clean_val,random_del_30pct,Block,3,recall,0.8603723404255319
sep28k,deployment_deg_val,random_del_30pct,Block,3,recall,0.9055851063829787
sep28k,matched_retraining,random_del_30pct,Block,3,recall,0.6821808510638298
sep28k,majority_vote_fixed,random_del_30pct,Block,3,recall,0.8164251207729468
sep28k,deployment_fixed,random_del_30pct,Block,3,auc,0.6988416564093547
sep28k,deployment_clean_val,random_del_30pct,Block,3,auc,0.6988416564093547
sep28k,deployment_deg_val,random_del_30pct,Block,3,auc,0.6988416564093547
sep28k,matched_retraining,random_del_30pct,Block,3,auc,0.7046773342711447
sep28k,majority_vote_fixed,random_del_30pct,Block,3,auc,0.6934067688378033
sep28k,deployment_fixed,random_del_30pct,Block,3,pr_auc,0.653705227514408
sep28k,deployment_clean_val,random_del_30pct,Block,3,pr_auc,0.653705227514408
sep28k,deployment_deg_val,random_del_30pct,Block,3,pr_auc,0.653705227514408
sep28k,matched_retraining,random_del_30pct,Block,3,pr_auc,0.6577680587010089
sep28k,majority_vote_fixed,random_del_30pct,Block,3,pr_auc,0.2661685794689469
sep28k,deployment_fixed,random_del_30pct,Block,3,ece,0.09082689536820482
sep28k,deployment_clean_val,random_del_30pct,Block,3,ece,0.09082689536820482
sep28k,deployment_deg_val,random_del_30pct,Block,3,ece,0.09082689536820482
sep28k,matched_retraining,random_del_30pct,Block,3,ece,0.046904265741102395
sep28k,majority_vote_fixed,random_del_30pct,Block,3,ece,0.4312993660100903
sep28k,deployment_fixed,random_del_30pct,Block,3,brier,0.22885125776644252
sep28k,deployment_clean_val,random_del_30pct,Block,3,brier,0.22885125776644252
sep28k,deployment_deg_val,random_del_30pct,Block,3,brier,0.22885125776644252
sep28k,matched_retraining,random_del_30pct,Block,3,brier,0.22110296703883683
sep28k,majority_vote_fixed,random_del_30pct,Block,3,brier,0.3099067548448022
sep28k,deployment_fixed,random_del_30pct,Prolongation,3,f1,0.5522088353413654
sep28k,deployment_clean_val,random_del_30pct,Prolongation,3,f1,0.5362318840579711
sep28k,deployment_deg_val,random_del_30pct,Prolongation,3,f1,0.6067073170731707
sep28k,matched_retraining,random_del_30pct,Prolongation,3,f1,0.6152610441767068
sep28k,majority_vote_fixed,random_del_30pct,Prolongation,3,f1,0.4491114701130856
sep28k,deployment_fixed,random_del_30pct,Prolongation,3,precision,0.6425233644859814
sep28k,deployment_clean_val,random_del_30pct,Prolongation,3,precision,0.6507537688442211
sep28k,deployment_deg_val,random_del_30pct,Prolongation,3,precision,0.5349462365591398
sep28k,matched_retraining,random_del_30pct,Prolongation,3,precision,0.5657311669128509
sep28k,majority_vote_fixed,random_del_30pct,Prolongation,3,precision,0.3247663551401869
sep28k,deployment_fixed,random_del_30pct,Prolongation,3,recall,0.4841549295774648
sep28k,deployment_clean_val,random_del_30pct,Prolongation,3,recall,0.45598591549295775
sep28k,deployment_deg_val,random_del_30pct,Prolongation,3,recall,0.7007042253521126
sep28k,matched_retraining,random_del_30pct,Prolongation,3,recall,0.6742957746478874
sep28k,majority_vote_fixed,random_del_30pct,Prolongation,3,recall,0.7277486910994765
sep28k,deployment_fixed,random_del_30pct,Prolongation,3,auc,0.750652313492985
sep28k,deployment_clean_val,random_del_30pct,Prolongation,3,auc,0.750652313492985
sep28k,deployment_deg_val,random_del_30pct,Prolongation,3,auc,0.750652313492985
sep28k,matched_retraining,random_del_30pct,Prolongation,3,auc,0.7649092908566824
sep28k,majority_vote_fixed,random_del_30pct,Prolongation,3,auc,0.8374769455021418
sep28k,deployment_fixed,random_del_30pct,Prolongation,3,pr_auc,0.6487606916000799
sep28k,deployment_clean_val,random_del_30pct,Prolongation,3,pr_auc,0.6487606916000799
sep28k,deployment_deg_val,random_del_30pct,Prolongation,3,pr_auc,0.6487606916000799
sep28k,matched_retraining,random_del_30pct,Prolongation,3,pr_auc,0.6616235742160486
sep28k,majority_vote_fixed,random_del_30pct,Prolongation,3,pr_auc,0.48270899703270986
sep28k,deployment_fixed,random_del_30pct,Prolongation,3,ece,0.04035026249232308
sep28k,deployment_clean_val,random_del_30pct,Prolongation,3,ece,0.04035026249232308
sep28k,deployment_deg_val,random_del_30pct,Prolongation,3,ece,0.04035026249232308
sep28k,matched_retraining,random_del_30pct,Prolongation,3,ece,0.11303358738118802
sep28k,majority_vote_fixed,random_del_30pct,Prolongation,3,ece,0.25229137292626413
sep28k,deployment_fixed,random_del_30pct,Prolongation,3,brier,0.18671550768884346
sep28k,deployment_clean_val,random_del_30pct,Prolongation,3,brier,0.18671550768884346
sep28k,deployment_deg_val,random_del_30pct,Prolongation,3,brier,0.18671550768884346
sep28k,matched_retraining,random_del_30pct,Prolongation,3,brier,0.1963001244236935
sep28k,majority_vote_fixed,random_del_30pct,Prolongation,3,brier,0.15801065434125303
sep28k,deployment_fixed,random_del_30pct,SoundRep,3,f1,0.6382608695652174
sep28k,deployment_clean_val,random_del_30pct,SoundRep,3,f1,0.6420454545454546
sep28k,deployment_deg_val,random_del_30pct,SoundRep,3,f1,0.6308457711442786
sep28k,matched_retraining,random_del_30pct,SoundRep,3,f1,0.644808743169399
sep28k,majority_vote_fixed,random_del_30pct,SoundRep,3,f1,0.4095022624434389
sep28k,deployment_fixed,random_del_30pct,SoundRep,3,precision,0.5445103857566765
sep28k,deployment_clean_val,random_del_30pct,SoundRep,3,precision,0.5844827586206897
sep28k,deployment_deg_val,random_del_30pct,SoundRep,3,precision,0.5992438563327032
sep28k,matched_retraining,random_del_30pct,SoundRep,3,precision,0.5691318327974276
sep28k,majority_vote_fixed,random_del_30pct,SoundRep,3,precision,0.2685459940652819
sep28k,deployment_fixed,random_del_30pct,SoundRep,3,recall,0.7710084033613446
sep28k,deployment_clean_val,random_del_30pct,SoundRep,3,recall,0.7121848739495799
sep28k,deployment_deg_val,random_del_30pct,SoundRep,3,recall,0.6659663865546218
sep28k,matched_retraining,random_del_30pct,SoundRep,3,recall,0.7436974789915967
sep28k,majority_vote_fixed,random_del_30pct,SoundRep,3,recall,0.861904761904762
sep28k,deployment_fixed,random_del_30pct,SoundRep,3,auc,0.8261783787424142
sep28k,deployment_clean_val,random_del_30pct,SoundRep,3,auc,0.8261783787424142
sep28k,deployment_deg_val,random_del_30pct,SoundRep,3,auc,0.8261783787424142
sep28k,matched_retraining,random_del_30pct,SoundRep,3,auc,0.8354198313341366
sep28k,majority_vote_fixed,random_del_30pct,SoundRep,3,auc,0.8454352223250712
sep28k,deployment_fixed,random_del_30pct,SoundRep,3,pr_auc,0.6964281620301741
sep28k,deployment_clean_val,random_del_30pct,SoundRep,3,pr_auc,0.6964281620301741
sep28k,deployment_deg_val,random_del_30pct,SoundRep,3,pr_auc,0.6964281620301741
sep28k,matched_retraining,random_del_30pct,SoundRep,3,pr_auc,0.7180107657791454
sep28k,majority_vote_fixed,random_del_30pct,SoundRep,3,pr_auc,0.5005087520014657
sep28k,deployment_fixed,random_del_30pct,SoundRep,3,ece,0.1726397371538244
sep28k,deployment_clean_val,random_del_30pct,SoundRep,3,ece,0.1726397371538244
sep28k,deployment_deg_val,random_del_30pct,SoundRep,3,ece,0.1726397371538244
sep28k,matched_retraining,random_del_30pct,SoundRep,3,ece,0.14448237403577238
sep28k,majority_vote_fixed,random_del_30pct,SoundRep,3,ece,0.3389937083858444
sep28k,deployment_fixed,random_del_30pct,SoundRep,3,brier,0.18369807388039489
sep28k,deployment_clean_val,random_del_30pct,SoundRep,3,brier,0.18369807388039489
sep28k,deployment_deg_val,random_del_30pct,SoundRep,3,brier,0.18369807388039489
sep28k,matched_retraining,random_del_30pct,SoundRep,3,brier,0.16695307720608693
sep28k,majority_vote_fixed,random_del_30pct,SoundRep,3,brier,0.23393055529238835
sep28k,deployment_fixed,random_del_30pct,WordRep,3,f1,0.5688073394495413
sep28k,deployment_clean_val,random_del_30pct,WordRep,3,f1,0.5688073394495413
sep28k,deployment_deg_val,random_del_30pct,WordRep,3,f1,0.5849056603773585
sep28k,matched_retraining,random_del_30pct,WordRep,3,f1,0.5947786606129398
sep28k,majority_vote_fixed,random_del_30pct,WordRep,3,f1,0.47685834502103785
sep28k,deployment_fixed,random_del_30pct,WordRep,3,precision,0.5
sep28k,deployment_clean_val,random_del_30pct,WordRep,3,precision,0.5
sep28k,deployment_deg_val,random_del_30pct,WordRep,3,precision,0.5254237288135594
sep28k,matched_retraining,random_del_30pct,WordRep,3,precision,0.5188118811881188
sep28k,majority_vote_fixed,random_del_30pct,WordRep,3,precision,0.34274193548387094
sep28k,deployment_fixed,random_del_30pct,WordRep,3,recall,0.6595744680851063
sep28k,deployment_clean_val,random_del_30pct,WordRep,3,recall,0.6595744680851063
sep28k,deployment_deg_val,random_del_30pct,WordRep,3,recall,0.6595744680851063
sep28k,matched_retraining,random_del_30pct,WordRep,3,recall,0.6968085106382979
sep28k,majority_vote_fixed,random_del_30pct,WordRep,3,recall,0.783410138248848
sep28k,deployment_fixed,random_del_30pct,WordRep,3,auc,0.8070666829039161
sep28k,deployment_clean_val,random_del_30pct,WordRep,3,auc,0.8070666829039161
sep28k,deployment_deg_val,random_del_30pct,WordRep,3,auc,0.8070666829039161
sep28k,matched_retraining,random_del_30pct,WordRep,3,auc,0.8274038377898785
sep28k,majority_vote_fixed,random_del_30pct,WordRep,3,auc,0.8604473580665168
sep28k,deployment_fixed,random_del_30pct,WordRep,3,pr_auc,0.6156384960229402
sep28k,deployment_clean_val,random_del_30pct,WordRep,3,pr_auc,0.6156384960229402
sep28k,deployment_deg_val,random_del_30pct,WordRep,3,pr_auc,0.6156384960229402
sep28k,matched_retraining,random_del_30pct,WordRep,3,pr_auc,0.6341413761569027
sep28k,majority_vote_fixed,random_del_30pct,WordRep,3,pr_auc,0.5211108676591517
sep28k,deployment_fixed,random_del_30pct,WordRep,3,ece,0.1391190695258709
sep28k,deployment_clean_val,random_del_30pct,WordRep,3,ece,0.1391190695258709
sep28k,deployment_deg_val,random_del_30pct,WordRep,3,ece,0.1391190695258709
sep28k,matched_retraining,random_del_30pct,WordRep,3,ece,0.1599081926612921
sep28k,majority_vote_fixed,random_del_30pct,WordRep,3,ece,0.2385562177435069
sep28k,deployment_fixed,random_del_30pct,WordRep,3,brier,0.16352132274785758
sep28k,deployment_clean_val,random_del_30pct,WordRep,3,brier,0.16352132274785758
sep28k,deployment_deg_val,random_del_30pct,WordRep,3,brier,0.16352132274785758
sep28k,matched_retraining,random_del_30pct,WordRep,3,brier,0.15850000486378965
sep28k,majority_vote_fixed,random_del_30pct,WordRep,3,brier,0.16503391865787176
sep28k,deployment_fixed,random_del_30pct,Interjection,3,f1,0.7439544807965861
sep28k,deployment_clean_val,random_del_30pct,Interjection,3,f1,0.741296928327645
sep28k,deployment_deg_val,random_del_30pct,Interjection,3,f1,0.7359307359307359
sep28k,matched_retraining,random_del_30pct,Interjection,3,f1,0.7394113424264178
sep28k,majority_vote_fixed,random_del_30pct,Interjection,3,f1,0.6814551907719609
sep28k,deployment_fixed,random_del_30pct,Interjection,3,precision,0.7428977272727273
sep28k,deployment_clean_val,random_del_30pct,Interjection,3,precision,0.7116644823066841
sep28k,deployment_deg_val,random_del_30pct,Interjection,3,precision,0.7456140350877193
sep28k,matched_retraining,random_del_30pct,Interjection,3,precision,0.7452966714905933
sep28k,majority_vote_fixed,random_del_30pct,Interjection,3,precision,0.5454545454545454
sep28k,deployment_fixed,random_del_30pct,Interjection,3,recall,0.7450142450142451
sep28k,deployment_clean_val,random_del_30pct,Interjection,3,recall,0.7735042735042735
sep28k,deployment_deg_val,random_del_30pct,Interjection,3,recall,0.7264957264957265
sep28k,matched_retraining,random_del_30pct,Interjection,3,recall,0.7336182336182336
sep28k,majority_vote_fixed,random_del_30pct,Interjection,3,recall,0.9078014184397163
sep28k,deployment_fixed,random_del_30pct,Interjection,3,auc,0.8328854967650954
sep28k,deployment_clean_val,random_del_30pct,Interjection,3,auc,0.8328854967650954
sep28k,deployment_deg_val,random_del_30pct,Interjection,3,auc,0.8328854967650954
sep28k,matched_retraining,random_del_30pct,Interjection,3,auc,0.84028591665158
sep28k,majority_vote_fixed,random_del_30pct,Interjection,3,auc,0.9067239188819736
sep28k,deployment_fixed,random_del_30pct,Interjection,3,pr_auc,0.8360208802310973
sep28k,deployment_clean_val,random_del_30pct,Interjection,3,pr_auc,0.8360208802310973
sep28k,deployment_deg_val,random_del_30pct,Interjection,3,pr_auc,0.8360208802310973
sep28k,matched_retraining,random_del_30pct,Interjection,3,pr_auc,0.8398516869821793
sep28k,majority_vote_fixed,random_del_30pct,Interjection,3,pr_auc,0.8119197178429787
sep28k,deployment_fixed,random_del_30pct,Interjection,3,ece,0.0679554452476972
sep28k,deployment_clean_val,random_del_30pct,Interjection,3,ece,0.0679554452476972
sep28k,deployment_deg_val,random_del_30pct,Interjection,3,ece,0.0679554452476972
sep28k,matched_retraining,random_del_30pct,Interjection,3,ece,0.051402384399865636
sep28k,majority_vote_fixed,random_del_30pct,Interjection,3,ece,0.23214687950790808
sep28k,deployment_fixed,random_del_30pct,Interjection,3,brier,0.16265832407854083
sep28k,deployment_clean_val,random_del_30pct,Interjection,3,brier,0.16265832407854083
sep28k,deployment_deg_val,random_del_30pct,Interjection,3,brier,0.16265832407854083
sep28k,matched_retraining,random_del_30pct,Interjection,3,brier,0.15885108736947326
sep28k,majority_vote_fixed,random_del_30pct,Interjection,3,brier,0.1653295285850444
sep28k,clean_baseline,clean,Block,4,f1,0.6637112096263458
sep28k,clean_mlp_baseline,clean,Block,4,f1,0.6037735849056604
sep28k,clean_majority_vote,clean,Block,4,f1,0.36801541425818884
sep28k,clean_baseline,clean,Block,4,precision,0.6582914572864321
sep28k,clean_mlp_baseline,clean,Block,4,precision,0.6991596638655462
sep28k,clean_majority_vote,clean,Block,4,precision,0.2399497487437186
sep28k,clean_baseline,clean,Block,4,recall,0.669220945083014
sep28k,clean_mlp_baseline,clean,Block,4,recall,0.5312899106002554
sep28k,clean_majority_vote,clean,Block,4,recall,0.7892561983471075
sep28k,clean_baseline,clean,Block,4,auc,0.7218814958278559
sep28k,clean_mlp_baseline,clean,Block,4,auc,0.7256864038473234
sep28k,clean_majority_vote,clean,Block,4,auc,0.7397210743801652
sep28k,clean_baseline,clean,Block,4,pr_auc,0.6810084961337696
sep28k,clean_mlp_baseline,clean,Block,4,pr_auc,0.6927448492436789
sep28k,clean_majority_vote,clean,Block,4,pr_auc,0.3096379413090265
sep28k,clean_baseline,clean,Block,4,ece,0.029485250974262203
sep28k,clean_mlp_baseline,clean,Block,4,ece,0.07470306896891786
sep28k,clean_majority_vote,clean,Block,4,ece,0.35276264419801423
sep28k,clean_baseline,clean,Block,4,brier,0.2139934193745301
sep28k,clean_mlp_baseline,clean,Block,4,brier,0.21787817776203156
sep28k,clean_majority_vote,clean,Block,4,brier,0.2519240632794512
sep28k,clean_baseline,clean,Prolongation,4,f1,0.6841698841698842
sep28k,clean_mlp_baseline,clean,Prolongation,4,f1,0.6338289962825279
sep28k,clean_majority_vote,clean,Prolongation,4,f1,0.4223463687150838
sep28k,clean_baseline,clean,Prolongation,4,precision,0.6457725947521866
sep28k,clean_mlp_baseline,clean,Prolongation,4,precision,0.7301927194860813
sep28k,clean_majority_vote,clean,Prolongation,4,precision,0.2755102040816326
sep28k,clean_baseline,clean,Prolongation,4,recall,0.7274220032840722
sep28k,clean_mlp_baseline,clean,Prolongation,4,recall,0.5599343185550082
sep28k,clean_majority_vote,clean,Prolongation,4,recall,0.9043062200956937
sep28k,clean_baseline,clean,Prolongation,4,auc,0.8174446081519734
sep28k,clean_mlp_baseline,clean,Prolongation,4,auc,0.8200672358397121
sep28k,clean_majority_vote,clean,Prolongation,4,auc,0.8649192648134726
sep28k,clean_baseline,clean,Prolongation,4,pr_auc,0.7392140335729093
sep28k,clean_mlp_baseline,clean,Prolongation,4,pr_auc,0.7438722221425705
sep28k,clean_majority_vote,clean,Prolongation,4,pr_auc,0.5278431864159877
sep28k,clean_baseline,clean,Prolongation,4,ece,0.09905545944755381
sep28k,clean_mlp_baseline,clean,Prolongation,4,ece,0.034159722501939896
sep28k,clean_majority_vote,clean,Prolongation,4,ece,0.3487433495848822
sep28k,clean_baseline,clean,Prolongation,4,brier,0.17703031007048164
sep28k,clean_mlp_baseline,clean,Prolongation,4,brier,0.16656877100467682
sep28k,clean_majority_vote,clean,Prolongation,4,brier,0.22577247105173104
sep28k,clean_baseline,clean,SoundRep,4,f1,0.6534466477809254
sep28k,clean_mlp_baseline,clean,SoundRep,4,f1,0.6087962962962963
sep28k,clean_majority_vote,clean,SoundRep,4,f1,0.4005235602094241
sep28k,clean_baseline,clean,SoundRep,4,precision,0.5785953177257525
sep28k,clean_mlp_baseline,clean,SoundRep,4,precision,0.652605459057072
sep28k,clean_majority_vote,clean,SoundRep,4,precision,0.25585284280936454
sep28k,clean_baseline,clean,SoundRep,4,recall,0.7505422993492408
sep28k,clean_mlp_baseline,clean,SoundRep,4,recall,0.5704989154013015
sep28k,clean_majority_vote,clean,SoundRep,4,recall,0.9216867469879518
sep28k,clean_baseline,clean,SoundRep,4,auc,0.8434565713753395
sep28k,clean_mlp_baseline,clean,SoundRep,4,auc,0.8242360755968144
sep28k,clean_majority_vote,clean,SoundRep,4,auc,0.8743245964358827
sep28k,clean_baseline,clean,SoundRep,4,pr_auc,0.6998310416815132
sep28k,clean_mlp_baseline,clean,SoundRep,4,pr_auc,0.6655163543379194
sep28k,clean_majority_vote,clean,SoundRep,4,pr_auc,0.4043902592553241
sep28k,clean_baseline,clean,SoundRep,4,ece,0.14079530606657448
sep28k,clean_mlp_baseline,clean,SoundRep,4,ece,0.0671540733040793
sep28k,clean_majority_vote,clean,SoundRep,4,ece,0.3249401250428542
sep28k,clean_baseline,clean,SoundRep,4,brier,0.16135648058759797
sep28k,clean_mlp_baseline,clean,SoundRep,4,brier,0.15169575810432434
sep28k,clean_majority_vote,clean,SoundRep,4,brier,0.20676283517564076
sep28k,clean_baseline,clean,WordRep,4,f1,0.6505494505494506
sep28k,clean_mlp_baseline,clean,WordRep,4,f1,0.6107091172214182
sep28k,clean_majority_vote,clean,WordRep,4,f1,0.579088471849866
sep28k,clean_baseline,clean,WordRep,4,precision,0.6053169734151329
sep28k,clean_mlp_baseline,clean,WordRep,4,precision,0.7814814814814814
sep28k,clean_majority_vote,clean,WordRep,4,precision,0.44171779141104295
sep28k,clean_baseline,clean,WordRep,4,recall,0.7030878859857482
sep28k,clean_mlp_baseline,clean,WordRep,4,recall,0.501187648456057
sep28k,clean_majority_vote,clean,WordRep,4,recall,0.8404669260700389
sep28k,clean_baseline,clean,WordRep,4,auc,0.853652748083773
sep28k,clean_mlp_baseline,clean,WordRep,4,auc,0.857425870020374
sep28k,clean_majority_vote,clean,WordRep,4,auc,0.8975019165955477
sep28k,clean_baseline,clean,WordRep,4,pr_auc,0.7112225254691029
sep28k,clean_mlp_baseline,clean,WordRep,4,pr_auc,0.7391353413797367
sep28k,clean_majority_vote,clean,WordRep,4,pr_auc,0.6495268905959842
sep28k,clean_baseline,clean,WordRep,4,ece,0.12564099991597227
sep28k,clean_mlp_baseline,clean,WordRep,4,ece,0.053897295933165654
sep28k,clean_majority_vote,clean,WordRep,4,ece,0.22801303487227692
sep28k,clean_baseline,clean,WordRep,4,brier,0.14297841947031123
sep28k,clean_mlp_baseline,clean,WordRep,4,brier,0.12366414815187454
sep28k,clean_majority_vote,clean,WordRep,4,brier,0.14520390610963962
sep28k,clean_baseline,clean,Interjection,4,f1,0.7644444444444445
sep28k,clean_mlp_baseline,clean,Interjection,4,f1,0.75
sep28k,clean_majority_vote,clean,Interjection,4,f1,0.7074074074074074
sep28k,clean_baseline,clean,Interjection,4,precision,0.7975270479134466
sep28k,clean_mlp_baseline,clean,Interjection,4,precision,0.776255707762557
sep28k,clean_majority_vote,clean,Interjection,4,precision,0.5904173106646059
sep28k,clean_baseline,clean,Interjection,4,recall,0.7339971550497866
sep28k,clean_mlp_baseline,clean,Interjection,4,recall,0.7254623044096729
sep28k,clean_majority_vote,clean,Interjection,4,recall,0.8822170900692841
sep28k,clean_baseline,clean,Interjection,4,auc,0.8709677419354839
sep28k,clean_mlp_baseline,clean,Interjection,4,auc,0.8632390660082248
sep28k,clean_majority_vote,clean,Interjection,4,auc,0.9166339047408318
sep28k,clean_baseline,clean,Interjection,4,pr_auc,0.8720061973269857
sep28k,clean_mlp_baseline,clean,Interjection,4,pr_auc,0.8647192762605678
sep28k,clean_majority_vote,clean,Interjection,4,pr_auc,0.8364713662703441
sep28k,clean_baseline,clean,Interjection,4,ece,0.0432922898059255
sep28k,clean_mlp_baseline,clean,Interjection,4,ece,0.033653529874803724
sep28k,clean_majority_vote,clean,Interjection,4,ece,0.203558294961269
sep28k,clean_baseline,clean,Interjection,4,brier,0.1412926078476163
sep28k,clean_mlp_baseline,clean,Interjection,4,brier,0.14484016597270966
sep28k,clean_majority_vote,clean,Interjection,4,brier,0.1472335485557922
sep28k,deployment_fixed,clean,Block,4,f1,0.6637112096263458
sep28k,deployment_clean_val,clean,Block,4,f1,0.6936790923824959
sep28k,deployment_deg_val,clean,Block,4,f1,0.6936790923824959
sep28k,matched_retraining,clean,Block,4,f1,0.6637112096263458
sep28k,majority_vote_fixed,clean,Block,4,f1,0.36801541425818884
sep28k,deployment_fixed,clean,Block,4,precision,0.6582914572864321
sep28k,deployment_clean_val,clean,Block,4,precision,0.601123595505618
sep28k,deployment_deg_val,clean,Block,4,precision,0.601123595505618
sep28k,matched_retraining,clean,Block,4,precision,0.6582914572864321
sep28k,majority_vote_fixed,clean,Block,4,precision,0.2399497487437186
sep28k,deployment_fixed,clean,Block,4,recall,0.669220945083014
sep28k,deployment_clean_val,clean,Block,4,recall,0.8199233716475096
sep28k,deployment_deg_val,clean,Block,4,recall,0.8199233716475096
sep28k,matched_retraining,clean,Block,4,recall,0.669220945083014
sep28k,majority_vote_fixed,clean,Block,4,recall,0.7892561983471075
sep28k,deployment_fixed,clean,Block,4,auc,0.7218814958278559
sep28k,deployment_clean_val,clean,Block,4,auc,0.7218814958278559
sep28k,deployment_deg_val,clean,Block,4,auc,0.7218814958278559
sep28k,matched_retraining,clean,Block,4,auc,0.7218814958278559
sep28k,majority_vote_fixed,clean,Block,4,auc,0.7397210743801652
sep28k,deployment_fixed,clean,Block,4,pr_auc,0.6810084961337696
sep28k,deployment_clean_val,clean,Block,4,pr_auc,0.6810084961337696
sep28k,deployment_deg_val,clean,Block,4,pr_auc,0.6810084961337696
sep28k,matched_retraining,clean,Block,4,pr_auc,0.6810084961337696
sep28k,majority_vote_fixed,clean,Block,4,pr_auc,0.3096379413090265
sep28k,deployment_fixed,clean,Block,4,ece,0.029485250974262203
sep28k,deployment_clean_val,clean,Block,4,ece,0.029485250974262203
sep28k,deployment_deg_val,clean,Block,4,ece,0.029485250974262203
sep28k,matched_retraining,clean,Block,4,ece,0.029485250974262203
sep28k,majority_vote_fixed,clean,Block,4,ece,0.35276264419801423
sep28k,deployment_fixed,clean,Block,4,brier,0.2139934193745301
sep28k,deployment_clean_val,clean,Block,4,brier,0.2139934193745301
sep28k,deployment_deg_val,clean,Block,4,brier,0.2139934193745301
sep28k,matched_retraining,clean,Block,4,brier,0.2139934193745301
sep28k,majority_vote_fixed,clean,Block,4,brier,0.2519240632794512
sep28k,deployment_fixed,clean,Prolongation,4,f1,0.6841698841698842
sep28k,deployment_clean_val,clean,Prolongation,4,f1,0.681169272603671
sep28k,deployment_deg_val,clean,Prolongation,4,f1,0.681169272603671
sep28k,matched_retraining,clean,Prolongation,4,f1,0.6841698841698842
sep28k,majority_vote_fixed,clean,Prolongation,4,f1,0.4223463687150838
sep28k,deployment_fixed,clean,Prolongation,4,precision,0.6457725947521866
sep28k,deployment_clean_val,clean,Prolongation,4,precision,0.5812064965197216
sep28k,deployment_deg_val,clean,Prolongation,4,precision,0.5812064965197216
sep28k,matched_retraining,clean,Prolongation,4,precision,0.6457725947521866
sep28k,majority_vote_fixed,clean,Prolongation,4,precision,0.2755102040816326
sep28k,deployment_fixed,clean,Prolongation,4,recall,0.7274220032840722
sep28k,deployment_clean_val,clean,Prolongation,4,recall,0.8226600985221675
sep28k,deployment_deg_val,clean,Prolongation,4,recall,0.8226600985221675
sep28k,matched_retraining,clean,Prolongation,4,recall,0.7274220032840722
sep28k,majority_vote_fixed,clean,Prolongation,4,recall,0.9043062200956937
sep28k,deployment_fixed,clean,Prolongation,4,auc,0.8174446081519734
sep28k,deployment_clean_val,clean,Prolongation,4,auc,0.8174446081519734
sep28k,deployment_deg_val,clean,Prolongation,4,auc,0.8174446081519734
sep28k,matched_retraining,clean,Prolongation,4,auc,0.8174446081519734
sep28k,majority_vote_fixed,clean,Prolongation,4,auc,0.8649192648134726
sep28k,deployment_fixed,clean,Prolongation,4,pr_auc,0.7392140335729093
sep28k,deployment_clean_val,clean,Prolongation,4,pr_auc,0.7392140335729093
sep28k,deployment_deg_val,clean,Prolongation,4,pr_auc,0.7392140335729093
sep28k,matched_retraining,clean,Prolongation,4,pr_auc,0.7392140335729093
sep28k,majority_vote_fixed,clean,Prolongation,4,pr_auc,0.5278431864159877
sep28k,deployment_fixed,clean,Prolongation,4,ece,0.09905545944755381
sep28k,deployment_clean_val,clean,Prolongation,4,ece,0.09905545944755381
sep28k,deployment_deg_val,clean,Prolongation,4,ece,0.09905545944755381
sep28k,matched_retraining,clean,Prolongation,4,ece,0.09905545944755381
sep28k,majority_vote_fixed,clean,Prolongation,4,ece,0.3487433495848822
sep28k,deployment_fixed,clean,Prolongation,4,brier,0.17703031007048164
sep28k,deployment_clean_val,clean,Prolongation,4,brier,0.17703031007048164
sep28k,deployment_deg_val,clean,Prolongation,4,brier,0.17703031007048164
sep28k,matched_retraining,clean,Prolongation,4,brier,0.17703031007048164
sep28k,majority_vote_fixed,clean,Prolongation,4,brier,0.22577247105173104
sep28k,deployment_fixed,clean,SoundRep,4,f1,0.6534466477809254
sep28k,deployment_clean_val,clean,SoundRep,4,f1,0.644404332129964
sep28k,deployment_deg_val,clean,SoundRep,4,f1,0.644404332129964
sep28k,matched_retraining,clean,SoundRep,4,f1,0.6534466477809254
sep28k,majority_vote_fixed,clean,SoundRep,4,f1,0.4005235602094241
sep28k,deployment_fixed,clean,SoundRep,4,precision,0.5785953177257525
sep28k,deployment_clean_val,clean,SoundRep,4,precision,0.5517774343122102
sep28k,deployment_deg_val,clean,SoundRep,4,precision,0.5517774343122102
sep28k,matched_retraining,clean,SoundRep,4,precision,0.5785953177257525
sep28k,majority_vote_fixed,clean,SoundRep,4,precision,0.25585284280936454
sep28k,deployment_fixed,clean,SoundRep,4,recall,0.7505422993492408
sep28k,deployment_clean_val,clean,SoundRep,4,recall,0.7744034707158352
sep28k,deployment_deg_val,clean,SoundRep,4,recall,0.7744034707158352
sep28k,matched_retraining,clean,SoundRep,4,recall,0.7505422993492408
sep28k,majority_vote_fixed,clean,SoundRep,4,recall,0.9216867469879518
sep28k,deployment_fixed,clean,SoundRep,4,auc,0.8434565713753395
sep28k,deployment_clean_val,clean,SoundRep,4,auc,0.8434565713753395
sep28k,deployment_deg_val,clean,SoundRep,4,auc,0.8434565713753395
sep28k,matched_retraining,clean,SoundRep,4,auc,0.8434565713753395
sep28k,majority_vote_fixed,clean,SoundRep,4,auc,0.8743245964358827
sep28k,deployment_fixed,clean,SoundRep,4,pr_auc,0.6998310416815132
sep28k,deployment_clean_val,clean,SoundRep,4,pr_auc,0.6998310416815132
sep28k,deployment_deg_val,clean,SoundRep,4,pr_auc,0.6998310416815132
sep28k,matched_retraining,clean,SoundRep,4,pr_auc,0.6998310416815132
sep28k,majority_vote_fixed,clean,SoundRep,4,pr_auc,0.4043902592553241
sep28k,deployment_fixed,clean,SoundRep,4,ece,0.14079530606657448
sep28k,deployment_clean_val,clean,SoundRep,4,ece,0.14079530606657448
sep28k,deployment_deg_val,clean,SoundRep,4,ece,0.14079530606657448
sep28k,matched_retraining,clean,SoundRep,4,ece,0.14079530606657448
sep28k,majority_vote_fixed,clean,SoundRep,4,ece,0.3249401250428542
sep28k,deployment_fixed,clean,SoundRep,4,brier,0.16135648058759797
sep28k,deployment_clean_val,clean,SoundRep,4,brier,0.16135648058759797
sep28k,deployment_deg_val,clean,SoundRep,4,brier,0.16135648058759797
sep28k,matched_retraining,clean,SoundRep,4,brier,0.16135648058759797
sep28k,majority_vote_fixed,clean,SoundRep,4,brier,0.20676283517564076
sep28k,deployment_fixed,clean,WordRep,4,f1,0.6505494505494506
sep28k,deployment_clean_val,clean,WordRep,4,f1,0.6517412935323383
sep28k,deployment_deg_val,clean,WordRep,4,f1,0.6517412935323383
sep28k,matched_retraining,clean,WordRep,4,f1,0.6505494505494506
sep28k,majority_vote_fixed,clean,WordRep,4,f1,0.579088471849866
sep28k,deployment_fixed,clean,WordRep,4,precision,0.6053169734151329
sep28k,deployment_clean_val,clean,WordRep,4,precision,0.6840731070496083
sep28k,deployment_deg_val,clean,WordRep,4,precision,0.6840731070496083
sep28k,matched_retraining,clean,WordRep,4,precision,0.6053169734151329
sep28k,majority_vote_fixed,clean,WordRep,4,precision,0.44171779141104295
sep28k,deployment_fixed,clean,WordRep,4,recall,0.7030878859857482
sep28k,deployment_clean_val,clean,WordRep,4,recall,0.6223277909738717
sep28k,deployment_deg_val,clean,WordRep,4,recall,0.6223277909738717
sep28k,matched_retraining,clean,WordRep,4,recall,0.7030878859857482
sep28k,majority_vote_fixed,clean,WordRep,4,recall,0.8404669260700389
sep28k,deployment_fixed,clean,WordRep,4,auc,0.853652748083773
sep28k,deployment_clean_val,clean,WordRep,4,auc,0.853652748083773
sep28k,deployment_deg_val,clean,WordRep,4,auc,0.853652748083773
sep28k,matched_retraining,clean,WordRep,4,auc,0.853652748083773
sep28k,majority_vote_fixed,clean,WordRep,4,auc,0.8975019165955477
sep28k,deployment_fixed,clean,WordRep,4,pr_auc,0.7112225254691029
sep28k,deployment_clean_val,clean,WordRep,4,pr_auc,0.7112225254691029
sep28k,deployment_deg_val,clean,WordRep,4,pr_auc,0.7112225254691029
sep28k,matched_retraining,clean,WordRep,4,pr_auc,0.7112225254691029
sep28k,majority_vote_fixed,clean,WordRep,4,pr_auc,0.6495268905959842
sep28k,deployment_fixed,clean,WordRep,4,ece,0.12564099991597227
sep28k,deployment_clean_val,clean,WordRep,4,ece,0.12564099991597227
sep28k,deployment_deg_val,clean,WordRep,4,ece,0.12564099991597227
sep28k,matched_retraining,clean,WordRep,4,ece,0.12564099991597227
sep28k,majority_vote_fixed,clean,WordRep,4,ece,0.22801303487227692
sep28k,deployment_fixed,clean,WordRep,4,brier,0.14297841947031123
sep28k,deployment_clean_val,clean,WordRep,4,brier,0.14297841947031123
sep28k,deployment_deg_val,clean,WordRep,4,brier,0.14297841947031123
sep28k,matched_retraining,clean,WordRep,4,brier,0.14297841947031123
sep28k,majority_vote_fixed,clean,WordRep,4,brier,0.14520390610963962
sep28k,deployment_fixed,clean,Interjection,4,f1,0.7644444444444445
sep28k,deployment_clean_val,clean,Interjection,4,f1,0.7650513950073421
sep28k,deployment_deg_val,clean,Interjection,4,f1,0.7650513950073421
sep28k,matched_retraining,clean,Interjection,4,f1,0.7644444444444445
sep28k,majority_vote_fixed,clean,Interjection,4,f1,0.7074074074074074
sep28k,deployment_fixed,clean,Interjection,4,precision,0.7975270479134466
sep28k,deployment_clean_val,clean,Interjection,4,precision,0.7905918057663126
sep28k,deployment_deg_val,clean,Interjection,4,precision,0.7905918057663126
sep28k,matched_retraining,clean,Interjection,4,precision,0.7975270479134466
sep28k,majority_vote_fixed,clean,Interjection,4,precision,0.5904173106646059
sep28k,deployment_fixed,clean,Interjection,4,recall,0.7339971550497866
sep28k,deployment_clean_val,clean,Interjection,4,recall,0.7411095305832148
sep28k,deployment_deg_val,clean,Interjection,4,recall,0.7411095305832148
sep28k,matched_retraining,clean,Interjection,4,recall,0.7339971550497866
sep28k,majority_vote_fixed,clean,Interjection,4,recall,0.8822170900692841
sep28k,deployment_fixed,clean,Interjection,4,auc,0.8709677419354839
sep28k,deployment_clean_val,clean,Interjection,4,auc,0.8709677419354839
sep28k,deployment_deg_val,clean,Interjection,4,auc,0.8709677419354839
sep28k,matched_retraining,clean,Interjection,4,auc,0.8709677419354839
sep28k,majority_vote_fixed,clean,Interjection,4,auc,0.9166339047408318
sep28k,deployment_fixed,clean,Interjection,4,pr_auc,0.8720061973269857
sep28k,deployment_clean_val,clean,Interjection,4,pr_auc,0.8720061973269857
sep28k,deployment_deg_val,clean,Interjection,4,pr_auc,0.8720061973269857
sep28k,matched_retraining,clean,Interjection,4,pr_auc,0.8720061973269857
sep28k,majority_vote_fixed,clean,Interjection,4,pr_auc,0.8364713662703441
sep28k,deployment_fixed,clean,Interjection,4,ece,0.0432922898059255
sep28k,deployment_clean_val,clean,Interjection,4,ece,0.0432922898059255
sep28k,deployment_deg_val,clean,Interjection,4,ece,0.0432922898059255
sep28k,matched_retraining,clean,Interjection,4,ece,0.0432922898059255
sep28k,majority_vote_fixed,clean,Interjection,4,ece,0.203558294961269
sep28k,deployment_fixed,clean,Interjection,4,brier,0.1412926078476163
sep28k,deployment_clean_val,clean,Interjection,4,brier,0.1412926078476163
sep28k,deployment_deg_val,clean,Interjection,4,brier,0.1412926078476163
sep28k,matched_retraining,clean,Interjection,4,brier,0.1412926078476163
sep28k,majority_vote_fixed,clean,Interjection,4,brier,0.1472335485557922
sep28k,deployment_fixed,opus_16k,Block,4,f1,0.6550387596899225
sep28k,deployment_clean_val,opus_16k,Block,4,f1,0.6958874458874459
sep28k,deployment_deg_val,opus_16k,Block,4,f1,0.6926605504587156
sep28k,matched_retraining,opus_16k,Block,4,f1,0.6670878079595705
sep28k,majority_vote_fixed,opus_16k,Block,4,f1,0.3733862959285005
sep28k,deployment_fixed,opus_16k,Block,4,precision,0.6627450980392157
sep28k,deployment_clean_val,opus_16k,Block,4,precision,0.603755868544601
sep28k,deployment_deg_val,opus_16k,Block,4,precision,0.6285119667013528
sep28k,matched_retraining,opus_16k,Block,4,precision,0.66
sep28k,majority_vote_fixed,opus_16k,Block,4,precision,0.2457516339869281
sep28k,deployment_fixed,opus_16k,Block,4,recall,0.6475095785440613
sep28k,deployment_clean_val,opus_16k,Block,4,recall,0.8212005108556832
sep28k,deployment_deg_val,opus_16k,Block,4,recall,0.7713920817369093
sep28k,matched_retraining,opus_16k,Block,4,recall,0.6743295019157088
sep28k,majority_vote_fixed,opus_16k,Block,4,recall,0.7768595041322314
sep28k,deployment_fixed,opus_16k,Block,4,auc,0.7215914495607981
sep28k,deployment_clean_val,opus_16k,Block,4,auc,0.7215914495607981
sep28k,deployment_deg_val,opus_16k,Block,4,auc,0.7215914495607981
sep28k,matched_retraining,opus_16k,Block,4,auc,0.7251063113132079
sep28k,majority_vote_fixed,opus_16k,Block,4,auc,0.743953573164803
sep28k,deployment_fixed,opus_16k,Block,4,pr_auc,0.685213264058864
sep28k,deployment_clean_val,opus_16k,Block,4,pr_auc,0.685213264058864
sep28k,deployment_deg_val,opus_16k,Block,4,pr_auc,0.685213264058864
sep28k,matched_retraining,opus_16k,Block,4,pr_auc,0.6878161445586061
sep28k,majority_vote_fixed,opus_16k,Block,4,pr_auc,0.3143675744192629
sep28k,deployment_fixed,opus_16k,Block,4,ece,0.026625906946220974
sep28k,deployment_clean_val,opus_16k,Block,4,ece,0.026625906946220974
sep28k,deployment_deg_val,opus_16k,Block,4,ece,0.026625906946220974
sep28k,matched_retraining,opus_16k,Block,4,ece,0.025999705744414313
sep28k,majority_vote_fixed,opus_16k,Block,4,ece,0.3431764908520268
sep28k,deployment_fixed,opus_16k,Block,4,brier,0.21374029805499983
sep28k,deployment_clean_val,opus_16k,Block,4,brier,0.21374029805499983
sep28k,deployment_deg_val,opus_16k,Block,4,brier,0.21374029805499983
sep28k,matched_retraining,opus_16k,Block,4,brier,0.21259382064917579
sep28k,majority_vote_fixed,opus_16k,Block,4,brier,0.2434147515470317
sep28k,deployment_fixed,opus_16k,Prolongation,4,f1,0.6833073322932918
sep28k,deployment_clean_val,opus_16k,Prolongation,4,f1,0.6826923076923077
sep28k,deployment_deg_val,opus_16k,Prolongation,4,f1,0.6923076923076923
sep28k,matched_retraining,opus_16k,Prolongation,4,f1,0.6857142857142857
sep28k,majority_vote_fixed,opus_16k,Prolongation,4,f1,0.42857142857142855
sep28k,deployment_fixed,opus_16k,Prolongation,4,precision,0.6508172362555721
sep28k,deployment_clean_val,opus_16k,Prolongation,4,precision,0.5867768595041323
sep28k,deployment_deg_val,opus_16k,Prolongation,4,precision,0.6202860858257477
sep28k,matched_retraining,opus_16k,Prolongation,4,precision,0.6472303206997084
sep28k,majority_vote_fixed,opus_16k,Prolongation,4,precision,0.28083209509658247
sep28k,deployment_fixed,opus_16k,Prolongation,4,recall,0.7192118226600985
sep28k,deployment_clean_val,opus_16k,Prolongation,4,recall,0.8160919540229885
sep28k,deployment_deg_val,opus_16k,Prolongation,4,recall,0.7832512315270936
sep28k,matched_retraining,opus_16k,Prolongation,4,recall,0.729064039408867
sep28k,majority_vote_fixed,opus_16k,Prolongation,4,recall,0.9043062200956937
sep28k,deployment_fixed,opus_16k,Prolongation,4,auc,0.816551657993475
sep28k,deployment_clean_val,opus_16k,Prolongation,4,auc,0.816551657993475
sep28k,deployment_deg_val,opus_16k,Prolongation,4,auc,0.816551657993475
sep28k,matched_retraining,opus_16k,Prolongation,4,auc,0.817943998796171
sep28k,majority_vote_fixed,opus_16k,Prolongation,4,auc,0.8634663405887949
sep28k,deployment_fixed,opus_16k,Prolongation,4,pr_auc,0.7398987030155049
sep28k,deployment_clean_val,opus_16k,Prolongation,4,pr_auc,0.7398987030155049
sep28k,deployment_deg_val,opus_16k,Prolongation,4,pr_auc,0.7398987030155049
sep28k,matched_retraining,opus_16k,Prolongation,4,pr_auc,0.7400543513909053
sep28k,majority_vote_fixed,opus_16k,Prolongation,4,pr_auc,0.5306468910379428
sep28k,deployment_fixed,opus_16k,Prolongation,4,ece,0.09292719928966961
sep28k,deployment_clean_val,opus_16k,Prolongation,4,ece,0.09292719928966961
sep28k,deployment_deg_val,opus_16k,Prolongation,4,ece,0.09292719928966961
sep28k,matched_retraining,opus_16k,Prolongation,4,ece,0.10145804440068674
sep28k,majority_vote_fixed,opus_16k,Prolongation,4,ece,0.342615089426998
sep28k,deployment_fixed,opus_16k,Prolongation,4,brier,0.17592878726528985
sep28k,deployment_clean_val,opus_16k,Prolongation,4,brier,0.17592878726528985
sep28k,deployment_deg_val,opus_16k,Prolongation,4,brier,0.17592878726528985
sep28k,matched_retraining,opus_16k,Prolongation,4,brier,0.17705011493401476
sep28k,majority_vote_fixed,opus_16k,Prolongation,4,brier,0.2217385468350203
sep28k,deployment_fixed,opus_16k,SoundRep,4,f1,0.6458923512747875
sep28k,deployment_clean_val,opus_16k,SoundRep,4,f1,0.6536758193091231
sep28k,deployment_deg_val,opus_16k,SoundRep,4,f1,0.6536758193091231
sep28k,matched_retraining,opus_16k,SoundRep,4,f1,0.6546830652790918
sep28k,majority_vote_fixed,opus_16k,SoundRep,4,f1,0.39267015706806285
sep28k,deployment_fixed,opus_16k,SoundRep,4,precision,0.5719063545150501
sep28k,deployment_clean_val,opus_16k,SoundRep,4,precision,0.5523952095808383
sep28k,deployment_deg_val,opus_16k,SoundRep,4,precision,0.5523952095808383
sep28k,matched_retraining,opus_16k,SoundRep,4,precision,0.5805369127516778
sep28k,majority_vote_fixed,opus_16k,SoundRep,4,precision,0.2508361204013378
sep28k,deployment_fixed,opus_16k,SoundRep,4,recall,0.7418655097613883
sep28k,deployment_clean_val,opus_16k,SoundRep,4,recall,0.8004338394793926
sep28k,deployment_deg_val,opus_16k,SoundRep,4,recall,0.8004338394793926
sep28k,matched_retraining,opus_16k,SoundRep,4,recall,0.7505422993492408
sep28k,majority_vote_fixed,opus_16k,SoundRep,4,recall,0.9036144578313253
sep28k,deployment_fixed,opus_16k,SoundRep,4,auc,0.8426752040395361
sep28k,deployment_clean_val,opus_16k,SoundRep,4,auc,0.8426752040395361
sep28k,deployment_deg_val,opus_16k,SoundRep,4,auc,0.8426752040395361
sep28k,matched_retraining,opus_16k,SoundRep,4,auc,0.8442170262033722
sep28k,majority_vote_fixed,opus_16k,SoundRep,4,auc,0.8755747222874786
sep28k,deployment_fixed,opus_16k,SoundRep,4,pr_auc,0.694913996934363
sep28k,deployment_clean_val,opus_16k,SoundRep,4,pr_auc,0.694913996934363
sep28k,deployment_deg_val,opus_16k,SoundRep,4,pr_auc,0.694913996934363
sep28k,matched_retraining,opus_16k,SoundRep,4,pr_auc,0.6986501340182956
sep28k,majority_vote_fixed,opus_16k,SoundRep,4,pr_auc,0.4079210303128768
sep28k,deployment_fixed,opus_16k,SoundRep,4,ece,0.14224435076179048
sep28k,deployment_clean_val,opus_16k,SoundRep,4,ece,0.14224435076179048
sep28k,deployment_deg_val,opus_16k,SoundRep,4,ece,0.14224435076179048
sep28k,matched_retraining,opus_16k,SoundRep,4,ece,0.14075627707606983
sep28k,majority_vote_fixed,opus_16k,SoundRep,4,ece,0.3263891697380702
sep28k,deployment_fixed,opus_16k,SoundRep,4,brier,0.162372039351151
sep28k,deployment_clean_val,opus_16k,SoundRep,4,brier,0.162372039351151
sep28k,deployment_deg_val,opus_16k,SoundRep,4,brier,0.162372039351151
sep28k,matched_retraining,opus_16k,SoundRep,4,brier,0.1611776813474466
sep28k,majority_vote_fixed,opus_16k,SoundRep,4,brier,0.20711664003617045
sep28k,deployment_fixed,opus_16k,WordRep,4,f1,0.6559139784946236
sep28k,deployment_clean_val,opus_16k,WordRep,4,f1,0.6618181818181819
sep28k,deployment_deg_val,opus_16k,WordRep,4,f1,0.6514575411913816
sep28k,matched_retraining,opus_16k,WordRep,4,f1,0.6541850220264317
sep28k,majority_vote_fixed,opus_16k,WordRep,4,f1,0.577023498694517
sep28k,deployment_fixed,opus_16k,WordRep,4,precision,0.5992141453831041
sep28k,deployment_clean_val,opus_16k,WordRep,4,precision,0.6757425742574258
sep28k,deployment_deg_val,opus_16k,WordRep,4,precision,0.6983695652173914
sep28k,matched_retraining,opus_16k,WordRep,4,precision,0.6098562628336756
sep28k,majority_vote_fixed,opus_16k,WordRep,4,precision,0.43418467583497056
sep28k,deployment_fixed,opus_16k,WordRep,4,recall,0.7244655581947743
sep28k,deployment_clean_val,opus_16k,WordRep,4,recall,0.6484560570071259
sep28k,deployment_deg_val,opus_16k,WordRep,4,recall,0.6104513064133017
sep28k,matched_retraining,opus_16k,WordRep,4,recall,0.7054631828978623
sep28k,majority_vote_fixed,opus_16k,WordRep,4,recall,0.8599221789883269
sep28k,deployment_fixed,opus_16k,WordRep,4,auc,0.8570960235397758
sep28k,deployment_clean_val,opus_16k,WordRep,4,auc,0.8570960235397758
sep28k,deployment_deg_val,opus_16k,WordRep,4,auc,0.8570960235397758
sep28k,matched_retraining,opus_16k,WordRep,4,auc,0.8556076918590269
sep28k,majority_vote_fixed,opus_16k,WordRep,4,auc,0.902636946176211
sep28k,deployment_fixed,opus_16k,WordRep,4,pr_auc,0.7145899072982564
sep28k,deployment_clean_val,opus_16k,WordRep,4,pr_auc,0.7145899072982564
sep28k,deployment_deg_val,opus_16k,WordRep,4,pr_auc,0.7145899072982564
sep28k,matched_retraining,opus_16k,WordRep,4,pr_auc,0.7140371087750661
sep28k,majority_vote_fixed,opus_16k,WordRep,4,pr_auc,0.6529211594077083
sep28k,deployment_fixed,opus_16k,WordRep,4,ece,0.13102040458775951
sep28k,deployment_clean_val,opus_16k,WordRep,4,ece,0.13102040458775951
sep28k,deployment_deg_val,opus_16k,WordRep,4,ece,0.13102040458775951
sep28k,matched_retraining,opus_16k,WordRep,4,ece,0.12529216347746194
sep28k,majority_vote_fixed,opus_16k,WordRep,4,ece,0.23339243954406416
sep28k,deployment_fixed,opus_16k,WordRep,4,brier,0.14340648267930975
sep28k,deployment_clean_val,opus_16k,WordRep,4,brier,0.14340648267930975
sep28k,deployment_deg_val,opus_16k,WordRep,4,brier,0.14340648267930975
sep28k,matched_retraining,opus_16k,WordRep,4,brier,0.14221333735539546
sep28k,majority_vote_fixed,opus_16k,WordRep,4,brier,0.14686014466729203
sep28k,deployment_fixed,opus_16k,Interjection,4,f1,0.7601476014760148
sep28k,deployment_clean_val,opus_16k,Interjection,4,f1,0.7616959064327485
sep28k,deployment_deg_val,opus_16k,Interjection,4,f1,0.7649964714184898
sep28k,matched_retraining,opus_16k,Interjection,4,f1,0.7507374631268436
sep28k,majority_vote_fixed,opus_16k,Interjection,4,f1,0.7041474654377881
sep28k,deployment_fixed,opus_16k,Interjection,4,precision,0.7898773006134969
sep28k,deployment_clean_val,opus_16k,Interjection,4,precision,0.7834586466165413
sep28k,deployment_deg_val,opus_16k,Interjection,4,precision,0.7591036414565826
sep28k,matched_retraining,opus_16k,Interjection,4,precision,0.77947932618683
sep28k,majority_vote_fixed,opus_16k,Interjection,4,precision,0.5858895705521472
sep28k,deployment_fixed,opus_16k,Interjection,4,recall,0.732574679943101
sep28k,deployment_clean_val,opus_16k,Interjection,4,recall,0.7411095305832148
sep28k,deployment_deg_val,opus_16k,Interjection,4,recall,0.7709815078236131
sep28k,matched_retraining,opus_16k,Interjection,4,recall,0.7240398293029872
sep28k,majority_vote_fixed,opus_16k,Interjection,4,recall,0.8822170900692841
sep28k,deployment_fixed,opus_16k,Interjection,4,auc,0.8684012740566807
sep28k,deployment_clean_val,opus_16k,Interjection,4,auc,0.8684012740566807
sep28k,deployment_deg_val,opus_16k,Interjection,4,auc,0.8684012740566807
sep28k,matched_retraining,opus_16k,Interjection,4,auc,0.869013618735532
sep28k,majority_vote_fixed,opus_16k,Interjection,4,auc,0.9161064212716105
sep28k,deployment_fixed,opus_16k,Interjection,4,pr_auc,0.8702592848586447
sep28k,deployment_clean_val,opus_16k,Interjection,4,pr_auc,0.8702592848586447
sep28k,deployment_deg_val,opus_16k,Interjection,4,pr_auc,0.8702592848586447
sep28k,matched_retraining,opus_16k,Interjection,4,pr_auc,0.8707150242744502
sep28k,majority_vote_fixed,opus_16k,Interjection,4,pr_auc,0.8368985245675957
sep28k,deployment_fixed,opus_16k,Interjection,4,ece,0.04008830802980292
sep28k,deployment_clean_val,opus_16k,Interjection,4,ece,0.04008830802980292
sep28k,deployment_deg_val,opus_16k,Interjection,4,ece,0.04008830802980292
sep28k,matched_retraining,opus_16k,Interjection,4,ece,0.04171306574771214
sep28k,majority_vote_fixed,opus_16k,Interjection,4,ece,0.2002432585517883
sep28k,deployment_fixed,opus_16k,Interjection,4,brier,0.14184550832737583
sep28k,deployment_clean_val,opus_16k,Interjection,4,brier,0.14184550832737583
sep28k,deployment_deg_val,opus_16k,Interjection,4,brier,0.14184550832737583
sep28k,matched_retraining,opus_16k,Interjection,4,brier,0.1418084646222167
sep28k,majority_vote_fixed,opus_16k,Interjection,4,brier,0.1455926187614452
sep28k,deployment_fixed,opus_8k,Block,4,f1,0.6153846153846154
sep28k,deployment_clean_val,opus_8k,Block,4,f1,0.6813914964108228
sep28k,deployment_deg_val,opus_8k,Block,4,f1,0.6874371859296482
sep28k,matched_retraining,opus_8k,Block,4,f1,0.6679316888045541
sep28k,majority_vote_fixed,opus_8k,Block,4,f1,0.36853448275862066
sep28k,deployment_fixed,opus_8k,Block,4,precision,0.6588921282798834
sep28k,deployment_clean_val,opus_8k,Block,4,precision,0.6001945525291829
sep28k,deployment_deg_val,opus_8k,Block,4,precision,0.5666942833471417
sep28k,matched_retraining,opus_8k,Block,4,precision,0.6616541353383458
sep28k,majority_vote_fixed,opus_8k,Block,4,precision,0.24927113702623907
sep28k,deployment_fixed,opus_8k,Block,4,recall,0.5772669220945083
sep28k,deployment_clean_val,opus_8k,Block,4,recall,0.7879948914431673
sep28k,deployment_deg_val,opus_8k,Block,4,recall,0.8735632183908046
sep28k,matched_retraining,opus_8k,Block,4,recall,0.6743295019157088
sep28k,majority_vote_fixed,opus_8k,Block,4,recall,0.7066115702479339
sep28k,deployment_fixed,opus_8k,Block,4,auc,0.7033762321118644
sep28k,deployment_clean_val,opus_8k,Block,4,auc,0.7033762321118644
sep28k,deployment_deg_val,opus_8k,Block,4,auc,0.7033762321118644
sep28k,matched_retraining,opus_8k,Block,4,auc,0.7184227720626188
sep28k,majority_vote_fixed,opus_8k,Block,4,auc,0.7170211473018959
sep28k,deployment_fixed,opus_8k,Block,4,pr_auc,0.6631093213331676
sep28k,deployment_clean_val,opus_8k,Block,4,pr_auc,0.6631093213331676
sep28k,deployment_deg_val,opus_8k,Block,4,pr_auc,0.6631093213331676
sep28k,matched_retraining,opus_8k,Block,4,pr_auc,0.6751728015738537
sep28k,majority_vote_fixed,opus_8k,Block,4,pr_auc,0.28781206444988205
sep28k,deployment_fixed,opus_8k,Block,4,ece,0.03635278115421092
sep28k,deployment_clean_val,opus_8k,Block,4,ece,0.03635278115421092
sep28k,deployment_deg_val,opus_8k,Block,4,ece,0.03635278115421092
sep28k,matched_retraining,opus_8k,Block,4,ece,0.036407711759343125
sep28k,majority_vote_fixed,opus_8k,Block,4,ece,0.3199274903447043
sep28k,deployment_fixed,opus_8k,Block,4,brier,0.22028769216838978
sep28k,deployment_clean_val,opus_8k,Block,4,brier,0.22028769216838978
sep28k,deployment_deg_val,opus_8k,Block,4,brier,0.22028769216838978
sep28k,matched_retraining,opus_8k,Block,4,brier,0.21538741225906102
sep28k,majority_vote_fixed,opus_8k,Block,4,brier,0.22958407165336733
sep28k,deployment_fixed,opus_8k,Prolongation,4,f1,0.6546052631578947
sep28k,deployment_clean_val,opus_8k,Prolongation,4,f1,0.6747851002865329
sep28k,deployment_deg_val,opus_8k,Prolongation,4,f1,0.6806212018906145
sep28k,matched_retraining,opus_8k,Prolongation,4,f1,0.671264367816092
sep28k,majority_vote_fixed,opus_8k,Prolongation,4,f1,0.4215686274509804
sep28k,deployment_fixed,opus_8k,Prolongation,4,precision,0.6556836902800659
sep28k,deployment_clean_val,opus_8k,Prolongation,4,precision,0.5984752223634053
sep28k,deployment_deg_val,opus_8k,Prolongation,4,precision,0.5779816513761468
sep28k,matched_retraining,opus_8k,Prolongation,4,precision,0.6293103448275862
sep28k,majority_vote_fixed,opus_8k,Prolongation,4,precision,0.2833607907742998
sep28k,deployment_fixed,opus_8k,Prolongation,4,recall,0.6535303776683087
sep28k,deployment_clean_val,opus_8k,Prolongation,4,recall,0.7733990147783252
sep28k,deployment_deg_val,opus_8k,Prolongation,4,recall,0.8275862068965517
sep28k,matched_retraining,opus_8k,Prolongation,4,recall,0.7192118226600985
sep28k,majority_vote_fixed,opus_8k,Prolongation,4,recall,0.8229665071770335
sep28k,deployment_fixed,opus_8k,Prolongation,4,auc,0.8065853420577872
sep28k,deployment_clean_val,opus_8k,Prolongation,4,auc,0.8065853420577872
sep28k,deployment_deg_val,opus_8k,Prolongation,4,auc,0.8065853420577872
sep28k,matched_retraining,opus_8k,Prolongation,4,auc,0.8062496589426478
sep28k,majority_vote_fixed,opus_8k,Prolongation,4,auc,0.8472815203838743
sep28k,deployment_fixed,opus_8k,Prolongation,4,pr_auc,0.7282715476761169
sep28k,deployment_clean_val,opus_8k,Prolongation,4,pr_auc,0.7282715476761169
sep28k,deployment_deg_val,opus_8k,Prolongation,4,pr_auc,0.7282715476761169
sep28k,matched_retraining,opus_8k,Prolongation,4,pr_auc,0.7254059792269134
sep28k,majority_vote_fixed,opus_8k,Prolongation,4,pr_auc,0.4928120582031124
sep28k,deployment_fixed,opus_8k,Prolongation,4,ece,0.06605063673415312
sep28k,deployment_clean_val,opus_8k,Prolongation,4,ece,0.06605063673415312
sep28k,deployment_deg_val,opus_8k,Prolongation,4,ece,0.06605063673415312
sep28k,matched_retraining,opus_8k,Prolongation,4,ece,0.10445312451297808
sep28k,majority_vote_fixed,opus_8k,Prolongation,4,ece,0.31573852687148146
sep28k,deployment_fixed,opus_8k,Prolongation,4,brier,0.17577967067051548
sep28k,deployment_clean_val,opus_8k,Prolongation,4,brier,0.17577967067051548
sep28k,deployment_deg_val,opus_8k,Prolongation,4,brier,0.17577967067051548
sep28k,matched_retraining,opus_8k,Prolongation,4,brier,0.18293643380593885
sep28k,majority_vote_fixed,opus_8k,Prolongation,4,brier,0.20428123697428552
sep28k,deployment_fixed,opus_8k,SoundRep,4,f1,0.6285714285714286
sep28k,deployment_clean_val,opus_8k,SoundRep,4,f1,0.6268412438625205
sep28k,deployment_deg_val,opus_8k,SoundRep,4,f1,0.6326164874551972
sep28k,matched_retraining,opus_8k,SoundRep,4,f1,0.6357738646895273
sep28k,majority_vote_fixed,opus_8k,SoundRep,4,f1,0.3627906976744186
sep28k,deployment_fixed,opus_8k,SoundRep,4,precision,0.5230547550432276
sep28k,deployment_clean_val,opus_8k,SoundRep,4,precision,0.5032851511169514
sep28k,deployment_deg_val,opus_8k,SoundRep,4,precision,0.5389312977099237
sep28k,matched_retraining,opus_8k,SoundRep,4,precision,0.5550161812297735
sep28k,majority_vote_fixed,opus_8k,SoundRep,4,precision,0.22478386167146974
sep28k,deployment_fixed,opus_8k,SoundRep,4,recall,0.7874186550976139
sep28k,deployment_clean_val,opus_8k,SoundRep,4,recall,0.8308026030368764
sep28k,deployment_deg_val,opus_8k,SoundRep,4,recall,0.7657266811279827
sep28k,matched_retraining,opus_8k,SoundRep,4,recall,0.7440347071583514
sep28k,majority_vote_fixed,opus_8k,SoundRep,4,recall,0.9397590361445783
sep28k,deployment_fixed,opus_8k,SoundRep,4,auc,0.8284699078518862
sep28k,deployment_clean_val,opus_8k,SoundRep,4,auc,0.8284699078518862
sep28k,deployment_deg_val,opus_8k,SoundRep,4,auc,0.8284699078518862
sep28k,matched_retraining,opus_8k,SoundRep,4,auc,0.8299680038631105
sep28k,majority_vote_fixed,opus_8k,SoundRep,4,auc,0.8698694499446253
sep28k,deployment_fixed,opus_8k,SoundRep,4,pr_auc,0.6778210600943445
sep28k,deployment_clean_val,opus_8k,SoundRep,4,pr_auc,0.6778210600943445
sep28k,deployment_deg_val,opus_8k,SoundRep,4,pr_auc,0.6778210600943445
sep28k,matched_retraining,opus_8k,SoundRep,4,pr_auc,0.6801877363070699
sep28k,majority_vote_fixed,opus_8k,SoundRep,4,pr_auc,0.38549685468178413
sep28k,deployment_fixed,opus_8k,SoundRep,4,ece,0.18235780041558228
sep28k,deployment_clean_val,opus_8k,SoundRep,4,ece,0.18235780041558228
sep28k,deployment_deg_val,opus_8k,SoundRep,4,ece,0.18235780041558228
sep28k,matched_retraining,opus_8k,SoundRep,4,ece,0.1496939926838693
sep28k,majority_vote_fixed,opus_8k,SoundRep,4,ece,0.3665026193918619
sep28k,deployment_fixed,opus_8k,SoundRep,4,brier,0.18178013051897413
sep28k,deployment_clean_val,opus_8k,SoundRep,4,brier,0.18178013051897413
sep28k,deployment_deg_val,opus_8k,SoundRep,4,brier,0.18178013051897413
sep28k,matched_retraining,opus_8k,SoundRep,4,brier,0.16978907037318586
sep28k,majority_vote_fixed,opus_8k,SoundRep,4,brier,0.23392406234797603
sep28k,deployment_fixed,opus_8k,WordRep,4,f1,0.6511627906976745
sep28k,deployment_clean_val,opus_8k,WordRep,4,f1,0.6492890995260664
sep28k,deployment_deg_val,opus_8k,WordRep,4,f1,0.6490825688073395
sep28k,matched_retraining,opus_8k,WordRep,4,f1,0.6593647316538883
sep28k,majority_vote_fixed,opus_8k,WordRep,4,f1,0.5626598465473146
sep28k,deployment_fixed,opus_8k,WordRep,4,precision,0.5866666666666667
sep28k,deployment_clean_val,opus_8k,WordRep,4,precision,0.6477541371158393
sep28k,deployment_deg_val,opus_8k,WordRep,4,precision,0.6274944567627494
sep28k,matched_retraining,opus_8k,WordRep,4,precision,0.6117886178861789
sep28k,majority_vote_fixed,opus_8k,WordRep,4,precision,0.41904761904761906
sep28k,deployment_fixed,opus_8k,WordRep,4,recall,0.7315914489311164
sep28k,deployment_clean_val,opus_8k,WordRep,4,recall,0.6508313539192399
sep28k,deployment_deg_val,opus_8k,WordRep,4,recall,0.672209026128266
sep28k,matched_retraining,opus_8k,WordRep,4,recall,0.7149643705463183
sep28k,majority_vote_fixed,opus_8k,WordRep,4,recall,0.8560311284046692
sep28k,deployment_fixed,opus_8k,WordRep,4,auc,0.8511970008105375
sep28k,deployment_clean_val,opus_8k,WordRep,4,auc,0.8511970008105375
sep28k,deployment_deg_val,opus_8k,WordRep,4,auc,0.8511970008105375
sep28k,matched_retraining,opus_8k,WordRep,4,auc,0.858254508739926
sep28k,majority_vote_fixed,opus_8k,WordRep,4,auc,0.8970563985361549
sep28k,deployment_fixed,opus_8k,WordRep,4,pr_auc,0.7079906224627904
sep28k,deployment_clean_val,opus_8k,WordRep,4,pr_auc,0.7079906224627904
sep28k,deployment_deg_val,opus_8k,WordRep,4,pr_auc,0.7079906224627904
sep28k,matched_retraining,opus_8k,WordRep,4,pr_auc,0.7160419005800182
sep28k,majority_vote_fixed,opus_8k,WordRep,4,pr_auc,0.6512047404212145
sep28k,deployment_fixed,opus_8k,WordRep,4,ece,0.14345391619499392
sep28k,deployment_clean_val,opus_8k,WordRep,4,ece,0.14345391619499392
sep28k,deployment_deg_val,opus_8k,WordRep,4,ece,0.14345391619499392
sep28k,matched_retraining,opus_8k,WordRep,4,ece,0.12600745048691808
sep28k,majority_vote_fixed,opus_8k,WordRep,4,ece,0.24582595115129854
sep28k,deployment_fixed,opus_8k,WordRep,4,brier,0.14922792701582177
sep28k,deployment_clean_val,opus_8k,WordRep,4,brier,0.14922792701582177
sep28k,deployment_deg_val,opus_8k,WordRep,4,brier,0.14922792701582177
sep28k,matched_retraining,opus_8k,WordRep,4,brier,0.14126688676379223
sep28k,majority_vote_fixed,opus_8k,WordRep,4,brier,0.15458478643530824
sep28k,deployment_fixed,opus_8k,Interjection,4,f1,0.743801652892562
sep28k,deployment_clean_val,opus_8k,Interjection,4,f1,0.7440476190476191
sep28k,deployment_deg_val,opus_8k,Interjection,4,f1,0.7440476190476191
sep28k,matched_retraining,opus_8k,Interjection,4,f1,0.7461368653421634
sep28k,majority_vote_fixed,opus_8k,Interjection,4,f1,0.6993402450518379
sep28k,deployment_fixed,opus_8k,Interjection,4,precision,0.7882165605095541
sep28k,deployment_clean_val,opus_8k,Interjection,4,precision,0.7800312012480499
sep28k,deployment_deg_val,opus_8k,Interjection,4,precision,0.7800312012480499
sep28k,matched_retraining,opus_8k,Interjection,4,precision,0.7728658536585366
sep28k,majority_vote_fixed,opus_8k,Interjection,4,precision,0.5907643312101911
sep28k,deployment_fixed,opus_8k,Interjection,4,recall,0.7041251778093883
sep28k,deployment_clean_val,opus_8k,Interjection,4,recall,0.7112375533428165
sep28k,deployment_deg_val,opus_8k,Interjection,4,recall,0.7112375533428165
sep28k,matched_retraining,opus_8k,Interjection,4,recall,0.7211948790896159
sep28k,majority_vote_fixed,opus_8k,Interjection,4,recall,0.8568129330254042
sep28k,deployment_fixed,opus_8k,Interjection,4,auc,0.8606243384066696
sep28k,deployment_clean_val,opus_8k,Interjection,4,auc,0.8606243384066696
sep28k,deployment_deg_val,opus_8k,Interjection,4,auc,0.8606243384066696
sep28k,matched_retraining,opus_8k,Interjection,4,auc,0.8643237230556473
sep28k,majority_vote_fixed,opus_8k,Interjection,4,auc,0.9037550105990593
sep28k,deployment_fixed,opus_8k,Interjection,4,pr_auc,0.8598882219424957
sep28k,deployment_clean_val,opus_8k,Interjection,4,pr_auc,0.8598882219424957
sep28k,deployment_deg_val,opus_8k,Interjection,4,pr_auc,0.8598882219424957
sep28k,matched_retraining,opus_8k,Interjection,4,pr_auc,0.8629582001826295
sep28k,majority_vote_fixed,opus_8k,Interjection,4,pr_auc,0.8199937850617045
sep28k,deployment_fixed,opus_8k,Interjection,4,ece,0.03891246402037699
sep28k,deployment_clean_val,opus_8k,Interjection,4,ece,0.03891246402037699
sep28k,deployment_deg_val,opus_8k,Interjection,4,ece,0.03891246402037699
sep28k,matched_retraining,opus_8k,Interjection,4,ece,0.04179883119516722
sep28k,majority_vote_fixed,opus_8k,Interjection,4,ece,0.19645852677593315
sep28k,deployment_fixed,opus_8k,Interjection,4,brier,0.14698890023875955
sep28k,deployment_clean_val,opus_8k,Interjection,4,brier,0.14698890023875955
sep28k,deployment_deg_val,opus_8k,Interjection,4,brier,0.14698890023875955
sep28k,matched_retraining,opus_8k,Interjection,4,brier,0.14561939009885896
sep28k,majority_vote_fixed,opus_8k,Interjection,4,brier,0.14869979509702966
sep28k,deployment_fixed,opus_16k_voip,Block,4,f1,0.65848934796643
sep28k,deployment_clean_val,opus_16k_voip,Block,4,f1,0.6926829268292682
sep28k,deployment_deg_val,opus_16k_voip,Block,4,f1,0.6949152542372882
sep28k,matched_retraining,opus_16k_voip,Block,4,f1,0.6508951406649617
sep28k,majority_vote_fixed,opus_16k_voip,Block,4,f1,0.37103174603174605
sep28k,deployment_fixed,opus_16k_voip,Block,4,precision,0.6657963446475196
sep28k,deployment_clean_val,opus_16k_voip,Block,4,precision,0.6016949152542372
sep28k,deployment_deg_val,opus_16k_voip,Block,4,precision,0.6231003039513677
sep28k,matched_retraining,opus_16k_voip,Block,4,precision,0.6517285531370038
sep28k,majority_vote_fixed,opus_16k_voip,Block,4,precision,0.24412532637075718
sep28k,deployment_fixed,opus_16k_voip,Block,4,recall,0.6513409961685823
sep28k,deployment_clean_val,opus_16k_voip,Block,4,recall,0.8160919540229885
sep28k,deployment_deg_val,opus_16k_voip,Block,4,recall,0.7854406130268199
sep28k,matched_retraining,opus_16k_voip,Block,4,recall,0.6500638569604087
sep28k,majority_vote_fixed,opus_16k_voip,Block,4,recall,0.7727272727272727
sep28k,deployment_fixed,opus_16k_voip,Block,4,auc,0.7214012041598249
sep28k,deployment_clean_val,opus_16k_voip,Block,4,auc,0.7214012041598249
sep28k,deployment_deg_val,opus_16k_voip,Block,4,auc,0.7214012041598249
sep28k,matched_retraining,opus_16k_voip,Block,4,auc,0.7199119881112219
sep28k,majority_vote_fixed,opus_16k_voip,Block,4,auc,0.739623845405931
sep28k,deployment_fixed,opus_16k_voip,Block,4,pr_auc,0.6832406052390034
sep28k,deployment_clean_val,opus_16k_voip,Block,4,pr_auc,0.6832406052390034
sep28k,deployment_deg_val,opus_16k_voip,Block,4,pr_auc,0.6832406052390034
sep28k,matched_retraining,opus_16k_voip,Block,4,pr_auc,0.6831612225261762
sep28k,majority_vote_fixed,opus_16k_voip,Block,4,pr_auc,0.31383363679033266
sep28k,deployment_fixed,opus_16k_voip,Block,4,ece,0.026702306491322585
sep28k,deployment_clean_val,opus_16k_voip,Block,4,ece,0.026702306491322585
sep28k,deployment_deg_val,opus_16k_voip,Block,4,ece,0.026702306491322585
sep28k,matched_retraining,opus_16k_voip,Block,4,ece,0.027602966235650606
sep28k,majority_vote_fixed,opus_16k_voip,Block,4,ece,0.3434783422478124
sep28k,deployment_fixed,opus_16k_voip,Block,4,brier,0.2139455398859259
sep28k,deployment_clean_val,opus_16k_voip,Block,4,brier,0.2139455398859259
sep28k,deployment_deg_val,opus_16k_voip,Block,4,brier,0.2139455398859259
sep28k,matched_retraining,opus_16k_voip,Block,4,brier,0.21444391415282113
sep28k,majority_vote_fixed,opus_16k_voip,Block,4,brier,0.24433516830861826
sep28k,deployment_fixed,opus_16k_voip,Prolongation,4,f1,0.678125
sep28k,deployment_clean_val,opus_16k_voip,Prolongation,4,f1,0.6813793103448276
sep28k,deployment_deg_val,opus_16k_voip,Prolongation,4,f1,0.6875
sep28k,matched_retraining,opus_16k_voip,Prolongation,4,f1,0.6831530139103554
sep28k,majority_vote_fixed,opus_16k_voip,Prolongation,4,f1,0.42727272727272725
sep28k,deployment_fixed,opus_16k_voip,Prolongation,4,precision,0.646795827123696
sep28k,deployment_clean_val,opus_16k_voip,Prolongation,4,precision,0.5873959571938169
sep28k,deployment_deg_val,opus_16k_voip,Prolongation,4,precision,0.6166883963494133
sep28k,matched_retraining,opus_16k_voip,Prolongation,4,precision,0.6452554744525547
sep28k,majority_vote_fixed,opus_16k_voip,Prolongation,4,precision,0.28017883755588674
sep28k,deployment_fixed,opus_16k_voip,Prolongation,4,recall,0.7126436781609196
sep28k,deployment_clean_val,opus_16k_voip,Prolongation,4,recall,0.8111658456486043
sep28k,deployment_deg_val,opus_16k_voip,Prolongation,4,recall,0.7766830870279147
sep28k,matched_retraining,opus_16k_voip,Prolongation,4,recall,0.7257799671592775
sep28k,majority_vote_fixed,opus_16k_voip,Prolongation,4,recall,0.8995215311004785
sep28k,deployment_fixed,opus_16k_voip,Prolongation,4,auc,0.8167980460927642
sep28k,deployment_clean_val,opus_16k_voip,Prolongation,4,auc,0.8167980460927642
sep28k,deployment_deg_val,opus_16k_voip,Prolongation,4,auc,0.8167980460927642
sep28k,matched_retraining,opus_16k_voip,Prolongation,4,auc,0.8189527017529934
sep28k,majority_vote_fixed,opus_16k_voip,Prolongation,4,auc,0.8645105225374996
sep28k,deployment_fixed,opus_16k_voip,Prolongation,4,pr_auc,0.7376809654551051
sep28k,deployment_clean_val,opus_16k_voip,Prolongation,4,pr_auc,0.7376809654551051
sep28k,deployment_deg_val,opus_16k_voip,Prolongation,4,pr_auc,0.7376809654551051
sep28k,matched_retraining,opus_16k_voip,Prolongation,4,pr_auc,0.7405537613781513
sep28k,majority_vote_fixed,opus_16k_voip,Prolongation,4,pr_auc,0.5285834228957538
sep28k,deployment_fixed,opus_16k_voip,Prolongation,4,ece,0.09205809705107822
sep28k,deployment_clean_val,opus_16k_voip,Prolongation,4,ece,0.09205809705107822
sep28k,deployment_deg_val,opus_16k_voip,Prolongation,4,ece,0.09205809705107822
sep28k,matched_retraining,opus_16k_voip,Prolongation,4,ece,0.09920678981877416
sep28k,majority_vote_fixed,opus_16k_voip,Prolongation,4,ece,0.3417459871884066
sep28k,deployment_fixed,opus_16k_voip,Prolongation,4,brier,0.17574613779454984
sep28k,deployment_clean_val,opus_16k_voip,Prolongation,4,brier,0.17574613779454984
sep28k,deployment_deg_val,opus_16k_voip,Prolongation,4,brier,0.17574613779454984
sep28k,matched_retraining,opus_16k_voip,Prolongation,4,brier,0.17629403984278125
sep28k,majority_vote_fixed,opus_16k_voip,Prolongation,4,brier,0.22048769106513927
sep28k,deployment_fixed,opus_16k_voip,SoundRep,4,f1,0.6514285714285715
sep28k,deployment_clean_val,opus_16k_voip,SoundRep,4,f1,0.6453333333333333
sep28k,deployment_deg_val,opus_16k_voip,SoundRep,4,f1,0.6489945155393053
sep28k,matched_retraining,opus_16k_voip,SoundRep,4,f1,0.6564885496183206
sep28k,majority_vote_fixed,opus_16k_voip,SoundRep,4,f1,0.39470198675496687
sep28k,deployment_fixed,opus_16k_voip,SoundRep,4,precision,0.5806451612903226
sep28k,deployment_clean_val,opus_16k_voip,SoundRep,4,precision,0.5466867469879518
sep28k,deployment_deg_val,opus_16k_voip,SoundRep,4,precision,0.5608214849921012
sep28k,matched_retraining,opus_16k_voip,SoundRep,4,precision,0.58603066439523
sep28k,majority_vote_fixed,opus_16k_voip,SoundRep,4,precision,0.2529711375212224
sep28k,deployment_fixed,opus_16k_voip,SoundRep,4,recall,0.7418655097613883
sep28k,deployment_clean_val,opus_16k_voip,SoundRep,4,recall,0.7874186550976139
sep28k,deployment_deg_val,opus_16k_voip,SoundRep,4,recall,0.7700650759219089
sep28k,matched_retraining,opus_16k_voip,SoundRep,4,recall,0.7462039045553145
sep28k,majority_vote_fixed,opus_16k_voip,SoundRep,4,recall,0.8975903614457831
sep28k,deployment_fixed,opus_16k_voip,SoundRep,4,auc,0.8430820473725337
sep28k,deployment_clean_val,opus_16k_voip,SoundRep,4,auc,0.8430820473725337
sep28k,deployment_deg_val,opus_16k_voip,SoundRep,4,auc,0.8430820473725337
sep28k,matched_retraining,opus_16k_voip,SoundRep,4,auc,0.8437227305651511
sep28k,majority_vote_fixed,opus_16k_voip,SoundRep,4,auc,0.877445716011679
sep28k,deployment_fixed,opus_16k_voip,SoundRep,4,pr_auc,0.6993591710240684
sep28k,deployment_clean_val,opus_16k_voip,SoundRep,4,pr_auc,0.6993591710240684
sep28k,deployment_deg_val,opus_16k_voip,SoundRep,4,pr_auc,0.6993591710240684
sep28k,matched_retraining,opus_16k_voip,SoundRep,4,pr_auc,0.7004598196309032
sep28k,majority_vote_fixed,opus_16k_voip,SoundRep,4,pr_auc,0.41287435856406085
sep28k,deployment_fixed,opus_16k_voip,SoundRep,4,ece,0.14244117343675003
sep28k,deployment_clean_val,opus_16k_voip,SoundRep,4,ece,0.14244117343675003
sep28k,deployment_deg_val,opus_16k_voip,SoundRep,4,ece,0.14244117343675003
sep28k,matched_retraining,opus_16k_voip,SoundRep,4,ece,0.13934914078488
sep28k,majority_vote_fixed,opus_16k_voip,SoundRep,4,ece,0.32658599241302966
sep28k,deployment_fixed,opus_16k_voip,SoundRep,4,brier,0.16182926723252536
sep28k,deployment_clean_val,opus_16k_voip,SoundRep,4,brier,0.16182926723252536
sep28k,deployment_deg_val,opus_16k_voip,SoundRep,4,brier,0.16182926723252536
sep28k,matched_retraining,opus_16k_voip,SoundRep,4,brier,0.1607344132775974
sep28k,majority_vote_fixed,opus_16k_voip,SoundRep,4,brier,0.20658428733116985
sep28k,deployment_fixed,opus_16k_voip,WordRep,4,f1,0.658008658008658
sep28k,deployment_clean_val,opus_16k_voip,WordRep,4,f1,0.6466346153846154
sep28k,deployment_deg_val,opus_16k_voip,WordRep,4,f1,0.6495098039215687
sep28k,matched_retraining,opus_16k_voip,WordRep,4,f1,0.6681270536692223
sep28k,majority_vote_fixed,opus_16k_voip,WordRep,4,f1,0.5763157894736842
sep28k,deployment_fixed,opus_16k_voip,WordRep,4,precision,0.6043737574552683
sep28k,deployment_clean_val,opus_16k_voip,WordRep,4,precision,0.6545012165450121
sep28k,deployment_deg_val,opus_16k_voip,WordRep,4,precision,0.6708860759493671
sep28k,matched_retraining,opus_16k_voip,WordRep,4,precision,0.6199186991869918
sep28k,majority_vote_fixed,opus_16k_voip,WordRep,4,precision,0.43538767395626243
sep28k,deployment_fixed,opus_16k_voip,WordRep,4,recall,0.7220902612826603
sep28k,deployment_clean_val,opus_16k_voip,WordRep,4,recall,0.6389548693586699
sep28k,deployment_deg_val,opus_16k_voip,WordRep,4,recall,0.6294536817102138
sep28k,matched_retraining,opus_16k_voip,WordRep,4,recall,0.7244655581947743
sep28k,majority_vote_fixed,opus_16k_voip,WordRep,4,recall,0.8521400778210116
sep28k,deployment_fixed,opus_16k_voip,WordRep,4,auc,0.8578482344162621
sep28k,deployment_clean_val,opus_16k_voip,WordRep,4,auc,0.8578482344162621
sep28k,deployment_deg_val,opus_16k_voip,WordRep,4,auc,0.8578482344162621
sep28k,matched_retraining,opus_16k_voip,WordRep,4,auc,0.8592480706997774
sep28k,majority_vote_fixed,opus_16k_voip,WordRep,4,auc,0.8983669159446285
sep28k,deployment_fixed,opus_16k_voip,WordRep,4,pr_auc,0.7165763472118767
sep28k,deployment_clean_val,opus_16k_voip,WordRep,4,pr_auc,0.7165763472118767
sep28k,deployment_deg_val,opus_16k_voip,WordRep,4,pr_auc,0.7165763472118767
sep28k,matched_retraining,opus_16k_voip,WordRep,4,pr_auc,0.716762679876326
sep28k,majority_vote_fixed,opus_16k_voip,WordRep,4,pr_auc,0.6462349613641971
sep28k,deployment_fixed,opus_16k_voip,WordRep,4,ece,0.1326280370050022
sep28k,deployment_clean_val,opus_16k_voip,WordRep,4,ece,0.1326280370050022
sep28k,deployment_deg_val,opus_16k_voip,WordRep,4,ece,0.1326280370050022
sep28k,matched_retraining,opus_16k_voip,WordRep,4,ece,0.1264696562277781
sep28k,majority_vote_fixed,opus_16k_voip,WordRep,4,ece,0.2350000719613068
sep28k,deployment_fixed,opus_16k_voip,WordRep,4,brier,0.1435976361783969
sep28k,deployment_clean_val,opus_16k_voip,WordRep,4,brier,0.1435976361783969
sep28k,deployment_deg_val,opus_16k_voip,WordRep,4,brier,0.1435976361783969
sep28k,matched_retraining,opus_16k_voip,WordRep,4,brier,0.14181422347009523
sep28k,majority_vote_fixed,opus_16k_voip,WordRep,4,brier,0.14885381162681355
sep28k,deployment_fixed,opus_16k_voip,Interjection,4,f1,0.7564766839378239
sep28k,deployment_clean_val,opus_16k_voip,Interjection,4,f1,0.7564385577630611
sep28k,deployment_deg_val,opus_16k_voip,Interjection,4,f1,0.7592190889370932
sep28k,matched_retraining,opus_16k_voip,Interjection,4,f1,0.7540740740740741
sep28k,majority_vote_fixed,opus_16k_voip,Interjection,4,f1,0.7049028677150786
sep28k,deployment_fixed,opus_16k_voip,Interjection,4,precision,0.7885802469135802
sep28k,deployment_clean_val,opus_16k_voip,Interjection,4,precision,0.7835365853658537
sep28k,deployment_deg_val,opus_16k_voip,Interjection,4,precision,0.7720588235294118
sep28k,matched_retraining,opus_16k_voip,Interjection,4,precision,0.7867078825347759
sep28k,majority_vote_fixed,opus_16k_voip,Interjection,4,precision,0.5879629629629629
sep28k,deployment_fixed,opus_16k_voip,Interjection,4,recall,0.7268847795163584
sep28k,deployment_clean_val,opus_16k_voip,Interjection,4,recall,0.7311522048364154
sep28k,deployment_deg_val,opus_16k_voip,Interjection,4,recall,0.7467994310099573
sep28k,matched_retraining,opus_16k_voip,Interjection,4,recall,0.7240398293029872
sep28k,majority_vote_fixed,opus_16k_voip,Interjection,4,recall,0.8799076212471132
sep28k,deployment_fixed,opus_16k_voip,Interjection,4,auc,0.8692066576265395
sep28k,deployment_clean_val,opus_16k_voip,Interjection,4,auc,0.8692066576265395
sep28k,deployment_deg_val,opus_16k_voip,Interjection,4,auc,0.8692066576265395
sep28k,matched_retraining,opus_16k_voip,Interjection,4,auc,0.8702873589589823
sep28k,majority_vote_fixed,opus_16k_voip,Interjection,4,auc,0.9152253065627242
sep28k,deployment_fixed,opus_16k_voip,Interjection,4,pr_auc,0.86964894748242
sep28k,deployment_clean_val,opus_16k_voip,Interjection,4,pr_auc,0.86964894748242
sep28k,deployment_deg_val,opus_16k_voip,Interjection,4,pr_auc,0.86964894748242
sep28k,matched_retraining,opus_16k_voip,Interjection,4,pr_auc,0.8707469242410951
sep28k,majority_vote_fixed,opus_16k_voip,Interjection,4,pr_auc,0.8369243647893361
sep28k,deployment_fixed,opus_16k_voip,Interjection,4,ece,0.044250470629002385
sep28k,deployment_clean_val,opus_16k_voip,Interjection,4,ece,0.044250470629002385
sep28k,deployment_deg_val,opus_16k_voip,Interjection,4,ece,0.044250470629002385
sep28k,matched_retraining,opus_16k_voip,Interjection,4,ece,0.045172672190144356
sep28k,majority_vote_fixed,opus_16k_voip,Interjection,4,ece,0.2016688573789412
sep28k,deployment_fixed,opus_16k_voip,Interjection,4,brier,0.14239022848762042
sep28k,deployment_clean_val,opus_16k_voip,Interjection,4,brier,0.14239022848762042
sep28k,deployment_deg_val,opus_16k_voip,Interjection,4,brier,0.14239022848762042
sep28k,matched_retraining,opus_16k_voip,Interjection,4,brier,0.14179834921871123
sep28k,majority_vote_fixed,opus_16k_voip,Interjection,4,brier,0.14692954122135263
sep28k,deployment_fixed,vad_agg3,Block,4,f1,0.5656855707106964
sep28k,deployment_clean_val,vad_agg3,Block,4,f1,0.6226754649070186
sep28k,deployment_deg_val,vad_agg3,Block,4,f1,0.6618075801749271
sep28k,matched_retraining,vad_agg3,Block,4,f1,0.6144814090019569
sep28k,majority_vote_fixed,vad_agg3,Block,4,f1,0.3615023474178404
sep28k,deployment_fixed,vad_agg3,Block,4,precision,0.6459016393442623
sep28k,deployment_clean_val,vad_agg3,Block,4,precision,0.5871040723981901
sep28k,deployment_deg_val,vad_agg3,Block,4,precision,0.5341176470588235
sep28k,matched_retraining,vad_agg3,Block,4,precision,0.628
sep28k,majority_vote_fixed,vad_agg3,Block,4,precision,0.25245901639344265
sep28k,deployment_fixed,vad_agg3,Block,4,recall,0.5031928480204342
sep28k,deployment_clean_val,vad_agg3,Block,4,recall,0.6628352490421456
sep28k,deployment_deg_val,vad_agg3,Block,4,recall,0.8697318007662835
sep28k,matched_retraining,vad_agg3,Block,4,recall,0.6015325670498084
sep28k,majority_vote_fixed,vad_agg3,Block,4,recall,0.6363636363636364
sep28k,deployment_fixed,vad_agg3,Block,4,auc,0.657751642425972
sep28k,deployment_clean_val,vad_agg3,Block,4,auc,0.657751642425972
sep28k,deployment_deg_val,vad_agg3,Block,4,auc,0.657751642425972
sep28k,matched_retraining,vad_agg3,Block,4,auc,0.6705012030682529
sep28k,majority_vote_fixed,vad_agg3,Block,4,auc,0.7030353670393777
sep28k,deployment_fixed,vad_agg3,Block,4,pr_auc,0.6426028304987554
sep28k,deployment_clean_val,vad_agg3,Block,4,pr_auc,0.6426028304987554
sep28k,deployment_deg_val,vad_agg3,Block,4,pr_auc,0.6426028304987554
sep28k,matched_retraining,vad_agg3,Block,4,pr_auc,0.6530103852948735
sep28k,majority_vote_fixed,vad_agg3,Block,4,pr_auc,0.31384822156734843
sep28k,deployment_fixed,vad_agg3,Block,4,ece,0.07773961011870825
sep28k,deployment_clean_val,vad_agg3,Block,4,ece,0.07773961011870825
sep28k,deployment_deg_val,vad_agg3,Block,4,ece,0.07773961011870825
sep28k,matched_retraining,vad_agg3,Block,4,ece,0.0444560196799864
sep28k,majority_vote_fixed,vad_agg3,Block,4,ece,0.29542342300195595
sep28k,deployment_fixed,vad_agg3,Block,4,brier,0.23954067580399596
sep28k,deployment_clean_val,vad_agg3,Block,4,brier,0.23954067580399596
sep28k,deployment_deg_val,vad_agg3,Block,4,brier,0.23954067580399596
sep28k,matched_retraining,vad_agg3,Block,4,brier,0.23079583742204013
sep28k,majority_vote_fixed,vad_agg3,Block,4,brier,0.2227211315814895
sep28k,deployment_fixed,vad_agg3,Prolongation,4,f1,0.6576168929110106
sep28k,deployment_clean_val,vad_agg3,Prolongation,4,f1,0.66993006993007
sep28k,deployment_deg_val,vad_agg3,Prolongation,4,f1,0.6608187134502924
sep28k,matched_retraining,vad_agg3,Prolongation,4,f1,0.6572769953051644
sep28k,majority_vote_fixed,vad_agg3,Prolongation,4,f1,0.3779697624190065
sep28k,deployment_fixed,vad_agg3,Prolongation,4,precision,0.6080892608089261
sep28k,deployment_clean_val,vad_agg3,Prolongation,4,precision,0.5834348355663824
sep28k,deployment_deg_val,vad_agg3,Prolongation,4,precision,0.5955204216073782
sep28k,matched_retraining,vad_agg3,Prolongation,4,precision,0.6278026905829597
sep28k,majority_vote_fixed,vad_agg3,Prolongation,4,precision,0.24407252440725244
sep28k,deployment_fixed,vad_agg3,Prolongation,4,recall,0.715927750410509
sep28k,deployment_clean_val,vad_agg3,Prolongation,4,recall,0.7865353037766831
sep28k,deployment_deg_val,vad_agg3,Prolongation,4,recall,0.7422003284072249
sep28k,matched_retraining,vad_agg3,Prolongation,4,recall,0.6896551724137931
sep28k,majority_vote_fixed,vad_agg3,Prolongation,4,recall,0.8373205741626795
sep28k,deployment_fixed,vad_agg3,Prolongation,4,auc,0.8017915225957731
sep28k,deployment_clean_val,vad_agg3,Prolongation,4,auc,0.8017915225957731
sep28k,deployment_deg_val,vad_agg3,Prolongation,4,auc,0.8017915225957731
sep28k,matched_retraining,vad_agg3,Prolongation,4,auc,0.7979749874738937
sep28k,majority_vote_fixed,vad_agg3,Prolongation,4,auc,0.8261677492039831
sep28k,deployment_fixed,vad_agg3,Prolongation,4,pr_auc,0.7301232578551002
sep28k,deployment_clean_val,vad_agg3,Prolongation,4,pr_auc,0.7301232578551002
sep28k,deployment_deg_val,vad_agg3,Prolongation,4,pr_auc,0.7301232578551002
sep28k,matched_retraining,vad_agg3,Prolongation,4,pr_auc,0.7271026015092457
sep28k,majority_vote_fixed,vad_agg3,Prolongation,4,pr_auc,0.46305173271169064
sep28k,deployment_fixed,vad_agg3,Prolongation,4,ece,0.10294308691421733
sep28k,deployment_clean_val,vad_agg3,Prolongation,4,ece,0.10294308691421733
sep28k,deployment_deg_val,vad_agg3,Prolongation,4,ece,0.10294308691421733
sep28k,matched_retraining,vad_agg3,Prolongation,4,ece,0.09625420645483804
sep28k,majority_vote_fixed,vad_agg3,Prolongation,4,ece,0.3495024638403357
sep28k,deployment_fixed,vad_agg3,Prolongation,4,brier,0.19003722911810617
sep28k,deployment_clean_val,vad_agg3,Prolongation,4,brier,0.19003722911810617
sep28k,deployment_deg_val,vad_agg3,Prolongation,4,brier,0.19003722911810617
sep28k,matched_retraining,vad_agg3,Prolongation,4,brier,0.18323042113530952
sep28k,majority_vote_fixed,vad_agg3,Prolongation,4,brier,0.25648819026741543
sep28k,deployment_fixed,vad_agg3,SoundRep,4,f1,0.6164658634538153
sep28k,deployment_clean_val,vad_agg3,SoundRep,4,f1,0.6198267564966313
sep28k,deployment_deg_val,vad_agg3,SoundRep,4,f1,0.6194029850746269
sep28k,matched_retraining,vad_agg3,SoundRep,4,f1,0.6296992481203008
sep28k,majority_vote_fixed,vad_agg3,SoundRep,4,f1,0.38516405135520687
sep28k,deployment_fixed,vad_agg3,SoundRep,4,precision,0.5738317757009346
sep28k,deployment_clean_val,vad_agg3,SoundRep,4,precision,0.5570934256055363
sep28k,deployment_deg_val,vad_agg3,SoundRep,4,precision,0.5433715220949263
sep28k,matched_retraining,vad_agg3,SoundRep,4,precision,0.5555555555555556
sep28k,majority_vote_fixed,vad_agg3,SoundRep,4,precision,0.2523364485981308
sep28k,deployment_fixed,vad_agg3,SoundRep,4,recall,0.665943600867679
sep28k,deployment_clean_val,vad_agg3,SoundRep,4,recall,0.6984815618221258
sep28k,deployment_deg_val,vad_agg3,SoundRep,4,recall,0.720173535791757
sep28k,matched_retraining,vad_agg3,SoundRep,4,recall,0.7266811279826464
sep28k,majority_vote_fixed,vad_agg3,SoundRep,4,recall,0.8132530120481928
sep28k,deployment_fixed,vad_agg3,SoundRep,4,auc,0.8118026391584806
sep28k,deployment_clean_val,vad_agg3,SoundRep,4,auc,0.8118026391584806
sep28k,deployment_deg_val,vad_agg3,SoundRep,4,auc,0.8118026391584806
sep28k,matched_retraining,vad_agg3,SoundRep,4,auc,0.8214395029667245
sep28k,majority_vote_fixed,vad_agg3,SoundRep,4,auc,0.8386204987079237
sep28k,deployment_fixed,vad_agg3,SoundRep,4,pr_auc,0.6676948603887164
sep28k,deployment_clean_val,vad_agg3,SoundRep,4,pr_auc,0.6676948603887164
sep28k,deployment_deg_val,vad_agg3,SoundRep,4,pr_auc,0.6676948603887164
sep28k,matched_retraining,vad_agg3,SoundRep,4,pr_auc,0.6841585424190124
sep28k,majority_vote_fixed,vad_agg3,SoundRep,4,pr_auc,0.38851036148412765
sep28k,deployment_fixed,vad_agg3,SoundRep,4,ece,0.09919849773245788
sep28k,deployment_clean_val,vad_agg3,SoundRep,4,ece,0.09919849773245788
sep28k,deployment_deg_val,vad_agg3,SoundRep,4,ece,0.09919849773245788
sep28k,matched_retraining,vad_agg3,SoundRep,4,ece,0.14428185704410412
sep28k,majority_vote_fixed,vad_agg3,SoundRep,4,ece,0.27934391901178274
sep28k,deployment_fixed,vad_agg3,SoundRep,4,brier,0.16877322647414594
sep28k,deployment_clean_val,vad_agg3,SoundRep,4,brier,0.16877322647414594
sep28k,deployment_deg_val,vad_agg3,SoundRep,4,brier,0.16877322647414594
sep28k,matched_retraining,vad_agg3,SoundRep,4,brier,0.17000315765192664
sep28k,majority_vote_fixed,vad_agg3,SoundRep,4,brier,0.1982573418307334
sep28k,deployment_fixed,vad_agg3,WordRep,4,f1,0.6224677716390423
sep28k,deployment_clean_val,vad_agg3,WordRep,4,f1,0.6310583580613254
sep28k,deployment_deg_val,vad_agg3,WordRep,4,f1,0.6487119437939111
sep28k,matched_retraining,vad_agg3,WordRep,4,f1,0.6607538802660754
sep28k,majority_vote_fixed,vad_agg3,WordRep,4,f1,0.5097613882863341
sep28k,deployment_fixed,vad_agg3,WordRep,4,precision,0.5082706766917293
sep28k,deployment_clean_val,vad_agg3,WordRep,4,precision,0.5406779661016949
sep28k,deployment_deg_val,vad_agg3,WordRep,4,precision,0.6397228637413395
sep28k,matched_retraining,vad_agg3,WordRep,4,precision,0.6195426195426196
sep28k,majority_vote_fixed,vad_agg3,WordRep,4,precision,0.3533834586466165
sep28k,deployment_fixed,vad_agg3,WordRep,4,recall,0.8028503562945368
sep28k,deployment_clean_val,vad_agg3,WordRep,4,recall,0.7577197149643705
sep28k,deployment_deg_val,vad_agg3,WordRep,4,recall,0.6579572446555819
sep28k,matched_retraining,vad_agg3,WordRep,4,recall,0.7078384798099763
sep28k,majority_vote_fixed,vad_agg3,WordRep,4,recall,0.914396887159533
sep28k,deployment_fixed,vad_agg3,WordRep,4,auc,0.8430634693011478
sep28k,deployment_clean_val,vad_agg3,WordRep,4,auc,0.8430634693011478
sep28k,deployment_deg_val,vad_agg3,WordRep,4,auc,0.8430634693011478
sep28k,matched_retraining,vad_agg3,WordRep,4,auc,0.8622207115432189
sep28k,majority_vote_fixed,vad_agg3,WordRep,4,auc,0.891990800341371
sep28k,deployment_fixed,vad_agg3,WordRep,4,pr_auc,0.6855532452652894
sep28k,deployment_clean_val,vad_agg3,WordRep,4,pr_auc,0.6855532452652894
sep28k,deployment_deg_val,vad_agg3,WordRep,4,pr_auc,0.6855532452652894
sep28k,matched_retraining,vad_agg3,WordRep,4,pr_auc,0.7192127764824077
sep28k,majority_vote_fixed,vad_agg3,WordRep,4,pr_auc,0.629766355106369
sep28k,deployment_fixed,vad_agg3,WordRep,4,ece,0.2041093926919348
sep28k,deployment_clean_val,vad_agg3,WordRep,4,ece,0.2041093926919348
sep28k,deployment_deg_val,vad_agg3,WordRep,4,ece,0.2041093926919348
sep28k,matched_retraining,vad_agg3,WordRep,4,ece,0.11358334183845911
sep28k,majority_vote_fixed,vad_agg3,WordRep,4,ece,0.3064814276482395
sep28k,deployment_fixed,vad_agg3,WordRep,4,brier,0.1851400368553894
sep28k,deployment_clean_val,vad_agg3,WordRep,4,brier,0.1851400368553894
sep28k,deployment_deg_val,vad_agg3,WordRep,4,brier,0.1851400368553894
sep28k,matched_retraining,vad_agg3,WordRep,4,brier,0.13640560625003378
sep28k,majority_vote_fixed,vad_agg3,WordRep,4,brier,0.20828855690549195
sep28k,deployment_fixed,vad_agg3,Interjection,4,f1,0.7606232294617564
sep28k,deployment_clean_val,vad_agg3,Interjection,4,f1,0.7625088090204369
sep28k,deployment_deg_val,vad_agg3,Interjection,4,f1,0.7614285714285715
sep28k,matched_retraining,vad_agg3,Interjection,4,f1,0.7505518763796909
sep28k,majority_vote_fixed,vad_agg3,Interjection,4,f1,0.6795096322241682
sep28k,deployment_fixed,vad_agg3,Interjection,4,precision,0.7574047954866009
sep28k,deployment_clean_val,vad_agg3,Interjection,4,precision,0.755586592178771
sep28k,deployment_deg_val,vad_agg3,Interjection,4,precision,0.7647058823529411
sep28k,matched_retraining,vad_agg3,Interjection,4,precision,0.7774390243902439
sep28k,majority_vote_fixed,vad_agg3,Interjection,4,precision,0.5472496473906912
sep28k,deployment_fixed,vad_agg3,Interjection,4,recall,0.7638691322901849
sep28k,deployment_clean_val,vad_agg3,Interjection,4,recall,0.7695590327169275
sep28k,deployment_deg_val,vad_agg3,Interjection,4,recall,0.7581792318634424
sep28k,matched_retraining,vad_agg3,Interjection,4,recall,0.7254623044096729
sep28k,majority_vote_fixed,vad_agg3,Interjection,4,recall,0.8960739030023095
sep28k,deployment_fixed,vad_agg3,Interjection,4,auc,0.8657382867323737
sep28k,deployment_clean_val,vad_agg3,Interjection,4,auc,0.8657382867323737
sep28k,deployment_deg_val,vad_agg3,Interjection,4,auc,0.8657382867323737
sep28k,matched_retraining,vad_agg3,Interjection,4,auc,0.8665325943002893
sep28k,majority_vote_fixed,vad_agg3,Interjection,4,auc,0.9102586644592701
sep28k,deployment_fixed,vad_agg3,Interjection,4,pr_auc,0.8663041619175615
sep28k,deployment_clean_val,vad_agg3,Interjection,4,pr_auc,0.8663041619175615
sep28k,deployment_deg_val,vad_agg3,Interjection,4,pr_auc,0.8663041619175615
sep28k,matched_retraining,vad_agg3,Interjection,4,pr_auc,0.8692255865055027
sep28k,majority_vote_fixed,vad_agg3,Interjection,4,pr_auc,0.8354594591835023
sep28k,deployment_fixed,vad_agg3,Interjection,4,ece,0.06334940179627249
sep28k,deployment_clean_val,vad_agg3,Interjection,4,ece,0.06334940179627249
sep28k,deployment_deg_val,vad_agg3,Interjection,4,ece,0.06334940179627249
sep28k,matched_retraining,vad_agg3,Interjection,4,ece,0.039198430153103224
sep28k,majority_vote_fixed,vad_agg3,Interjection,4,ece,0.22024567268401646
sep28k,deployment_fixed,vad_agg3,Interjection,4,brier,0.14934900635066561
sep28k,deployment_clean_val,vad_agg3,Interjection,4,brier,0.14934900635066561
sep28k,deployment_deg_val,vad_agg3,Interjection,4,brier,0.14934900635066561
sep28k,matched_retraining,vad_agg3,Interjection,4,brier,0.14219841270381822
sep28k,majority_vote_fixed,vad_agg3,Interjection,4,brier,0.16813575976963216
sep28k,deployment_fixed,vad_zero,Block,4,f1,0.5448129851799577
sep28k,deployment_clean_val,vad_zero,Block,4,f1,0.6138952164009112
sep28k,deployment_deg_val,vad_zero,Block,4,f1,0.6563155686109945
sep28k,matched_retraining,vad_zero,Block,4,f1,0.6301020408163265
sep28k,majority_vote_fixed,vad_zero,Block,4,f1,0.3424657534246575
sep28k,deployment_fixed,vad_zero,Block,4,precision,0.6088328075709779
sep28k,deployment_clean_val,vad_zero,Block,4,precision,0.5539568345323741
sep28k,deployment_deg_val,vad_zero,Block,4,precision,0.48875
sep28k,matched_retraining,vad_zero,Block,4,precision,0.6292993630573248
sep28k,majority_vote_fixed,vad_zero,Block,4,precision,0.23659305993690852
sep28k,deployment_fixed,vad_zero,Block,4,recall,0.4929757343550447
sep28k,deployment_clean_val,vad_zero,Block,4,recall,0.6883780332056194
sep28k,deployment_deg_val,vad_zero,Block,4,recall,0.9987228607918263
sep28k,matched_retraining,vad_zero,Block,4,recall,0.6309067688378033
sep28k,majority_vote_fixed,vad_zero,Block,4,recall,0.6198347107438017
sep28k,deployment_fixed,vad_zero,Block,4,auc,0.6226435690037223
sep28k,deployment_clean_val,vad_zero,Block,4,auc,0.6226435690037223
sep28k,deployment_deg_val,vad_zero,Block,4,auc,0.6226435690037223
sep28k,matched_retraining,vad_zero,Block,4,auc,0.6749127132268894
sep28k,majority_vote_fixed,vad_zero,Block,4,auc,0.6691662615459407
sep28k,deployment_fixed,vad_zero,Block,4,pr_auc,0.611142268173405
sep28k,deployment_clean_val,vad_zero,Block,4,pr_auc,0.611142268173405
sep28k,deployment_deg_val,vad_zero,Block,4,pr_auc,0.611142268173405
sep28k,matched_retraining,vad_zero,Block,4,pr_auc,0.6529060570683631
sep28k,majority_vote_fixed,vad_zero,Block,4,pr_auc,0.27625748195460526
sep28k,deployment_fixed,vad_zero,Block,4,ece,0.07420868098836082
sep28k,deployment_clean_val,vad_zero,Block,4,ece,0.07420868098836082
sep28k,deployment_deg_val,vad_zero,Block,4,ece,0.07420868098836082
sep28k,matched_retraining,vad_zero,Block,4,ece,0.035736560689365045
sep28k,majority_vote_fixed,vad_zero,Block,4,ece,0.30213502291496075
sep28k,deployment_fixed,vad_zero,Block,4,brier,0.24814463718231314
sep28k,deployment_clean_val,vad_zero,Block,4,brier,0.24814463718231314
sep28k,deployment_deg_val,vad_zero,Block,4,brier,0.24814463718231314
sep28k,matched_retraining,vad_zero,Block,4,brier,0.22876677029236955
sep28k,majority_vote_fixed,vad_zero,Block,4,brier,0.22792706909519117
sep28k,deployment_fixed,vad_zero,Prolongation,4,f1,0.599025974025974
sep28k,deployment_clean_val,vad_zero,Prolongation,4,f1,0.6070686070686071
sep28k,deployment_deg_val,vad_zero,Prolongation,4,f1,0.6085772634445201
sep28k,matched_retraining,vad_zero,Prolongation,4,f1,0.649624060150376
sep28k,majority_vote_fixed,vad_zero,Prolongation,4,f1,0.3870192307692308
sep28k,deployment_fixed,vad_zero,Prolongation,4,precision,0.5922953451043339
sep28k,deployment_clean_val,vad_zero,Prolongation,4,precision,0.5251798561151079
sep28k,deployment_deg_val,vad_zero,Prolongation,4,precision,0.5197674418604651
sep28k,matched_retraining,vad_zero,Prolongation,4,precision,0.5991678224687933
sep28k,majority_vote_fixed,vad_zero,Prolongation,4,precision,0.25842696629213485
sep28k,deployment_fixed,vad_zero,Prolongation,4,recall,0.6059113300492611
sep28k,deployment_clean_val,vad_zero,Prolongation,4,recall,0.7192118226600985
sep28k,deployment_deg_val,vad_zero,Prolongation,4,recall,0.7339901477832512
sep28k,matched_retraining,vad_zero,Prolongation,4,recall,0.7093596059113301
sep28k,majority_vote_fixed,vad_zero,Prolongation,4,recall,0.7703349282296651
sep28k,deployment_fixed,vad_zero,Prolongation,4,auc,0.7395330532115614
sep28k,deployment_clean_val,vad_zero,Prolongation,4,auc,0.7395330532115614
sep28k,deployment_deg_val,vad_zero,Prolongation,4,auc,0.7395330532115614
sep28k,matched_retraining,vad_zero,Prolongation,4,auc,0.7983470500399347
sep28k,majority_vote_fixed,vad_zero,Prolongation,4,auc,0.7848573008583586
sep28k,deployment_fixed,vad_zero,Prolongation,4,pr_auc,0.6764086947727483
sep28k,deployment_clean_val,vad_zero,Prolongation,4,pr_auc,0.6764086947727483
sep28k,deployment_deg_val,vad_zero,Prolongation,4,pr_auc,0.6764086947727483
sep28k,matched_retraining,vad_zero,Prolongation,4,pr_auc,0.7212466220068744
sep28k,majority_vote_fixed,vad_zero,Prolongation,4,pr_auc,0.4501596431350719
sep28k,deployment_fixed,vad_zero,Prolongation,4,ece,0.08139514374662249
sep28k,deployment_clean_val,vad_zero,Prolongation,4,ece,0.08139514374662249
sep28k,deployment_deg_val,vad_zero,Prolongation,4,ece,0.08139514374662249
sep28k,matched_retraining,vad_zero,Prolongation,4,ece,0.10363243630103694
sep28k,majority_vote_fixed,vad_zero,Prolongation,4,ece,0.324507770119665
sep28k,deployment_fixed,vad_zero,Prolongation,4,brier,0.20090194944615253
sep28k,deployment_clean_val,vad_zero,Prolongation,4,brier,0.20090194944615253
sep28k,deployment_deg_val,vad_zero,Prolongation,4,brier,0.20090194944615253
sep28k,matched_retraining,vad_zero,Prolongation,4,brier,0.18532388706233888
sep28k,majority_vote_fixed,vad_zero,Prolongation,4,brier,0.21813712784341782
sep28k,deployment_fixed,vad_zero,SoundRep,4,f1,0.5906183368869936
sep28k,deployment_clean_val,vad_zero,SoundRep,4,f1,0.6004016064257028
sep28k,deployment_deg_val,vad_zero,SoundRep,4,f1,0.59846547314578
sep28k,matched_retraining,vad_zero,SoundRep,4,f1,0.6312849162011173
sep28k,majority_vote_fixed,vad_zero,SoundRep,4,f1,0.38258164852255055
sep28k,deployment_fixed,vad_zero,SoundRep,4,precision,0.5807127882599581
sep28k,deployment_clean_val,vad_zero,SoundRep,4,precision,0.5588785046728972
sep28k,deployment_deg_val,vad_zero,SoundRep,4,precision,0.49297752808988765
sep28k,matched_retraining,vad_zero,SoundRep,4,precision,0.5530179445350734
sep28k,majority_vote_fixed,vad_zero,SoundRep,4,precision,0.2578616352201258
sep28k,deployment_fixed,vad_zero,SoundRep,4,recall,0.6008676789587852
sep28k,deployment_clean_val,vad_zero,SoundRep,4,recall,0.648590021691974
sep28k,deployment_deg_val,vad_zero,SoundRep,4,recall,0.7613882863340564
sep28k,matched_retraining,vad_zero,SoundRep,4,recall,0.735357917570499
sep28k,majority_vote_fixed,vad_zero,SoundRep,4,recall,0.7409638554216867
sep28k,deployment_fixed,vad_zero,SoundRep,4,auc,0.7845213222028095
sep28k,deployment_clean_val,vad_zero,SoundRep,4,auc,0.7845213222028095
sep28k,deployment_deg_val,vad_zero,SoundRep,4,auc,0.7845213222028095
sep28k,matched_retraining,vad_zero,SoundRep,4,auc,0.8211182108018807
sep28k,majority_vote_fixed,vad_zero,SoundRep,4,auc,0.8095068295465987
sep28k,deployment_fixed,vad_zero,SoundRep,4,pr_auc,0.6344067916931161
sep28k,deployment_clean_val,vad_zero,SoundRep,4,pr_auc,0.6344067916931161
sep28k,deployment_deg_val,vad_zero,SoundRep,4,pr_auc,0.6344067916931161
sep28k,matched_retraining,vad_zero,SoundRep,4,pr_auc,0.6724855483848431
sep28k,majority_vote_fixed,vad_zero,SoundRep,4,pr_auc,0.3703808021123093
sep28k,deployment_fixed,vad_zero,SoundRep,4,ece,0.09300842419641336
sep28k,deployment_clean_val,vad_zero,SoundRep,4,ece,0.09300842419641336
sep28k,deployment_deg_val,vad_zero,SoundRep,4,ece,0.09300842419641336
sep28k,matched_retraining,vad_zero,SoundRep,4,ece,0.1518011722295529
sep28k,majority_vote_fixed,vad_zero,SoundRep,4,ece,0.26958965431808035
sep28k,deployment_fixed,vad_zero,SoundRep,4,brier,0.1665516186724609
sep28k,deployment_clean_val,vad_zero,SoundRep,4,brier,0.1665516186724609
sep28k,deployment_deg_val,vad_zero,SoundRep,4,brier,0.1665516186724609
sep28k,matched_retraining,vad_zero,SoundRep,4,brier,0.17271236592765912
sep28k,majority_vote_fixed,vad_zero,SoundRep,4,brier,0.17430373529124146
sep28k,deployment_fixed,vad_zero,WordRep,4,f1,0.5911602209944752
sep28k,deployment_clean_val,vad_zero,WordRep,4,f1,0.5487256371814093
sep28k,deployment_deg_val,vad_zero,WordRep,4,f1,0.5911602209944752
sep28k,matched_retraining,vad_zero,WordRep,4,f1,0.6415094339622641
sep28k,majority_vote_fixed,vad_zero,WordRep,4,f1,0.5714285714285714
sep28k,deployment_fixed,vad_zero,WordRep,4,precision,0.7062706270627063
sep28k,deployment_clean_val,vad_zero,WordRep,4,precision,0.7439024390243902
sep28k,deployment_deg_val,vad_zero,WordRep,4,precision,0.7062706270627063
sep28k,matched_retraining,vad_zero,WordRep,4,precision,0.6020833333333333
sep28k,majority_vote_fixed,vad_zero,WordRep,4,precision,0.528052805280528
sep28k,deployment_fixed,vad_zero,WordRep,4,recall,0.5083135391923991
sep28k,deployment_clean_val,vad_zero,WordRep,4,recall,0.4346793349168646
sep28k,deployment_deg_val,vad_zero,WordRep,4,recall,0.5083135391923991
sep28k,matched_retraining,vad_zero,WordRep,4,recall,0.6864608076009501
sep28k,majority_vote_fixed,vad_zero,WordRep,4,recall,0.622568093385214
sep28k,deployment_fixed,vad_zero,WordRep,4,auc,0.8033853511959952
sep28k,deployment_clean_val,vad_zero,WordRep,4,auc,0.8033853511959952
sep28k,deployment_deg_val,vad_zero,WordRep,4,auc,0.8033853511959952
sep28k,matched_retraining,vad_zero,WordRep,4,auc,0.8440127835623823
sep28k,majority_vote_fixed,vad_zero,WordRep,4,auc,0.8499356313193409
sep28k,deployment_fixed,vad_zero,WordRep,4,pr_auc,0.6516212645603965
sep28k,deployment_clean_val,vad_zero,WordRep,4,pr_auc,0.6516212645603965
sep28k,deployment_deg_val,vad_zero,WordRep,4,pr_auc,0.6516212645603965
sep28k,matched_retraining,vad_zero,WordRep,4,pr_auc,0.6887699494495696
sep28k,majority_vote_fixed,vad_zero,WordRep,4,pr_auc,0.5720650521670432
sep28k,deployment_fixed,vad_zero,WordRep,4,ece,0.04357348400818276
sep28k,deployment_clean_val,vad_zero,WordRep,4,ece,0.04357348400818276
sep28k,deployment_deg_val,vad_zero,WordRep,4,ece,0.04357348400818276
sep28k,matched_retraining,vad_zero,WordRep,4,ece,0.13057627986000808
sep28k,majority_vote_fixed,vad_zero,WordRep,4,ece,0.11872867650579884
sep28k,deployment_fixed,vad_zero,WordRep,4,brier,0.13939064907203497
sep28k,deployment_clean_val,vad_zero,WordRep,4,brier,0.13939064907203497
sep28k,deployment_deg_val,vad_zero,WordRep,4,brier,0.13939064907203497
sep28k,matched_retraining,vad_zero,WordRep,4,brier,0.14756245887008143
sep28k,majority_vote_fixed,vad_zero,WordRep,4,brier,0.11401063577777852
sep28k,deployment_fixed,vad_zero,Interjection,4,f1,0.7075252133436772
sep28k,deployment_clean_val,vad_zero,Interjection,4,f1,0.7111111111111111
sep28k,deployment_deg_val,vad_zero,Interjection,4,f1,0.734020618556701
sep28k,matched_retraining,vad_zero,Interjection,4,f1,0.7323121808898614
sep28k,majority_vote_fixed,vad_zero,Interjection,4,f1,0.6908734052993131
sep28k,deployment_fixed,vad_zero,Interjection,4,precision,0.7781569965870307
sep28k,deployment_clean_val,vad_zero,Interjection,4,precision,0.770764119601329
sep28k,deployment_deg_val,vad_zero,Interjection,4,precision,0.7101063829787234
sep28k,matched_retraining,vad_zero,Interjection,4,precision,0.7514970059880239
sep28k,majority_vote_fixed,vad_zero,Interjection,4,precision,0.6006825938566553
sep28k,deployment_fixed,vad_zero,Interjection,4,recall,0.6486486486486487
sep28k,deployment_clean_val,vad_zero,Interjection,4,recall,0.6600284495021337
sep28k,deployment_deg_val,vad_zero,Interjection,4,recall,0.7596017069701281
sep28k,matched_retraining,vad_zero,Interjection,4,recall,0.7140825035561877
sep28k,majority_vote_fixed,vad_zero,Interjection,4,recall,0.812933025404157
sep28k,deployment_fixed,vad_zero,Interjection,4,auc,0.8377001789565457
sep28k,deployment_clean_val,vad_zero,Interjection,4,auc,0.8377001789565457
sep28k,deployment_deg_val,vad_zero,Interjection,4,auc,0.8377001789565457
sep28k,matched_retraining,vad_zero,Interjection,4,auc,0.8521638552081734
sep28k,majority_vote_fixed,vad_zero,Interjection,4,auc,0.8912791375348941
sep28k,deployment_fixed,vad_zero,Interjection,4,pr_auc,0.8353440991436646
sep28k,deployment_clean_val,vad_zero,Interjection,4,pr_auc,0.8353440991436646
sep28k,deployment_deg_val,vad_zero,Interjection,4,pr_auc,0.8353440991436646
sep28k,matched_retraining,vad_zero,Interjection,4,pr_auc,0.8526995748959414
sep28k,majority_vote_fixed,vad_zero,Interjection,4,pr_auc,0.7993418202903466
sep28k,deployment_fixed,vad_zero,Interjection,4,ece,0.02836480452792777
sep28k,deployment_clean_val,vad_zero,Interjection,4,ece,0.02836480452792777
sep28k,deployment_deg_val,vad_zero,Interjection,4,ece,0.02836480452792777
sep28k,matched_retraining,vad_zero,Interjection,4,ece,0.053376011000037256
sep28k,majority_vote_fixed,vad_zero,Interjection,4,ece,0.16700317393921843
sep28k,deployment_fixed,vad_zero,Interjection,4,brier,0.15780456044298072
sep28k,deployment_clean_val,vad_zero,Interjection,4,brier,0.15780456044298072
sep28k,deployment_deg_val,vad_zero,Interjection,4,brier,0.15780456044298072
sep28k,matched_retraining,vad_zero,Interjection,4,brier,0.1517535238439185
sep28k,majority_vote_fixed,vad_zero,Interjection,4,brier,0.14223845932285947
sep28k,deployment_fixed,denoise,Block,4,f1,0.550486163051608
sep28k,deployment_clean_val,denoise,Block,4,f1,0.642726719415703
sep28k,deployment_deg_val,denoise,Block,4,f1,0.6809965803615047
sep28k,matched_retraining,denoise,Block,4,f1,0.6608910891089109
sep28k,majority_vote_fixed,denoise,Block,4,f1,0.3768844221105528
sep28k,deployment_fixed,denoise,Block,4,precision,0.6642599277978339
sep28k,deployment_clean_val,denoise,Block,4,precision,0.6139534883720931
sep28k,deployment_deg_val,denoise,Block,4,precision,0.5514240506329114
sep28k,matched_retraining,denoise,Block,4,precision,0.6410564225690276
sep28k,majority_vote_fixed,denoise,Block,4,precision,0.27075812274368233
sep28k,deployment_fixed,denoise,Block,4,recall,0.46998722860791825
sep28k,deployment_clean_val,denoise,Block,4,recall,0.6743295019157088
sep28k,deployment_deg_val,denoise,Block,4,recall,0.8901660280970626
sep28k,matched_retraining,denoise,Block,4,recall,0.6819923371647509
sep28k,majority_vote_fixed,denoise,Block,4,recall,0.6198347107438017
sep28k,deployment_fixed,denoise,Block,4,auc,0.6822496362726248
sep28k,deployment_clean_val,denoise,Block,4,auc,0.6822496362726248
sep28k,deployment_deg_val,denoise,Block,4,auc,0.6822496362726248
sep28k,matched_retraining,denoise,Block,4,auc,0.7090040653259043
sep28k,majority_vote_fixed,denoise,Block,4,auc,0.7384662129314536
sep28k,deployment_fixed,denoise,Block,4,pr_auc,0.656864482042183
sep28k,deployment_clean_val,denoise,Block,4,pr_auc,0.656864482042183
sep28k,deployment_deg_val,denoise,Block,4,pr_auc,0.656864482042183
sep28k,matched_retraining,denoise,Block,4,pr_auc,0.6670362142024726
sep28k,majority_vote_fixed,denoise,Block,4,pr_auc,0.32633908366365
sep28k,deployment_fixed,denoise,Block,4,ece,0.06895110652116007
sep28k,deployment_clean_val,denoise,Block,4,ece,0.06895110652116007
sep28k,deployment_deg_val,denoise,Block,4,ece,0.06895110652116007
sep28k,matched_retraining,denoise,Block,4,ece,0.0410590225631801
sep28k,majority_vote_fixed,denoise,Block,4,ece,0.2742623756821663
sep28k,deployment_fixed,denoise,Block,4,brier,0.2305682146038416
sep28k,deployment_clean_val,denoise,Block,4,brier,0.2305682146038416
sep28k,deployment_deg_val,denoise,Block,4,brier,0.2305682146038416
sep28k,matched_retraining,denoise,Block,4,brier,0.21884429667297126
sep28k,majority_vote_fixed,denoise,Block,4,brier,0.1990857096287839
sep28k,deployment_fixed,denoise,Prolongation,4,f1,0.6387900355871886
sep28k,deployment_clean_val,denoise,Prolongation,4,f1,0.6697459584295612
sep28k,deployment_deg_val,denoise,Prolongation,4,f1,0.6619446233097231
sep28k,matched_retraining,denoise,Prolongation,4,f1,0.6777609682299546
sep28k,majority_vote_fixed,denoise,Prolongation,4,f1,0.46408839779005523
sep28k,deployment_fixed,denoise,Prolongation,4,precision,0.6970873786407767
sep28k,deployment_clean_val,denoise,Prolongation,4,precision,0.6304347826086957
sep28k,deployment_deg_val,denoise,Prolongation,4,precision,0.5444915254237288
sep28k,matched_retraining,denoise,Prolongation,4,precision,0.6283309957924264
sep28k,majority_vote_fixed,denoise,Prolongation,4,precision,0.3262135922330097
sep28k,deployment_fixed,denoise,Prolongation,4,recall,0.5894909688013136
sep28k,deployment_clean_val,denoise,Prolongation,4,recall,0.7142857142857143
sep28k,deployment_deg_val,denoise,Prolongation,4,recall,0.8440065681444991
sep28k,matched_retraining,denoise,Prolongation,4,recall,0.735632183908046
sep28k,majority_vote_fixed,denoise,Prolongation,4,recall,0.8038277511961722
sep28k,deployment_fixed,denoise,Prolongation,4,auc,0.8057783796923291
sep28k,deployment_clean_val,denoise,Prolongation,4,auc,0.8057783796923291
sep28k,deployment_deg_val,denoise,Prolongation,4,auc,0.8057783796923291
sep28k,matched_retraining,denoise,Prolongation,4,auc,0.8148732424177783
sep28k,majority_vote_fixed,denoise,Prolongation,4,auc,0.8564112428169556
sep28k,deployment_fixed,denoise,Prolongation,4,pr_auc,0.7268628813872714
sep28k,deployment_clean_val,denoise,Prolongation,4,pr_auc,0.7268628813872714
sep28k,deployment_deg_val,denoise,Prolongation,4,pr_auc,0.7268628813872714
sep28k,matched_retraining,denoise,Prolongation,4,pr_auc,0.739261584359594
sep28k,majority_vote_fixed,denoise,Prolongation,4,pr_auc,0.49942358166293555
sep28k,deployment_fixed,denoise,Prolongation,4,ece,0.023663047173327886
sep28k,deployment_clean_val,denoise,Prolongation,4,ece,0.023663047173327886
sep28k,deployment_deg_val,denoise,Prolongation,4,ece,0.023663047173327886
sep28k,matched_retraining,denoise,Prolongation,4,ece,0.10252929371224853
sep28k,majority_vote_fixed,denoise,Prolongation,4,ece,0.27144297238995485
sep28k,deployment_fixed,denoise,Prolongation,4,brier,0.17172258344375563
sep28k,deployment_clean_val,denoise,Prolongation,4,brier,0.17172258344375563
sep28k,deployment_deg_val,denoise,Prolongation,4,brier,0.17172258344375563
sep28k,matched_retraining,denoise,Prolongation,4,brier,0.17816477150127277
sep28k,majority_vote_fixed,denoise,Prolongation,4,brier,0.17329198937991952
sep28k,deployment_fixed,denoise,SoundRep,4,f1,0.6220472440944882
sep28k,deployment_clean_val,denoise,SoundRep,4,f1,0.6319634703196347
sep28k,deployment_deg_val,denoise,SoundRep,4,f1,0.6317757009345795
sep28k,matched_retraining,denoise,SoundRep,4,f1,0.6433823529411765
sep28k,majority_vote_fixed,denoise,SoundRep,4,f1,0.3855755894590846
sep28k,deployment_fixed,denoise,SoundRep,4,precision,0.5693693693693693
sep28k,deployment_clean_val,denoise,SoundRep,4,precision,0.5457413249211357
sep28k,deployment_deg_val,denoise,SoundRep,4,precision,0.555008210180624
sep28k,matched_retraining,denoise,SoundRep,4,precision,0.5582137161084529
sep28k,majority_vote_fixed,denoise,SoundRep,4,precision,0.25045045045045045
sep28k,deployment_fixed,denoise,SoundRep,4,recall,0.6854663774403471
sep28k,deployment_clean_val,denoise,SoundRep,4,recall,0.7505422993492408
sep28k,deployment_deg_val,denoise,SoundRep,4,recall,0.7331887201735358
sep28k,matched_retraining,denoise,SoundRep,4,recall,0.7592190889370932
sep28k,majority_vote_fixed,denoise,SoundRep,4,recall,0.8373493975903614
sep28k,deployment_fixed,denoise,SoundRep,4,auc,0.8227893102864825
sep28k,deployment_clean_val,denoise,SoundRep,4,auc,0.8227893102864825
sep28k,deployment_deg_val,denoise,SoundRep,4,auc,0.8227893102864825
sep28k,matched_retraining,denoise,SoundRep,4,auc,0.8364565846832991
sep28k,majority_vote_fixed,denoise,SoundRep,4,auc,0.8611898848877404
sep28k,deployment_fixed,denoise,SoundRep,4,pr_auc,0.6741439214944859
sep28k,deployment_clean_val,denoise,SoundRep,4,pr_auc,0.6741439214944859
sep28k,deployment_deg_val,denoise,SoundRep,4,pr_auc,0.6741439214944859
sep28k,matched_retraining,denoise,SoundRep,4,pr_auc,0.6916313286779894
sep28k,majority_vote_fixed,denoise,SoundRep,4,pr_auc,0.42152712098733924
sep28k,deployment_fixed,denoise,SoundRep,4,ece,0.1283916841640162
sep28k,deployment_clean_val,denoise,SoundRep,4,ece,0.1283916841640162
sep28k,deployment_deg_val,denoise,SoundRep,4,ece,0.1283916841640162
sep28k,matched_retraining,denoise,SoundRep,4,ece,0.15475320232152284
sep28k,majority_vote_fixed,denoise,SoundRep,4,ece,0.31253650314029585
sep28k,deployment_fixed,denoise,SoundRep,4,brier,0.16467118431682665
sep28k,deployment_clean_val,denoise,SoundRep,4,brier,0.16467118431682665
sep28k,deployment_deg_val,denoise,SoundRep,4,brier,0.16467118431682665
sep28k,matched_retraining,denoise,SoundRep,4,brier,0.16881034286161659
sep28k,majority_vote_fixed,denoise,SoundRep,4,brier,0.19272047704685016
sep28k,deployment_fixed,denoise,WordRep,4,f1,0.6399082568807339
sep28k,deployment_clean_val,denoise,WordRep,4,f1,0.6155844155844156
sep28k,deployment_deg_val,denoise,WordRep,4,f1,0.638755980861244
sep28k,matched_retraining,denoise,WordRep,4,f1,0.6688741721854304
sep28k,majority_vote_fixed,denoise,WordRep,4,f1,0.576271186440678
sep28k,deployment_fixed,denoise,WordRep,4,precision,0.6186252771618626
sep28k,deployment_clean_val,denoise,WordRep,4,precision,0.6790830945558739
sep28k,deployment_deg_val,denoise,WordRep,4,precision,0.6433734939759036
sep28k,matched_retraining,denoise,WordRep,4,precision,0.6247422680412371
sep28k,majority_vote_fixed,denoise,WordRep,4,precision,0.4523281596452328
sep28k,deployment_fixed,denoise,WordRep,4,recall,0.66270783847981
sep28k,deployment_clean_val,denoise,WordRep,4,recall,0.5629453681710214
sep28k,deployment_deg_val,denoise,WordRep,4,recall,0.6342042755344418
sep28k,matched_retraining,denoise,WordRep,4,recall,0.7197149643705463
sep28k,majority_vote_fixed,denoise,WordRep,4,recall,0.7937743190661478
sep28k,deployment_fixed,denoise,WordRep,4,auc,0.8457706239528882
sep28k,deployment_clean_val,denoise,WordRep,4,auc,0.8457706239528882
sep28k,deployment_deg_val,denoise,WordRep,4,auc,0.8457706239528882
sep28k,matched_retraining,denoise,WordRep,4,auc,0.8511024716362195
sep28k,majority_vote_fixed,denoise,WordRep,4,auc,0.8907757510884817
sep28k,deployment_fixed,denoise,WordRep,4,pr_auc,0.7059388213615945
sep28k,deployment_clean_val,denoise,WordRep,4,pr_auc,0.7059388213615945
sep28k,deployment_deg_val,denoise,WordRep,4,pr_auc,0.7059388213615945
sep28k,matched_retraining,denoise,WordRep,4,pr_auc,0.7038220408079671
sep28k,majority_vote_fixed,denoise,WordRep,4,pr_auc,0.6578090135752027
sep28k,deployment_fixed,denoise,WordRep,4,ece,0.12286820845981372
sep28k,deployment_clean_val,denoise,WordRep,4,ece,0.12286820845981372
sep28k,deployment_deg_val,denoise,WordRep,4,ece,0.12286820845981372
sep28k,matched_retraining,denoise,WordRep,4,ece,0.12677537373701508
sep28k,majority_vote_fixed,denoise,WordRep,4,ece,0.2239166950449454
sep28k,deployment_fixed,denoise,WordRep,4,brier,0.14455048779867088
sep28k,deployment_clean_val,denoise,WordRep,4,brier,0.14455048779867088
sep28k,deployment_deg_val,denoise,WordRep,4,brier,0.14455048779867088
sep28k,matched_retraining,denoise,WordRep,4,brier,0.1444642732487006
sep28k,majority_vote_fixed,denoise,WordRep,4,brier,0.1421894373926622
sep28k,deployment_fixed,denoise,Interjection,4,f1,0.7351778656126482
sep28k,deployment_clean_val,denoise,Interjection,4,f1,0.7392325763508223
sep28k,deployment_deg_val,denoise,Interjection,4,f1,0.745275888133031
sep28k,matched_retraining,denoise,Interjection,4,f1,0.7592727272727273
sep28k,majority_vote_fixed,denoise,Interjection,4,f1,0.7236180904522613
sep28k,deployment_fixed,denoise,Interjection,4,precision,0.8274021352313167
sep28k,deployment_clean_val,denoise,Interjection,4,precision,0.8222996515679443
sep28k,deployment_deg_val,denoise,Interjection,4,precision,0.7951612903225806
sep28k,matched_retraining,denoise,Interjection,4,precision,0.7767857142857143
sep28k,majority_vote_fixed,denoise,Interjection,4,precision,0.6405693950177936
sep28k,deployment_fixed,denoise,Interjection,4,recall,0.6614509246088194
sep28k,deployment_clean_val,denoise,Interjection,4,recall,0.6714082503556188
sep28k,deployment_deg_val,denoise,Interjection,4,recall,0.701280227596017
sep28k,matched_retraining,denoise,Interjection,4,recall,0.7425320056899004
sep28k,majority_vote_fixed,denoise,Interjection,4,recall,0.8314087759815243
sep28k,deployment_fixed,denoise,Interjection,4,auc,0.8612920630952363
sep28k,deployment_clean_val,denoise,Interjection,4,auc,0.8612920630952363
sep28k,deployment_deg_val,denoise,Interjection,4,auc,0.8612920630952363
sep28k,matched_retraining,denoise,Interjection,4,auc,0.8683680460508515
sep28k,majority_vote_fixed,denoise,Interjection,4,auc,0.9061652346906319
sep28k,deployment_fixed,denoise,Interjection,4,pr_auc,0.8631408344550758
sep28k,deployment_clean_val,denoise,Interjection,4,pr_auc,0.8631408344550758
sep28k,deployment_deg_val,denoise,Interjection,4,pr_auc,0.8631408344550758
sep28k,matched_retraining,denoise,Interjection,4,pr_auc,0.869760652914133
sep28k,majority_vote_fixed,denoise,Interjection,4,pr_auc,0.8267015290140811
sep28k,deployment_fixed,denoise,Interjection,4,ece,0.030152742296550107
sep28k,deployment_clean_val,denoise,Interjection,4,ece,0.030152742296550107
sep28k,deployment_deg_val,denoise,Interjection,4,ece,0.030152742296550107
sep28k,matched_retraining,denoise,Interjection,4,ece,0.05375941819751053
sep28k,majority_vote_fixed,denoise,Interjection,4,ece,0.16861623793880876
sep28k,deployment_fixed,denoise,Interjection,4,brier,0.14475197830084668
sep28k,deployment_clean_val,denoise,Interjection,4,brier,0.14475197830084668
sep28k,deployment_deg_val,denoise,Interjection,4,brier,0.14475197830084668
sep28k,matched_retraining,denoise,Interjection,4,brier,0.1437397920392335
sep28k,majority_vote_fixed,denoise,Interjection,4,brier,0.13377079660975563
sep28k,deployment_fixed,full_chain_novad,Block,4,f1,0.5535714285714286
sep28k,deployment_clean_val,full_chain_novad,Block,4,f1,0.6602525556223692
sep28k,deployment_deg_val,full_chain_novad,Block,4,f1,0.6854684512428298
sep28k,matched_retraining,full_chain_novad,Block,4,f1,0.6425855513307985
sep28k,majority_vote_fixed,full_chain_novad,Block,4,f1,0.3686176836861768
sep28k,deployment_fixed,full_chain_novad,Block,4,precision,0.6631016042780749
sep28k,deployment_clean_val,full_chain_novad,Block,4,precision,0.6238636363636364
sep28k,deployment_deg_val,full_chain_novad,Block,4,precision,0.5477463712757831
sep28k,matched_retraining,full_chain_novad,Block,4,precision,0.6377358490566037
sep28k,majority_vote_fixed,full_chain_novad,Block,4,precision,0.2638146167557932
sep28k,deployment_fixed,full_chain_novad,Block,4,recall,0.47509578544061304
sep28k,deployment_clean_val,full_chain_novad,Block,4,recall,0.7011494252873564
sep28k,deployment_deg_val,full_chain_novad,Block,4,recall,0.9157088122605364
sep28k,matched_retraining,full_chain_novad,Block,4,recall,0.6475095785440613
sep28k,majority_vote_fixed,full_chain_novad,Block,4,recall,0.6115702479338843
sep28k,deployment_fixed,full_chain_novad,Block,4,auc,0.6930655551345206
sep28k,deployment_clean_val,full_chain_novad,Block,4,auc,0.6930655551345206
sep28k,deployment_deg_val,full_chain_novad,Block,4,auc,0.6930655551345206
sep28k,matched_retraining,full_chain_novad,Block,4,auc,0.7058447441589204
sep28k,majority_vote_fixed,full_chain_novad,Block,4,auc,0.7404685221195916
sep28k,deployment_fixed,full_chain_novad,Block,4,pr_auc,0.6663228754936669
sep28k,deployment_clean_val,full_chain_novad,Block,4,pr_auc,0.6663228754936669
sep28k,deployment_deg_val,full_chain_novad,Block,4,pr_auc,0.6663228754936669
sep28k,matched_retraining,full_chain_novad,Block,4,pr_auc,0.6679901320699466
sep28k,majority_vote_fixed,full_chain_novad,Block,4,pr_auc,0.32592342765954535
sep28k,deployment_fixed,full_chain_novad,Block,4,ece,0.06889675866570656
sep28k,deployment_clean_val,full_chain_novad,Block,4,ece,0.06889675866570656
sep28k,deployment_deg_val,full_chain_novad,Block,4,ece,0.06889675866570656
sep28k,matched_retraining,full_chain_novad,Block,4,ece,0.04017149566468843
sep28k,majority_vote_fixed,full_chain_novad,Block,4,ece,0.2777626722760288
sep28k,deployment_fixed,full_chain_novad,Block,4,brier,0.2267525578125658
sep28k,deployment_clean_val,full_chain_novad,Block,4,brier,0.2267525578125658
sep28k,deployment_deg_val,full_chain_novad,Block,4,brier,0.2267525578125658
sep28k,matched_retraining,full_chain_novad,Block,4,brier,0.2196198701398154
sep28k,majority_vote_fixed,full_chain_novad,Block,4,brier,0.200452635991113
sep28k,deployment_fixed,full_chain_novad,Prolongation,4,f1,0.6331569664902998
sep28k,deployment_clean_val,full_chain_novad,Prolongation,4,f1,0.6686976389946687
sep28k,deployment_deg_val,full_chain_novad,Prolongation,4,f1,0.6755805770584096
sep28k,matched_retraining,full_chain_novad,Prolongation,4,f1,0.6651305683563749
sep28k,majority_vote_fixed,full_chain_novad,Prolongation,4,f1,0.4550408719346049
sep28k,deployment_fixed,full_chain_novad,Prolongation,4,precision,0.6838095238095238
sep28k,deployment_clean_val,full_chain_novad,Prolongation,4,precision,0.6235795454545454
sep28k,deployment_deg_val,full_chain_novad,Prolongation,4,precision,0.5911330049261084
sep28k,matched_retraining,full_chain_novad,Prolongation,4,precision,0.6248196248196248
sep28k,majority_vote_fixed,full_chain_novad,Prolongation,4,precision,0.3180952380952381
sep28k,deployment_fixed,full_chain_novad,Prolongation,4,recall,0.5894909688013136
sep28k,deployment_clean_val,full_chain_novad,Prolongation,4,recall,0.7208538587848933
sep28k,deployment_deg_val,full_chain_novad,Prolongation,4,recall,0.7881773399014779
sep28k,matched_retraining,full_chain_novad,Prolongation,4,recall,0.7110016420361248
sep28k,majority_vote_fixed,full_chain_novad,Prolongation,4,recall,0.7990430622009569
sep28k,deployment_fixed,full_chain_novad,Prolongation,4,auc,0.8055799463237738
sep28k,deployment_clean_val,full_chain_novad,Prolongation,4,auc,0.8055799463237738
sep28k,deployment_deg_val,full_chain_novad,Prolongation,4,auc,0.8055799463237738
sep28k,matched_retraining,full_chain_novad,Prolongation,4,auc,0.8101191096294752
sep28k,majority_vote_fixed,full_chain_novad,Prolongation,4,auc,0.8552743210241226
sep28k,deployment_fixed,full_chain_novad,Prolongation,4,pr_auc,0.7259541748185003
sep28k,deployment_clean_val,full_chain_novad,Prolongation,4,pr_auc,0.7259541748185003
sep28k,deployment_deg_val,full_chain_novad,Prolongation,4,pr_auc,0.7259541748185003
sep28k,matched_retraining,full_chain_novad,Prolongation,4,pr_auc,0.7325224185833847
sep28k,majority_vote_fixed,full_chain_novad,Prolongation,4,pr_auc,0.4836432141581688
sep28k,deployment_fixed,full_chain_novad,Prolongation,4,ece,0.02785464198945059
sep28k,deployment_clean_val,full_chain_novad,Prolongation,4,ece,0.02785464198945059
sep28k,deployment_deg_val,full_chain_novad,Prolongation,4,ece,0.02785464198945059
sep28k,matched_retraining,full_chain_novad,Prolongation,4,ece,0.09864513087508489
sep28k,majority_vote_fixed,full_chain_novad,Prolongation,4,ece,0.27425959583202475
sep28k,deployment_fixed,full_chain_novad,Prolongation,4,brier,0.17197959787646522
sep28k,deployment_clean_val,full_chain_novad,Prolongation,4,brier,0.17197959787646522
sep28k,deployment_deg_val,full_chain_novad,Prolongation,4,brier,0.17197959787646522
sep28k,matched_retraining,full_chain_novad,Prolongation,4,brier,0.17952171529689384
sep28k,majority_vote_fixed,full_chain_novad,Prolongation,4,brier,0.17559963954846303
sep28k,deployment_fixed,full_chain_novad,SoundRep,4,f1,0.6291913214990138
sep28k,deployment_clean_val,full_chain_novad,SoundRep,4,f1,0.6429872495446266
sep28k,deployment_deg_val,full_chain_novad,SoundRep,4,f1,0.6436170212765957
sep28k,matched_retraining,full_chain_novad,SoundRep,4,f1,0.6506024096385542
sep28k,majority_vote_fixed,full_chain_novad,SoundRep,4,f1,0.38386648122392214
sep28k,deployment_fixed,full_chain_novad,SoundRep,4,precision,0.5768535262206148
sep28k,deployment_clean_val,full_chain_novad,SoundRep,4,precision,0.554160125588697
sep28k,deployment_deg_val,full_chain_novad,SoundRep,4,precision,0.5442278860569715
sep28k,matched_retraining,full_chain_novad,SoundRep,4,precision,0.5679611650485437
sep28k,majority_vote_fixed,full_chain_novad,SoundRep,4,precision,0.24954792043399637
sep28k,deployment_fixed,full_chain_novad,SoundRep,4,recall,0.6919739696312365
sep28k,deployment_clean_val,full_chain_novad,SoundRep,4,recall,0.7657266811279827
sep28k,deployment_deg_val,full_chain_novad,SoundRep,4,recall,0.7874186550976139
sep28k,matched_retraining,full_chain_novad,SoundRep,4,recall,0.7613882863340564
sep28k,majority_vote_fixed,full_chain_novad,SoundRep,4,recall,0.8313253012048193
sep28k,deployment_fixed,full_chain_novad,SoundRep,4,auc,0.8294052672903663
sep28k,deployment_clean_val,full_chain_novad,SoundRep,4,auc,0.8294052672903663
sep28k,deployment_deg_val,full_chain_novad,SoundRep,4,auc,0.8294052672903663
sep28k,matched_retraining,full_chain_novad,SoundRep,4,auc,0.8392778720953002
sep28k,majority_vote_fixed,full_chain_novad,SoundRep,4,auc,0.865372352921435
sep28k,deployment_fixed,full_chain_novad,SoundRep,4,pr_auc,0.6788016774838876
sep28k,deployment_clean_val,full_chain_novad,SoundRep,4,pr_auc,0.6788016774838876
sep28k,deployment_deg_val,full_chain_novad,SoundRep,4,pr_auc,0.6788016774838876
sep28k,matched_retraining,full_chain_novad,SoundRep,4,pr_auc,0.6934759292505085
sep28k,majority_vote_fixed,full_chain_novad,SoundRep,4,pr_auc,0.42391769115389255
sep28k,deployment_fixed,full_chain_novad,SoundRep,4,ece,0.12833450815466874
sep28k,deployment_clean_val,full_chain_novad,SoundRep,4,ece,0.12833450815466874
sep28k,deployment_deg_val,full_chain_novad,SoundRep,4,ece,0.12833450815466874
sep28k,matched_retraining,full_chain_novad,SoundRep,4,ece,0.14873764461548006
sep28k,majority_vote_fixed,full_chain_novad,SoundRep,4,ece,0.31247932713094834
sep28k,deployment_fixed,full_chain_novad,SoundRep,4,brier,0.16245810760047513
sep28k,deployment_clean_val,full_chain_novad,SoundRep,4,brier,0.16245810760047513
sep28k,deployment_deg_val,full_chain_novad,SoundRep,4,brier,0.16245810760047513
sep28k,matched_retraining,full_chain_novad,SoundRep,4,brier,0.16550128482326693
sep28k,majority_vote_fixed,full_chain_novad,SoundRep,4,brier,0.19215326464593327
sep28k,deployment_fixed,full_chain_novad,WordRep,4,f1,0.6463276836158192
sep28k,deployment_clean_val,full_chain_novad,WordRep,4,f1,0.6370558375634517
sep28k,deployment_deg_val,full_chain_novad,WordRep,4,f1,0.616600790513834
sep28k,matched_retraining,full_chain_novad,WordRep,4,f1,0.6741321388577828
sep28k,majority_vote_fixed,full_chain_novad,WordRep,4,f1,0.5714285714285714
sep28k,deployment_fixed,full_chain_novad,WordRep,4,precision,0.6163793103448276
sep28k,deployment_clean_val,full_chain_novad,WordRep,4,precision,0.6839237057220708
sep28k,deployment_deg_val,full_chain_novad,WordRep,4,precision,0.6923076923076923
sep28k,matched_retraining,full_chain_novad,WordRep,4,precision,0.6377118644067796
sep28k,majority_vote_fixed,full_chain_novad,WordRep,4,precision,0.44396551724137934
sep28k,deployment_fixed,full_chain_novad,WordRep,4,recall,0.6793349168646081
sep28k,deployment_clean_val,full_chain_novad,WordRep,4,recall,0.5961995249406176
sep28k,deployment_deg_val,full_chain_novad,WordRep,4,recall,0.5558194774346793
sep28k,matched_retraining,full_chain_novad,WordRep,4,recall,0.7149643705463183
sep28k,majority_vote_fixed,full_chain_novad,WordRep,4,recall,0.8015564202334631
sep28k,deployment_fixed,full_chain_novad,WordRep,4,auc,0.8453764171833926
sep28k,deployment_clean_val,full_chain_novad,WordRep,4,auc,0.8453764171833926
sep28k,deployment_deg_val,full_chain_novad,WordRep,4,auc,0.8453764171833926
sep28k,matched_retraining,full_chain_novad,WordRep,4,auc,0.8533068115309502
sep28k,majority_vote_fixed,full_chain_novad,WordRep,4,auc,0.8890746821344365
sep28k,deployment_fixed,full_chain_novad,WordRep,4,pr_auc,0.7035162549494178
sep28k,deployment_clean_val,full_chain_novad,WordRep,4,pr_auc,0.7035162549494178
sep28k,deployment_deg_val,full_chain_novad,WordRep,4,pr_auc,0.7035162549494178
sep28k,matched_retraining,full_chain_novad,WordRep,4,pr_auc,0.7041744789157853
sep28k,majority_vote_fixed,full_chain_novad,WordRep,4,pr_auc,0.6578333115197208
sep28k,deployment_fixed,full_chain_novad,WordRep,4,ece,0.1255866640448504
sep28k,deployment_clean_val,full_chain_novad,WordRep,4,ece,0.1255866640448504
sep28k,deployment_deg_val,full_chain_novad,WordRep,4,ece,0.1255866640448504
sep28k,matched_retraining,full_chain_novad,WordRep,4,ece,0.12307553479696881
sep28k,majority_vote_fixed,full_chain_novad,WordRep,4,ece,0.22795869900115498
sep28k,deployment_fixed,full_chain_novad,WordRep,4,brier,0.14580128256940741
sep28k,deployment_clean_val,full_chain_novad,WordRep,4,brier,0.14580128256940741
sep28k,deployment_deg_val,full_chain_novad,WordRep,4,brier,0.14580128256940741
sep28k,matched_retraining,full_chain_novad,WordRep,4,brier,0.1426129376971186
sep28k,majority_vote_fixed,full_chain_novad,WordRep,4,brier,0.14461298121645758
sep28k,deployment_fixed,full_chain_novad,Interjection,4,f1,0.7453125
sep28k,deployment_clean_val,full_chain_novad,Interjection,4,f1,0.745920745920746
sep28k,deployment_deg_val,full_chain_novad,Interjection,4,f1,0.7467282525019245
sep28k,matched_retraining,full_chain_novad,Interjection,4,f1,0.7512839325018342
sep28k,majority_vote_fixed,full_chain_novad,Interjection,4,f1,0.7168316831683168
sep28k,deployment_fixed,full_chain_novad,Interjection,4,precision,0.8266897746967071
sep28k,deployment_clean_val,full_chain_novad,Interjection,4,precision,0.821917808219178
sep28k,deployment_deg_val,full_chain_novad,Interjection,4,precision,0.8137583892617449
sep28k,matched_retraining,full_chain_novad,Interjection,4,precision,0.7757575757575758
sep28k,majority_vote_fixed,full_chain_novad,Interjection,4,precision,0.6273830155979203
sep28k,deployment_fixed,full_chain_novad,Interjection,4,recall,0.6785206258890469
sep28k,deployment_clean_val,full_chain_novad,Interjection,4,recall,0.6827880512091038
sep28k,deployment_deg_val,full_chain_novad,Interjection,4,recall,0.689900426742532
sep28k,matched_retraining,full_chain_novad,Interjection,4,recall,0.7283072546230441
sep28k,majority_vote_fixed,full_chain_novad,Interjection,4,recall,0.836027713625866
sep28k,deployment_fixed,full_chain_novad,Interjection,4,auc,0.8618854203421851
sep28k,deployment_clean_val,full_chain_novad,Interjection,4,auc,0.8618854203421851
sep28k,deployment_deg_val,full_chain_novad,Interjection,4,auc,0.8618854203421851
sep28k,matched_retraining,full_chain_novad,Interjection,4,auc,0.8690088718775564
sep28k,majority_vote_fixed,full_chain_novad,Interjection,4,auc,0.9049818541735402
sep28k,deployment_fixed,full_chain_novad,Interjection,4,pr_auc,0.8644648632128619
sep28k,deployment_clean_val,full_chain_novad,Interjection,4,pr_auc,0.8644648632128619
sep28k,deployment_deg_val,full_chain_novad,Interjection,4,pr_auc,0.8644648632128619
sep28k,matched_retraining,full_chain_novad,Interjection,4,pr_auc,0.8685878399153969
sep28k,majority_vote_fixed,full_chain_novad,Interjection,4,pr_auc,0.8256388002606999
sep28k,deployment_fixed,full_chain_novad,Interjection,4,ece,0.03565170320960216
sep28k,deployment_clean_val,full_chain_novad,Interjection,4,ece,0.03565170320960216
sep28k,deployment_deg_val,full_chain_novad,Interjection,4,ece,0.03565170320960216
sep28k,matched_retraining,full_chain_novad,Interjection,4,ece,0.04741022387964765
sep28k,majority_vote_fixed,full_chain_novad,Interjection,4,ece,0.17251779409763887
sep28k,deployment_fixed,full_chain_novad,Interjection,4,brier,0.14428672042430818
sep28k,deployment_clean_val,full_chain_novad,Interjection,4,brier,0.14428672042430818
sep28k,deployment_deg_val,full_chain_novad,Interjection,4,brier,0.14428672042430818
sep28k,matched_retraining,full_chain_novad,Interjection,4,brier,0.1430110291106698
sep28k,majority_vote_fixed,full_chain_novad,Interjection,4,brier,0.13591272766650525
sep28k,deployment_fixed,full_chain,Block,4,f1,0.5375091041514931
sep28k,deployment_clean_val,full_chain,Block,4,f1,0.618568894145476
sep28k,deployment_deg_val,full_chain,Block,4,f1,0.6579831932773109
sep28k,matched_retraining,full_chain,Block,4,f1,0.6108998732572877
sep28k,majority_vote_fixed,full_chain,Block,4,f1,0.3245192307692308
sep28k,deployment_fixed,full_chain,Block,4,precision,0.6254237288135593
sep28k,deployment_clean_val,full_chain,Block,4,precision,0.5759911894273128
sep28k,deployment_deg_val,full_chain,Block,4,precision,0.49029430181590483
sep28k,matched_retraining,full_chain,Block,4,precision,0.6062893081761006
sep28k,majority_vote_fixed,full_chain,Block,4,precision,0.2288135593220339
sep28k,deployment_fixed,full_chain,Block,4,recall,0.47126436781609193
sep28k,deployment_clean_val,full_chain,Block,4,recall,0.6679438058748404
sep28k,deployment_deg_val,full_chain,Block,4,recall,1.0
sep28k,matched_retraining,full_chain,Block,4,recall,0.6155810983397191
sep28k,majority_vote_fixed,full_chain,Block,4,recall,0.5578512396694215
sep28k,deployment_fixed,full_chain,Block,4,auc,0.6432508884616164
sep28k,deployment_clean_val,full_chain,Block,4,auc,0.6432508884616164
sep28k,deployment_deg_val,full_chain,Block,4,auc,0.6432508884616164
sep28k,matched_retraining,full_chain,Block,4,auc,0.658412823163781
sep28k,majority_vote_fixed,full_chain,Block,4,auc,0.6841668692270296
sep28k,deployment_fixed,full_chain,Block,4,pr_auc,0.6360507190819547
sep28k,deployment_clean_val,full_chain,Block,4,pr_auc,0.6360507190819547
sep28k,deployment_deg_val,full_chain,Block,4,pr_auc,0.6360507190819547
sep28k,matched_retraining,full_chain,Block,4,pr_auc,0.6367322465350369
sep28k,majority_vote_fixed,full_chain,Block,4,pr_auc,0.3024210450626422
sep28k,deployment_fixed,full_chain,Block,4,ece,0.08023148070208198
sep28k,deployment_clean_val,full_chain,Block,4,ece,0.08023148070208198
sep28k,deployment_deg_val,full_chain,Block,4,ece,0.08023148070208198
sep28k,matched_retraining,full_chain,Block,4,ece,0.03992490045476886
sep28k,majority_vote_fixed,full_chain,Block,4,ece,0.2939752898420011
sep28k,deployment_fixed,full_chain,Block,4,brier,0.24202775027466095
sep28k,deployment_clean_val,full_chain,Block,4,brier,0.24202775027466095
sep28k,deployment_deg_val,full_chain,Block,4,brier,0.24202775027466095
sep28k,matched_retraining,full_chain,Block,4,brier,0.2336830187210666
sep28k,majority_vote_fixed,full_chain,Block,4,brier,0.22163434791977946
sep28k,deployment_fixed,full_chain,Prolongation,4,f1,0.6416861826697893
sep28k,deployment_clean_val,full_chain,Prolongation,4,f1,0.6589928057553956
sep28k,deployment_deg_val,full_chain,Prolongation,4,f1,0.6548788474132285
sep28k,matched_retraining,full_chain,Prolongation,4,f1,0.6547711404189294
sep28k,majority_vote_fixed,full_chain,Prolongation,4,f1,0.3859250851305335
sep28k,deployment_fixed,full_chain,Prolongation,4,precision,0.6116071428571429
sep28k,deployment_clean_val,full_chain,Prolongation,4,precision,0.586427656850192
sep28k,deployment_deg_val,full_chain,Prolongation,4,precision,0.5446623093681917
sep28k,matched_retraining,full_chain,Prolongation,4,precision,0.6205882352941177
sep28k,majority_vote_fixed,full_chain,Prolongation,4,precision,0.25297619047619047
sep28k,deployment_fixed,full_chain,Prolongation,4,recall,0.6748768472906403
sep28k,deployment_clean_val,full_chain,Prolongation,4,recall,0.7520525451559934
sep28k,deployment_deg_val,full_chain,Prolongation,4,recall,0.8210180623973727
sep28k,matched_retraining,full_chain,Prolongation,4,recall,0.6929392446633826
sep28k,majority_vote_fixed,full_chain,Prolongation,4,recall,0.8133971291866029
sep28k,deployment_fixed,full_chain,Prolongation,4,auc,0.785657236120826
sep28k,deployment_clean_val,full_chain,Prolongation,4,auc,0.785657236120826
sep28k,deployment_deg_val,full_chain,Prolongation,4,auc,0.785657236120826
sep28k,matched_retraining,full_chain,Prolongation,4,auc,0.7897631532385152
sep28k,majority_vote_fixed,full_chain,Prolongation,4,auc,0.8076335196144772
sep28k,deployment_fixed,full_chain,Prolongation,4,pr_auc,0.7057792405428605
sep28k,deployment_clean_val,full_chain,Prolongation,4,pr_auc,0.7057792405428605
sep28k,deployment_deg_val,full_chain,Prolongation,4,pr_auc,0.7057792405428605
sep28k,matched_retraining,full_chain,Prolongation,4,pr_auc,0.7108411676180566
sep28k,majority_vote_fixed,full_chain,Prolongation,4,pr_auc,0.39670883057071676
sep28k,deployment_fixed,full_chain,Prolongation,4,ece,0.09033654714220057
sep28k,deployment_clean_val,full_chain,Prolongation,4,ece,0.09033654714220057
sep28k,deployment_deg_val,full_chain,Prolongation,4,ece,0.09033654714220057
sep28k,matched_retraining,full_chain,Prolongation,4,ece,0.09868268070788483
sep28k,majority_vote_fixed,full_chain,Prolongation,4,ece,0.32662195121601334
sep28k,deployment_fixed,full_chain,Prolongation,4,brier,0.19253396819045923
sep28k,deployment_clean_val,full_chain,Prolongation,4,brier,0.19253396819045923
sep28k,deployment_deg_val,full_chain,Prolongation,4,brier,0.19253396819045923
sep28k,matched_retraining,full_chain,Prolongation,4,brier,0.18783260420273698
sep28k,majority_vote_fixed,full_chain,Prolongation,4,brier,0.24184143112421722
sep28k,deployment_fixed,full_chain,SoundRep,4,f1,0.5778648383937316
sep28k,deployment_clean_val,full_chain,SoundRep,4,f1,0.5810055865921788
sep28k,deployment_deg_val,full_chain,SoundRep,4,f1,0.5791583166332666
sep28k,matched_retraining,full_chain,SoundRep,4,f1,0.5904404873477038
sep28k,majority_vote_fixed,full_chain,SoundRep,4,f1,0.3415977961432507
sep28k,deployment_fixed,full_chain,SoundRep,4,precision,0.5267857142857143
sep28k,deployment_clean_val,full_chain,SoundRep,4,precision,0.5089722675367048
sep28k,deployment_deg_val,full_chain,SoundRep,4,precision,0.5381750465549349
sep28k,matched_retraining,full_chain,SoundRep,4,precision,0.5198019801980198
sep28k,majority_vote_fixed,full_chain,SoundRep,4,precision,0.22142857142857142
sep28k,deployment_fixed,full_chain,SoundRep,4,recall,0.6399132321041214
sep28k,deployment_clean_val,full_chain,SoundRep,4,recall,0.6767895878524945
sep28k,deployment_deg_val,full_chain,SoundRep,4,recall,0.6268980477223427
sep28k,matched_retraining,full_chain,SoundRep,4,recall,0.6832971800433839
sep28k,majority_vote_fixed,full_chain,SoundRep,4,recall,0.7469879518072289
sep28k,deployment_fixed,full_chain,SoundRep,4,auc,0.7691050017015175
sep28k,deployment_clean_val,full_chain,SoundRep,4,auc,0.7691050017015175
sep28k,deployment_deg_val,full_chain,SoundRep,4,auc,0.7691050017015175
sep28k,matched_retraining,full_chain,SoundRep,4,auc,0.790751348381467
sep28k,majority_vote_fixed,full_chain,SoundRep,4,auc,0.7971607879987918
sep28k,deployment_fixed,full_chain,SoundRep,4,pr_auc,0.6123997990843387
sep28k,deployment_clean_val,full_chain,SoundRep,4,pr_auc,0.6123997990843387
sep28k,deployment_deg_val,full_chain,SoundRep,4,pr_auc,0.6123997990843387
sep28k,matched_retraining,full_chain,SoundRep,4,pr_auc,0.6393486311272296
sep28k,majority_vote_fixed,full_chain,SoundRep,4,pr_auc,0.3359502773625071
sep28k,deployment_fixed,full_chain,SoundRep,4,ece,0.12865025437551642
sep28k,deployment_clean_val,full_chain,SoundRep,4,ece,0.12865025437551642
sep28k,deployment_deg_val,full_chain,SoundRep,4,ece,0.12865025437551642
sep28k,matched_retraining,full_chain,SoundRep,4,ece,0.1550266011788361
sep28k,majority_vote_fixed,full_chain,SoundRep,4,ece,0.3035561428184602
sep28k,deployment_fixed,full_chain,SoundRep,4,brier,0.19097472173426158
sep28k,deployment_clean_val,full_chain,SoundRep,4,brier,0.19097472173426158
sep28k,deployment_deg_val,full_chain,SoundRep,4,brier,0.19097472173426158
sep28k,matched_retraining,full_chain,SoundRep,4,brier,0.18551263172748483
sep28k,majority_vote_fixed,full_chain,SoundRep,4,brier,0.21643063355989103
sep28k,deployment_fixed,full_chain,WordRep,4,f1,0.5955156950672645
sep28k,deployment_clean_val,full_chain,WordRep,4,f1,0.6116027531956736
sep28k,deployment_deg_val,full_chain,WordRep,4,f1,0.6056166056166056
sep28k,matched_retraining,full_chain,WordRep,4,f1,0.6297117516629712
sep28k,majority_vote_fixed,full_chain,WordRep,4,f1,0.4794952681388013
sep28k,deployment_fixed,full_chain,WordRep,4,precision,0.4783861671469741
sep28k,deployment_clean_val,full_chain,WordRep,4,precision,0.5218120805369127
sep28k,deployment_deg_val,full_chain,WordRep,4,precision,0.6231155778894473
sep28k,matched_retraining,full_chain,WordRep,4,precision,0.5904365904365905
sep28k,majority_vote_fixed,full_chain,WordRep,4,precision,0.3285302593659942
sep28k,deployment_fixed,full_chain,WordRep,4,recall,0.7885985748218527
sep28k,deployment_clean_val,full_chain,WordRep,4,recall,0.7387173396674585
sep28k,deployment_deg_val,full_chain,WordRep,4,recall,0.5890736342042755
sep28k,matched_retraining,full_chain,WordRep,4,recall,0.6745843230403801
sep28k,majority_vote_fixed,full_chain,WordRep,4,recall,0.8871595330739299
sep28k,deployment_fixed,full_chain,WordRep,4,auc,0.8161306996566782
sep28k,deployment_clean_val,full_chain,WordRep,4,auc,0.8161306996566782
sep28k,deployment_deg_val,full_chain,WordRep,4,auc,0.8161306996566782
sep28k,matched_retraining,full_chain,WordRep,4,auc,0.8389625121429763
sep28k,majority_vote_fixed,full_chain,WordRep,4,auc,0.8657370575557259
sep28k,deployment_fixed,full_chain,WordRep,4,pr_auc,0.6642980844697387
sep28k,deployment_clean_val,full_chain,WordRep,4,pr_auc,0.6642980844697387
sep28k,deployment_deg_val,full_chain,WordRep,4,pr_auc,0.6642980844697387
sep28k,matched_retraining,full_chain,WordRep,4,pr_auc,0.694733317812008
sep28k,majority_vote_fixed,full_chain,WordRep,4,pr_auc,0.6051698883744825
sep28k,deployment_fixed,full_chain,WordRep,4,ece,0.208956339929016
sep28k,deployment_clean_val,full_chain,WordRep,4,ece,0.208956339929016
sep28k,deployment_deg_val,full_chain,WordRep,4,ece,0.208956339929016
sep28k,matched_retraining,full_chain,WordRep,4,ece,0.12383534363713866
sep28k,majority_vote_fixed,full_chain,WordRep,4,ece,0.3113283748853206
sep28k,deployment_fixed,full_chain,WordRep,4,brier,0.19825016829223593
sep28k,deployment_clean_val,full_chain,WordRep,4,brier,0.19825016829223593
sep28k,deployment_deg_val,full_chain,WordRep,4,brier,0.19825016829223593
sep28k,matched_retraining,full_chain,WordRep,4,brier,0.14793645606071415
sep28k,majority_vote_fixed,full_chain,WordRep,4,brier,0.21861292882923666
sep28k,deployment_fixed,full_chain,Interjection,4,f1,0.7555875991348233
sep28k,deployment_clean_val,full_chain,Interjection,4,f1,0.7559055118110236
sep28k,deployment_deg_val,full_chain,Interjection,4,f1,0.7425968109339408
sep28k,matched_retraining,full_chain,Interjection,4,f1,0.7481804949053857
sep28k,majority_vote_fixed,full_chain,Interjection,4,f1,0.6768128916741272
sep28k,deployment_fixed,full_chain,Interjection,4,precision,0.7660818713450293
sep28k,deployment_clean_val,full_chain,Interjection,4,precision,0.760806916426513
sep28k,deployment_deg_val,full_chain,Interjection,4,precision,0.7964169381107492
sep28k,matched_retraining,full_chain,Interjection,4,precision,0.7660208643815202
sep28k,majority_vote_fixed,full_chain,Interjection,4,precision,0.5526315789473685
sep28k,deployment_fixed,full_chain,Interjection,4,recall,0.7453769559032717
sep28k,deployment_clean_val,full_chain,Interjection,4,recall,0.7510668563300142
sep28k,deployment_deg_val,full_chain,Interjection,4,recall,0.6955903271692745
sep28k,matched_retraining,full_chain,Interjection,4,recall,0.7311522048364154
sep28k,majority_vote_fixed,full_chain,Interjection,4,recall,0.8729792147806005
sep28k,deployment_fixed,full_chain,Interjection,4,auc,0.8573047023957392
sep28k,deployment_clean_val,full_chain,Interjection,4,auc,0.8573047023957392
sep28k,deployment_deg_val,full_chain,Interjection,4,auc,0.8573047023957392
sep28k,matched_retraining,full_chain,Interjection,4,auc,0.8577683121913553
sep28k,majority_vote_fixed,full_chain,Interjection,4,auc,0.8990511224334571
sep28k,deployment_fixed,full_chain,Interjection,4,pr_auc,0.8545178008465543
sep28k,deployment_clean_val,full_chain,Interjection,4,pr_auc,0.8545178008465543
sep28k,deployment_deg_val,full_chain,Interjection,4,pr_auc,0.8545178008465543
sep28k,matched_retraining,full_chain,Interjection,4,pr_auc,0.8600108959044075
sep28k,majority_vote_fixed,full_chain,Interjection,4,pr_auc,0.8133382298412777
sep28k,deployment_fixed,full_chain,Interjection,4,ece,0.05589559549550542
sep28k,deployment_clean_val,full_chain,Interjection,4,ece,0.05589559549550542
sep28k,deployment_deg_val,full_chain,Interjection,4,ece,0.05589559549550542
sep28k,matched_retraining,full_chain,Interjection,4,ece,0.04232600149648419
sep28k,majority_vote_fixed,full_chain,Interjection,4,ece,0.20865509611031047
sep28k,deployment_fixed,full_chain,Interjection,4,brier,0.15185763651605869
sep28k,deployment_clean_val,full_chain,Interjection,4,brier,0.15185763651605869
sep28k,deployment_deg_val,full_chain,Interjection,4,brier,0.15185763651605869
sep28k,matched_retraining,full_chain,Interjection,4,brier,0.14751709677165065
sep28k,majority_vote_fixed,full_chain,Interjection,4,brier,0.16749559007695133
sep28k,deployment_fixed,random_del_30pct,Block,4,f1,0.6563245823389021
sep28k,deployment_clean_val,random_del_30pct,Block,4,f1,0.6710794297352343
sep28k,deployment_deg_val,random_del_30pct,Block,4,f1,0.6679298910468972
sep28k,matched_retraining,random_del_30pct,Block,4,f1,0.6258675078864353
sep28k,majority_vote_fixed,random_del_30pct,Block,4,f1,0.345374449339207
sep28k,deployment_fixed,random_del_30pct,Block,4,precision,0.6159014557670772
sep28k,deployment_clean_val,random_del_30pct,Block,4,precision,0.5580016934801016
sep28k,deployment_deg_val,random_del_30pct,Block,4,precision,0.5308734939759037
sep28k,matched_retraining,random_del_30pct,Block,4,precision,0.6184538653366584
sep28k,majority_vote_fixed,random_del_30pct,Block,4,precision,0.21948488241881298
sep28k,deployment_fixed,random_del_30pct,Block,4,recall,0.70242656449553
sep28k,deployment_clean_val,random_del_30pct,Block,4,recall,0.8416347381864623
sep28k,deployment_deg_val,random_del_30pct,Block,4,recall,0.9003831417624522
sep28k,matched_retraining,random_del_30pct,Block,4,recall,0.6334610472541508
sep28k,majority_vote_fixed,random_del_30pct,Block,4,recall,0.8099173553719008
sep28k,deployment_fixed,random_del_30pct,Block,4,auc,0.6864646634761576
sep28k,deployment_clean_val,random_del_30pct,Block,4,auc,0.6864646634761576
sep28k,deployment_deg_val,random_del_30pct,Block,4,auc,0.6864646634761576
sep28k,matched_retraining,random_del_30pct,Block,4,auc,0.6915856954171129
sep28k,majority_vote_fixed,random_del_30pct,Block,4,auc,0.7108562226543509
sep28k,deployment_fixed,random_del_30pct,Block,4,pr_auc,0.6623688713948768
sep28k,deployment_clean_val,random_del_30pct,Block,4,pr_auc,0.6623688713948768
sep28k,deployment_deg_val,random_del_30pct,Block,4,pr_auc,0.6623688713948768
sep28k,matched_retraining,random_del_30pct,Block,4,pr_auc,0.6674696129808999
sep28k,majority_vote_fixed,random_del_30pct,Block,4,pr_auc,0.3024504190779881
sep28k,deployment_fixed,random_del_30pct,Block,4,ece,0.06250068791387033
sep28k,deployment_clean_val,random_del_30pct,Block,4,ece,0.06250068791387033
sep28k,deployment_deg_val,random_del_30pct,Block,4,ece,0.06250068791387033
sep28k,matched_retraining,random_del_30pct,Block,4,ece,0.044317162208902916
sep28k,majority_vote_fixed,random_del_30pct,Block,4,ece,0.37815889750386317
sep28k,deployment_fixed,random_del_30pct,Block,4,brier,0.22793169202278848
sep28k,deployment_clean_val,random_del_30pct,Block,4,brier,0.22793169202278848
sep28k,deployment_deg_val,random_del_30pct,Block,4,brier,0.22793169202278848
sep28k,matched_retraining,random_del_30pct,Block,4,brier,0.22396356143309334
sep28k,majority_vote_fixed,random_del_30pct,Block,4,brier,0.27530682404959395
sep28k,deployment_fixed,random_del_30pct,Prolongation,4,f1,0.6552655265526552
sep28k,deployment_clean_val,random_del_30pct,Prolongation,4,f1,0.6646058732612056
sep28k,deployment_deg_val,random_del_30pct,Prolongation,4,f1,0.6733812949640288
sep28k,matched_retraining,random_del_30pct,Prolongation,4,f1,0.6651480637813212
sep28k,majority_vote_fixed,random_del_30pct,Prolongation,4,f1,0.4613220815752461
sep28k,deployment_fixed,random_del_30pct,Prolongation,4,precision,0.7250996015936255
sep28k,deployment_clean_val,random_del_30pct,Prolongation,4,precision,0.6277372262773723
sep28k,deployment_deg_val,random_del_30pct,Prolongation,4,precision,0.5992317541613317
sep28k,matched_retraining,random_del_30pct,Prolongation,4,precision,0.6186440677966102
sep28k,majority_vote_fixed,random_del_30pct,Prolongation,4,precision,0.32669322709163345
sep28k,deployment_fixed,random_del_30pct,Prolongation,4,recall,0.5977011494252874
sep28k,deployment_clean_val,random_del_30pct,Prolongation,4,recall,0.7060755336617406
sep28k,deployment_deg_val,random_del_30pct,Prolongation,4,recall,0.7684729064039408
sep28k,matched_retraining,random_del_30pct,Prolongation,4,recall,0.7192118226600985
sep28k,majority_vote_fixed,random_del_30pct,Prolongation,4,recall,0.784688995215311
sep28k,deployment_fixed,random_del_30pct,Prolongation,4,auc,0.7977930902193846
sep28k,deployment_clean_val,random_del_30pct,Prolongation,4,auc,0.7977930902193846
sep28k,deployment_deg_val,random_del_30pct,Prolongation,4,auc,0.7977930902193846
sep28k,matched_retraining,random_del_30pct,Prolongation,4,auc,0.8037014437681174
sep28k,majority_vote_fixed,random_del_30pct,Prolongation,4,auc,0.8445714560499009
sep28k,deployment_fixed,random_del_30pct,Prolongation,4,pr_auc,0.7271824792878999
sep28k,deployment_clean_val,random_del_30pct,Prolongation,4,pr_auc,0.7271824792878999
sep28k,deployment_deg_val,random_del_30pct,Prolongation,4,pr_auc,0.7271824792878999
sep28k,matched_retraining,random_del_30pct,Prolongation,4,pr_auc,0.7244657309301792
sep28k,majority_vote_fixed,random_del_30pct,Prolongation,4,pr_auc,0.5029345821400885
sep28k,deployment_fixed,random_del_30pct,Prolongation,4,ece,0.0339137384817978
sep28k,deployment_clean_val,random_del_30pct,Prolongation,4,ece,0.0339137384817978
sep28k,deployment_deg_val,random_del_30pct,Prolongation,4,ece,0.0339137384817978
sep28k,matched_retraining,random_del_30pct,Prolongation,4,ece,0.10453248728021763
sep28k,majority_vote_fixed,random_del_30pct,Prolongation,4,ece,0.2724948236236568
sep28k,deployment_fixed,random_del_30pct,Prolongation,4,brier,0.17272725770644431
sep28k,deployment_clean_val,random_del_30pct,Prolongation,4,brier,0.17272725770644431
sep28k,deployment_deg_val,random_del_30pct,Prolongation,4,brier,0.17272725770644431
sep28k,matched_retraining,random_del_30pct,Prolongation,4,brier,0.1830864801614362
sep28k,majority_vote_fixed,random_del_30pct,Prolongation,4,brier,0.1757775527276703
sep28k,deployment_fixed,random_del_30pct,SoundRep,4,f1,0.6219512195121951
sep28k,deployment_clean_val,random_del_30pct,SoundRep,4,f1,0.6103363412633306
sep28k,deployment_deg_val,random_del_30pct,SoundRep,4,f1,0.6332404828226555
sep28k,matched_retraining,random_del_30pct,SoundRep,4,f1,0.62756052141527
sep28k,majority_vote_fixed,random_del_30pct,SoundRep,4,f1,0.3516998827667057
sep28k,deployment_fixed,random_del_30pct,SoundRep,4,precision,0.519650655021834
sep28k,deployment_clean_val,random_del_30pct,SoundRep,4,precision,0.49076517150395776
sep28k,deployment_deg_val,random_del_30pct,SoundRep,4,precision,0.5535714285714286
sep28k,matched_retraining,random_del_30pct,SoundRep,4,precision,0.5497553017944535
sep28k,majority_vote_fixed,random_del_30pct,SoundRep,4,precision,0.2183406113537118
sep28k,deployment_fixed,random_del_30pct,SoundRep,4,recall,0.7744034707158352
sep28k,deployment_clean_val,random_del_30pct,SoundRep,4,recall,0.806941431670282
sep28k,deployment_deg_val,random_del_30pct,SoundRep,4,recall,0.7396963123644251
sep28k,matched_retraining,random_del_30pct,SoundRep,4,recall,0.7310195227765727
sep28k,majority_vote_fixed,random_del_30pct,SoundRep,4,recall,0.9036144578313253
sep28k,deployment_fixed,random_del_30pct,SoundRep,4,auc,0.8172398911789142
sep28k,deployment_clean_val,random_del_30pct,SoundRep,4,auc,0.8172398911789142
sep28k,deployment_deg_val,random_del_30pct,SoundRep,4,auc,0.8172398911789142
sep28k,matched_retraining,random_del_30pct,SoundRep,4,auc,0.8198216353200849
sep28k,majority_vote_fixed,random_del_30pct,SoundRep,4,auc,0.8453283887639697
sep28k,deployment_fixed,random_del_30pct,SoundRep,4,pr_auc,0.6524674151581162
sep28k,deployment_clean_val,random_del_30pct,SoundRep,4,pr_auc,0.6524674151581162
sep28k,deployment_deg_val,random_del_30pct,SoundRep,4,pr_auc,0.6524674151581162
sep28k,matched_retraining,random_del_30pct,SoundRep,4,pr_auc,0.6699909204316421
sep28k,majority_vote_fixed,random_del_30pct,SoundRep,4,pr_auc,0.33153026496299826
sep28k,deployment_fixed,random_del_30pct,SoundRep,4,ece,0.17571883355575302
sep28k,deployment_clean_val,random_del_30pct,SoundRep,4,ece,0.17571883355575302
sep28k,deployment_deg_val,random_del_30pct,SoundRep,4,ece,0.17571883355575302
sep28k,matched_retraining,random_del_30pct,SoundRep,4,ece,0.15091344882271288
sep28k,majority_vote_fixed,random_del_30pct,SoundRep,4,ece,0.3598636525320327
sep28k,deployment_fixed,random_del_30pct,SoundRep,4,brier,0.1868043985177225
sep28k,deployment_clean_val,random_del_30pct,SoundRep,4,brier,0.1868043985177225
sep28k,deployment_deg_val,random_del_30pct,SoundRep,4,brier,0.1868043985177225
sep28k,matched_retraining,random_del_30pct,SoundRep,4,brier,0.17380666885069132
sep28k,majority_vote_fixed,random_del_30pct,SoundRep,4,brier,0.2419482202084241
sep28k,deployment_fixed,random_del_30pct,WordRep,4,f1,0.6204620462046204
sep28k,deployment_clean_val,random_del_30pct,WordRep,4,f1,0.6255924170616114
sep28k,deployment_deg_val,random_del_30pct,WordRep,4,f1,0.6255924170616114
sep28k,matched_retraining,random_del_30pct,WordRep,4,f1,0.653551912568306
sep28k,majority_vote_fixed,random_del_30pct,WordRep,4,f1,0.5557046979865772
sep28k,deployment_fixed,random_del_30pct,WordRep,4,precision,0.5778688524590164
sep28k,deployment_clean_val,random_del_30pct,WordRep,4,precision,0.624113475177305
sep28k,deployment_deg_val,random_del_30pct,WordRep,4,precision,0.624113475177305
sep28k,matched_retraining,random_del_30pct,WordRep,4,precision,0.6052631578947368
sep28k,majority_vote_fixed,random_del_30pct,WordRep,4,precision,0.42418032786885246
sep28k,deployment_fixed,random_del_30pct,WordRep,4,recall,0.669833729216152
sep28k,deployment_clean_val,random_del_30pct,WordRep,4,recall,0.6270783847980997
sep28k,deployment_deg_val,random_del_30pct,WordRep,4,recall,0.6270783847980997
sep28k,matched_retraining,random_del_30pct,WordRep,4,recall,0.7102137767220903
sep28k,majority_vote_fixed,random_del_30pct,WordRep,4,recall,0.8054474708171206
sep28k,deployment_fixed,random_del_30pct,WordRep,4,auc,0.8179488778180253
sep28k,deployment_clean_val,random_del_30pct,WordRep,4,auc,0.8179488778180253
sep28k,deployment_deg_val,random_del_30pct,WordRep,4,auc,0.8179488778180253
sep28k,matched_retraining,random_del_30pct,WordRep,4,auc,0.8477879167580114
sep28k,majority_vote_fixed,random_del_30pct,WordRep,4,auc,0.8648026268207657
sep28k,deployment_fixed,random_del_30pct,WordRep,4,pr_auc,0.6765588689779961
sep28k,deployment_clean_val,random_del_30pct,WordRep,4,pr_auc,0.6765588689779961
sep28k,deployment_deg_val,random_del_30pct,WordRep,4,pr_auc,0.6765588689779961
sep28k,matched_retraining,random_del_30pct,WordRep,4,pr_auc,0.705032507112463
sep28k,majority_vote_fixed,random_del_30pct,WordRep,4,pr_auc,0.6109292333177936
sep28k,deployment_fixed,random_del_30pct,WordRep,4,ece,0.116040163154417
sep28k,deployment_clean_val,random_del_30pct,WordRep,4,ece,0.116040163154417
sep28k,deployment_deg_val,random_del_30pct,WordRep,4,ece,0.116040163154417
sep28k,matched_retraining,random_del_30pct,WordRep,4,ece,0.13067874800256216
sep28k,majority_vote_fixed,random_del_30pct,WordRep,4,ece,0.21354410415009048
sep28k,deployment_fixed,random_del_30pct,WordRep,4,brier,0.15522789220015876
sep28k,deployment_clean_val,random_del_30pct,WordRep,4,brier,0.15522789220015876
sep28k,deployment_deg_val,random_del_30pct,WordRep,4,brier,0.15522789220015876
sep28k,matched_retraining,random_del_30pct,WordRep,4,brier,0.14624006477193216
sep28k,majority_vote_fixed,random_del_30pct,WordRep,4,brier,0.154090711651417
sep28k,deployment_fixed,random_del_30pct,Interjection,4,f1,0.7324343506032647
sep28k,deployment_clean_val,random_del_30pct,Interjection,4,f1,0.7361013370865588
sep28k,deployment_deg_val,random_del_30pct,Interjection,4,f1,0.7324343506032647
sep28k,matched_retraining,random_del_30pct,Interjection,4,f1,0.7453600593912398
sep28k,majority_vote_fixed,random_del_30pct,Interjection,4,f1,0.6707638279192274
sep28k,deployment_fixed,random_del_30pct,Interjection,4,precision,0.7308781869688386
sep28k,deployment_clean_val,random_del_30pct,Interjection,4,precision,0.7284122562674095
sep28k,deployment_deg_val,random_del_30pct,Interjection,4,precision,0.7308781869688386
sep28k,matched_retraining,random_del_30pct,Interjection,4,precision,0.7795031055900621
sep28k,majority_vote_fixed,random_del_30pct,Interjection,4,precision,0.5410764872521246
sep28k,deployment_fixed,random_del_30pct,Interjection,4,recall,0.7339971550497866
sep28k,deployment_clean_val,random_del_30pct,Interjection,4,recall,0.7439544807965861
sep28k,deployment_deg_val,random_del_30pct,Interjection,4,recall,0.7339971550497866
sep28k,matched_retraining,random_del_30pct,Interjection,4,recall,0.7140825035561877
sep28k,majority_vote_fixed,random_del_30pct,Interjection,4,recall,0.8822170900692841
sep28k,deployment_fixed,random_del_30pct,Interjection,4,auc,0.8441353360854561
sep28k,deployment_clean_val,random_del_30pct,Interjection,4,auc,0.8441353360854561
sep28k,deployment_deg_val,random_del_30pct,Interjection,4,auc,0.8441353360854561
sep28k,matched_retraining,random_del_30pct,Interjection,4,auc,0.8569819160533989
sep28k,majority_vote_fixed,random_del_30pct,Interjection,4,auc,0.8989562939446082
sep28k,deployment_fixed,random_del_30pct,Interjection,4,pr_auc,0.8454603155214491
sep28k,deployment_clean_val,random_del_30pct,Interjection,4,pr_auc,0.8454603155214491
sep28k,deployment_deg_val,random_del_30pct,Interjection,4,pr_auc,0.8454603155214491
sep28k,matched_retraining,random_del_30pct,Interjection,4,pr_auc,0.856684779346264
sep28k,majority_vote_fixed,random_del_30pct,Interjection,4,pr_auc,0.8196294097751327
sep28k,deployment_fixed,random_del_30pct,Interjection,4,ece,0.05849117206062506
sep28k,deployment_clean_val,random_del_30pct,Interjection,4,ece,0.05849117206062506
sep28k,deployment_deg_val,random_del_30pct,Interjection,4,ece,0.05849117206062506
sep28k,matched_retraining,random_del_30pct,Interjection,4,ece,0.039857894411380976
sep28k,majority_vote_fixed,random_del_30pct,Interjection,4,ece,0.22657508958724762
sep28k,deployment_fixed,random_del_30pct,Interjection,4,brier,0.1584312757602281
sep28k,deployment_clean_val,random_del_30pct,Interjection,4,brier,0.1584312757602281
sep28k,deployment_deg_val,random_del_30pct,Interjection,4,brier,0.1584312757602281
sep28k,matched_retraining,random_del_30pct,Interjection,4,brier,0.14888838768631021
sep28k,majority_vote_fixed,random_del_30pct,Interjection,4,brier,0.1669566968995147
